pair_type,soft_score,topic_1,text_1,text_2
different_topic,0.42541084207337476,waste_separation,We Berliners should take the chance and become pioneers in waste separation!,"Higher fines are therefore the right measure against negligent, lazy or simply thoughtless dog owners."
different_topic,0.31941319289414777,waste_separation,We Berliners should take the chance and become pioneers in waste separation!,Health insurance companies should not cover treatment in complementary medicine
different_topic,0.48872976578198946,waste_separation,We Berliners should take the chance and become pioneers in waste separation!,"Nevertheless, everybody should contribute to the funding of the public broadcasters in equal measure,"
different_topic,0.541137066380731,waste_separation,We Berliners should take the chance and become pioneers in waste separation!,Intelligence services must urgently be regulated more tightly by parliament;
different_topic,0.3897112968067328,waste_separation,We Berliners should take the chance and become pioneers in waste separation!,The death penalty is a legal means that as such is not practicable in Germany.
different_topic,0.49034954951359677,waste_separation,We Berliners should take the chance and become pioneers in waste separation!,That's why causing such obstacles must to be more urgently punished.
different_topic,0.4503848266601562,waste_separation,We Berliners should take the chance and become pioneers in waste separation!,That's why a visit to the doctor and professional advice should remain mandatory.
different_topic,0.4854690712925635,waste_separation,We Berliners should take the chance and become pioneers in waste separation!,It is unfair and unjustifiable that new tenants have to pay a much higher rent than previous residents.
different_topic,0.4048016766707102,waste_separation,We Berliners should take the chance and become pioneers in waste separation!,"Alternative treatments should be subsidized in the same way as conventional treatments,"
different_topic,0.5674963563680648,waste_separation,We Berliners should take the chance and become pioneers in waste separation!,For dog dirt left on the pavement dog owners should by all means pay a bit more.
different_topic,0.36905736993584365,waste_separation,We Berliners should take the chance and become pioneers in waste separation!,"A simply designed practical outfit would even out the overall visual image of a school, and direct attention towards the character and achievements of the students - and not their buying power."
different_topic,0.3362521752715111,waste_separation,We Berliners should take the chance and become pioneers in waste separation!,Health insurance companies should naturally cover alternative medical treatments.
different_topic,0.48071559619259197,waste_separation,We Berliners should take the chance and become pioneers in waste separation!,"Actually only those people should pay a TV & radio licence fee who really watch ARD, ZDF, Arte etc."
different_topic,0.41490719384617275,waste_separation,We Berliners should take the chance and become pioneers in waste separation!,"Well, I as an employee find it very practical to be able to shop at least on weekends."
different_topic,0.3835934789284416,waste_separation,We Berliners should take the chance and become pioneers in waste separation!,It would therefore be wise to adjust the required effort for final theses accordingly.
different_topic,0.2883269434625452,waste_separation,We Berliners should take the chance and become pioneers in waste separation!,Rent prices should be limited by a cap when there's a change of tenant.
different_topic,0.37730689764022823,waste_separation,We Berliners should take the chance and become pioneers in waste separation!,Therefore no unproven and unrecognized treatments by naturopaths should be reimbursed by the insurance companies.
different_topic,0.3217735005461651,waste_separation,We Berliners should take the chance and become pioneers in waste separation!,Tax data that are not made available for free should therefore not be acquired by the state.
different_topic,0.5420246774500067,waste_separation,We Berliners should take the chance and become pioneers in waste separation!,computer games should also not be recognized as Olympic events.
different_topic,0.3189222791365215,waste_separation,We Berliners should take the chance and become pioneers in waste separation!,Tuition fees should not be charged in Germany.
different_topic,0.5657095483371191,waste_separation,We Berliners should take the chance and become pioneers in waste separation!,"No, the retirement age should be raised to 65 again."
different_topic,0.47515052816142206,waste_separation,We Berliners should take the chance and become pioneers in waste separation!,That's why Germany should not introduce capital punishment!
different_topic,0.38987768269502193,waste_separation,We Berliners should take the chance and become pioneers in waste separation!,A stop must be put to exorbitant rents by imposing a limit on rent increases when changing residences.
different_topic,0.46480049910368737,waste_separation,We Berliners should take the chance and become pioneers in waste separation!,A reduction in the amount of chemically produced medication per person is most certainly desirable.
different_topic,0.4148346402549318,waste_separation,We Berliners should take the chance and become pioneers in waste separation!,The statutory health insurance companies should also cover treatments with non-medical and alternative practitioners.
different_topic,0.27083408534526826,waste_separation,We Berliners should take the chance and become pioneers in waste separation!,The death penalty should be abandoned everywhere.
different_topic,0.39171189844608306,waste_separation,We Berliners should take the chance and become pioneers in waste separation!,The universities in Germany should not under any circumstances charge tuition fees.
different_topic,0.4038742732788835,waste_separation,We Berliners should take the chance and become pioneers in waste separation!,The TV/radio licence fee can only be required of all citizens/households equally.
different_topic,0.3227826044673011,waste_separation,We Berliners should take the chance and become pioneers in waste separation!,School uniforms should not be worn in our schools.
different_topic,0.45876216629277106,waste_separation,We Berliners should take the chance and become pioneers in waste separation!,"One should not re-introduce capital punishment in Germany,"
different_topic,0.5209803938865661,waste_separation,We Berliners should take the chance and become pioneers in waste separation!,There should be a higher fine for dog dirt on the pavement.
different_topic,0.4938224454720815,waste_separation,We Berliners should take the chance and become pioneers in waste separation!,"I find the peripheral housing development at Tempelhofer Feld right for urban planning reasons,"
different_topic,0.23676190915561857,waste_separation,We Berliners should take the chance and become pioneers in waste separation!,Tuition fees should not generally be charged by universities.
different_topic,0.42735521282468525,waste_separation,We Berliners should take the chance and become pioneers in waste separation!,The health insurance companies ought to be enabled to recognize a doctor's decision for natural treatment and also to cover it.
different_topic,0.4627938812429255,waste_separation,We Berliners should take the chance and become pioneers in waste separation!,Video games ought to be included in the ranks of Olympic events.
different_topic,0.4949427700042725,waste_separation,We Berliners should take the chance and become pioneers in waste separation!,"including planning abilities, reaction time, and reasoning to name but a few."
different_topic,0.4896145915162974,waste_separation,We Berliners should take the chance and become pioneers in waste separation!,The morning-after pill ought to be available over-the-counter in pharmacies.
different_topic,0.3884675854986364,waste_separation,We Berliners should take the chance and become pioneers in waste separation!,School uniforms should be introduced in our schools again.
different_topic,0.515846644838651,waste_separation,We Berliners should take the chance and become pioneers in waste separation!,The EU should exert influence on the political events in Ukraine.
different_topic,0.5452796132476242,waste_separation,We Berliners should take the chance and become pioneers in waste separation!,There should be much higher fines for dog dirt left on pavements.
different_topic,0.42282852751237376,waste_separation,We Berliners should take the chance and become pioneers in waste separation!,Secret services must be more tightly regulated in order to prevent excessive surveillance.
different_topic,0.22813786705955863,waste_separation,We Berliners should take the chance and become pioneers in waste separation!,dispensing it without medical advice would be inappropriate.
different_topic,0.4176584753123196,waste_separation,We Berliners should take the chance and become pioneers in waste separation!,For instance the morning-after pill could result in a decrease in the use of condoms and thus lead to an increase in new infections with Aids.
different_topic,0.5983516266569495,waste_separation,We Berliners should take the chance and become pioneers in waste separation!,As a central airport Berlin Tegel is particularly attractive for business travellers and should by all means remain operational.
different_topic,0.36417635186360436,waste_separation,We Berliners should take the chance and become pioneers in waste separation!,Acquiring CDs with tax data of tax delinquents is therefore out of the question.
different_topic,0.3546839499473572,waste_separation,We Berliners should take the chance and become pioneers in waste separation!,That's why intelligence services must be regulated in the framework of parliamentary oversight committees.
different_topic,0.4170172500970034,waste_separation,We Berliners should take the chance and become pioneers in waste separation!,The morning-after pill should only be prescribed after counselling by a physician or pharmacist.
different_topic,0.3932329759649608,waste_separation,We Berliners should take the chance and become pioneers in waste separation!,Therefore universities should not charge tuition fees in Germany.
different_topic,0.5465706448102821,waste_separation,We Berliners should take the chance and become pioneers in waste separation!,Due to the many random factors the bachelor thesis should not play a bigger role.
different_topic,0.37226235151290893,waste_separation,We Berliners should take the chance and become pioneers in waste separation!,Raising the relative retirement age on the basis of the physical fitness of the average citizen is fair.
different_topic,0.4900322380391034,waste_separation,We Berliners should take the chance and become pioneers in waste separation!,For these reasons supermarkets and shopping centres should not be allowed to be open for business on arbitrary Sundays and holidays.
different_topic,0.4951894187501499,waste_separation,We Berliners should take the chance and become pioneers in waste separation!,the statutory retirement age should in the future not remain at 63 years.
different_topic,0.4916099848655554,waste_separation,We Berliners should take the chance and become pioneers in waste separation!,That's why the statutory health insurance companies should not cover such treatments.
different_topic,0.5329255590622779,waste_separation,We Berliners should take the chance and become pioneers in waste separation!,"If however one could find a compromise between green space and housing, then Tempelhofer Feld should definitely be made available for residential construction."
different_topic,0.5046439860016109,waste_separation,We Berliners should take the chance and become pioneers in waste separation!,I argue categorically in favour of over-the-counter availability of the morning-after pill in pharmacies.
different_topic,0.4960732378742911,waste_separation,We Berliners should take the chance and become pioneers in waste separation!,the EU should intervene right away.
different_topic,0.5149996319124776,waste_separation,We Berliners should take the chance and become pioneers in waste separation!,"Especially now, as there is a lack of skilled labour, it's irresponsible for the economy and prosperity to retire at 63."
different_topic,0.44470139344533294,waste_separation,We Berliners should take the chance and become pioneers in waste separation!,It would be fair to make them into an Olympic event.
different_topic,0.5239613237125533,waste_separation,We Berliners should take the chance and become pioneers in waste separation!,A cap on rent increases upon tenant change is therefore not to be supported.
different_topic,0.5033652298152447,waste_separation,We Berliners should take the chance and become pioneers in waste separation!,Opening on Sundays and holidays would therefore help both customers and shops.
different_topic,0.48148991891316006,waste_separation,We Berliners should take the chance and become pioneers in waste separation!,Higher penalties for dog dirt are pointless as long as there is not enough personnel to enforce them.
different_topic,0.4483122968673707,waste_separation,We Berliners should take the chance and become pioneers in waste separation!,I am not of the opinion that the retirement age should be set at 63 years.
different_topic,0.3903504490852356,waste_separation,We Berliners should take the chance and become pioneers in waste separation!,"After the new BER Airport has been commissioned, Tegel should definitely be closed."
different_topic,0.40753451119298517,waste_separation,We Berliners should take the chance and become pioneers in waste separation!,Not everyone should be obliged to pay the TV & radio licence.
different_topic,0.40739363014698027,waste_separation,We Berliners should take the chance and become pioneers in waste separation!,Actually it would be justified if all German universities charged tuition fees.
different_topic,0.40035454734511994,waste_separation,We Berliners should take the chance and become pioneers in waste separation!,Current regulations for the calculation of the total grade should therefore be maintained.
different_topic,0.472768655916055,waste_separation,We Berliners should take the chance and become pioneers in waste separation!,Supermarkets and shopping centres should be allowed to open on any Sundays and holidays.
different_topic,0.45548190176486975,waste_separation,We Berliners should take the chance and become pioneers in waste separation!,"Many European countries, for instance the Netherlands, Sweden and Great Britain, have already understood this and successfully adjusted the opening hours for retailers."
different_topic,0.278362234433492,waste_separation,We Berliners should take the chance and become pioneers in waste separation!,We don't need it.
different_topic,0.46651131924121614,waste_separation,We Berliners should take the chance and become pioneers in waste separation!,Supermarkets and shopping centres should be allowed to open any Sundays and holidays at their discretion.
different_topic,0.5707266414538027,waste_separation,We Berliners should take the chance and become pioneers in waste separation!,"If there were higher fines for leaving dog dirt on pavements, there would presumably be less dog dirt,"
different_topic,0.5848471304545035,waste_separation,We Berliners should take the chance and become pioneers in waste separation!,Germany should by no means introduce capital punishment.
different_topic,0.4539229099949201,waste_separation,We Berliners should take the chance and become pioneers in waste separation!,"Considering what's on television these days, it would be appropriate to only have those people pay who actually (want to) follow the programming."
different_topic,0.4939917866830473,waste_separation,We Berliners should take the chance and become pioneers in waste separation!,"If there must be rent increases, there should also be a cap to avoid nasty surprises."
different_topic,0.3350357367940571,waste_separation,We Berliners should take the chance and become pioneers in waste separation!,German universities should on no account charge tuition fees.
different_topic,0.4674016524244238,waste_separation,We Berliners should take the chance and become pioneers in waste separation!,Hence it is good when shops are not open on Sundays and public holidays.
different_topic,0.5745864276375089,waste_separation,We Berliners should take the chance and become pioneers in waste separation!,"Intelligence services should be more closely regulated by parliament,"
different_topic,0.39478999376297,waste_separation,We Berliners should take the chance and become pioneers in waste separation!,"BER should be re-conceptualized from scratch,"
different_topic,0.38114457471030105,waste_separation,We Berliners should take the chance and become pioneers in waste separation!,the EU should not intervene in local politics.
different_topic,0.543878978916577,waste_separation,We Berliners should take the chance and become pioneers in waste separation!,"The implementation of retirement at 63 is no longer socially sustainable,"
different_topic,0.5644876366901782,waste_separation,We Berliners should take the chance and become pioneers in waste separation!,That's why there ought to be one day a week when supermarkets and shopping centres stay closed.
different_topic,0.3497298061847687,waste_separation,We Berliners should take the chance and become pioneers in waste separation!,everyone should chip in.
different_topic,0.28690483740397865,waste_separation,We Berliners should take the chance and become pioneers in waste separation!,The state ought to prevent murder - not avenge it.
different_topic,0.3860622704029083,waste_separation,We Berliners should take the chance and become pioneers in waste separation!,A constant increase in rent upon a change of tenants hence cannot be desired by society.
different_topic,0.451091628074646,waste_separation,We Berliners should take the chance and become pioneers in waste separation!,It is quite clear that Sunday should remain a day of rest.
different_topic,0.5327168847833362,waste_separation,We Berliners should take the chance and become pioneers in waste separation!,"The BA dissertation should, if not make up the entire grade, then at least constitute a larger share of it."
different_topic,0.550064596636542,waste_separation,We Berliners should take the chance and become pioneers in waste separation!,"Dog owners should pay higher fines for dog dirt left on pavements,"
different_topic,0.31230262569759204,waste_separation,We Berliners should take the chance and become pioneers in waste separation!,"Still, the state needs the death penalty as a deterrent to horrific crimes."
different_topic,0.43153029444095276,waste_separation,We Berliners should take the chance and become pioneers in waste separation!,The TV license fee should only be collected from those who actually make use of the programming of the public broadcasters.
different_topic,0.5448225047439336,waste_separation,We Berliners should take the chance and become pioneers in waste separation!,No one should have the possibility to pick up the morning-after pill over the counter at the pharmacy.
different_topic,0.3369618147611619,waste_separation,We Berliners should take the chance and become pioneers in waste separation!,Increasing penalties is therefore the right way.
different_topic,0.27518684755672107,higher_dog_poo_fines,"Higher fines are therefore the right measure against negligent, lazy or simply thoughtless dog owners.",Health insurance companies should not cover treatment in complementary medicine
different_topic,0.4822601154446602,higher_dog_poo_fines,"Higher fines are therefore the right measure against negligent, lazy or simply thoughtless dog owners.","Nevertheless, everybody should contribute to the funding of the public broadcasters in equal measure,"
different_topic,0.39558243432215284,higher_dog_poo_fines,"Higher fines are therefore the right measure against negligent, lazy or simply thoughtless dog owners.",Intelligence services must urgently be regulated more tightly by parliament;
different_topic,0.45975756386052014,higher_dog_poo_fines,"Higher fines are therefore the right measure against negligent, lazy or simply thoughtless dog owners.",The death penalty is a legal means that as such is not practicable in Germany.
same_topic,0.453143430352211,higher_dog_poo_fines,"Higher fines are therefore the right measure against negligent, lazy or simply thoughtless dog owners.",That's why causing such obstacles must to be more urgently punished.
different_topic,0.46503251542647683,higher_dog_poo_fines,"Higher fines are therefore the right measure against negligent, lazy or simply thoughtless dog owners.",That's why a visit to the doctor and professional advice should remain mandatory.
different_topic,0.5037189432092615,higher_dog_poo_fines,"Higher fines are therefore the right measure against negligent, lazy or simply thoughtless dog owners.",It is unfair and unjustifiable that new tenants have to pay a much higher rent than previous residents.
different_topic,0.4346097448597784,higher_dog_poo_fines,"Higher fines are therefore the right measure against negligent, lazy or simply thoughtless dog owners.","Alternative treatments should be subsidized in the same way as conventional treatments,"
same_topic,0.6494203872721771,higher_dog_poo_fines,"Higher fines are therefore the right measure against negligent, lazy or simply thoughtless dog owners.",For dog dirt left on the pavement dog owners should by all means pay a bit more.
different_topic,0.44351041061537605,higher_dog_poo_fines,"Higher fines are therefore the right measure against negligent, lazy or simply thoughtless dog owners.","A simply designed practical outfit would even out the overall visual image of a school, and direct attention towards the character and achievements of the students - and not their buying power."
different_topic,0.2989274289297021,higher_dog_poo_fines,"Higher fines are therefore the right measure against negligent, lazy or simply thoughtless dog owners.",Health insurance companies should naturally cover alternative medical treatments.
different_topic,0.4728752937581803,higher_dog_poo_fines,"Higher fines are therefore the right measure against negligent, lazy or simply thoughtless dog owners.","Actually only those people should pay a TV & radio licence fee who really watch ARD, ZDF, Arte etc."
different_topic,0.411311690050822,higher_dog_poo_fines,"Higher fines are therefore the right measure against negligent, lazy or simply thoughtless dog owners.","Well, I as an employee find it very practical to be able to shop at least on weekends."
different_topic,0.4022467407313261,higher_dog_poo_fines,"Higher fines are therefore the right measure against negligent, lazy or simply thoughtless dog owners.",It would therefore be wise to adjust the required effort for final theses accordingly.
different_topic,0.2807458681719644,higher_dog_poo_fines,"Higher fines are therefore the right measure against negligent, lazy or simply thoughtless dog owners.",Rent prices should be limited by a cap when there's a change of tenant.
different_topic,0.39751927678783733,higher_dog_poo_fines,"Higher fines are therefore the right measure against negligent, lazy or simply thoughtless dog owners.",Therefore no unproven and unrecognized treatments by naturopaths should be reimbursed by the insurance companies.
different_topic,0.32608994028785016,higher_dog_poo_fines,"Higher fines are therefore the right measure against negligent, lazy or simply thoughtless dog owners.",Tax data that are not made available for free should therefore not be acquired by the state.
different_topic,0.3933266003926595,higher_dog_poo_fines,"Higher fines are therefore the right measure against negligent, lazy or simply thoughtless dog owners.",computer games should also not be recognized as Olympic events.
different_topic,0.28145935535430905,higher_dog_poo_fines,"Higher fines are therefore the right measure against negligent, lazy or simply thoughtless dog owners.",Tuition fees should not be charged in Germany.
different_topic,0.4358855530067726,higher_dog_poo_fines,"Higher fines are therefore the right measure against negligent, lazy or simply thoughtless dog owners.","No, the retirement age should be raised to 65 again."
different_topic,0.4590945596044714,higher_dog_poo_fines,"Higher fines are therefore the right measure against negligent, lazy or simply thoughtless dog owners.",That's why Germany should not introduce capital punishment!
different_topic,0.4076327925920486,higher_dog_poo_fines,"Higher fines are therefore the right measure against negligent, lazy or simply thoughtless dog owners.",A stop must be put to exorbitant rents by imposing a limit on rent increases when changing residences.
different_topic,0.44773365156008643,higher_dog_poo_fines,"Higher fines are therefore the right measure against negligent, lazy or simply thoughtless dog owners.",A reduction in the amount of chemically produced medication per person is most certainly desirable.
different_topic,0.4033888357656974,higher_dog_poo_fines,"Higher fines are therefore the right measure against negligent, lazy or simply thoughtless dog owners.",The statutory health insurance companies should also cover treatments with non-medical and alternative practitioners.
different_topic,0.28457547488965484,higher_dog_poo_fines,"Higher fines are therefore the right measure against negligent, lazy or simply thoughtless dog owners.",The death penalty should be abandoned everywhere.
different_topic,0.3971477995316188,higher_dog_poo_fines,"Higher fines are therefore the right measure against negligent, lazy or simply thoughtless dog owners.",The universities in Germany should not under any circumstances charge tuition fees.
different_topic,0.49919348679206993,higher_dog_poo_fines,"Higher fines are therefore the right measure against negligent, lazy or simply thoughtless dog owners.",The TV/radio licence fee can only be required of all citizens/households equally.
different_topic,0.28411409854888914,higher_dog_poo_fines,"Higher fines are therefore the right measure against negligent, lazy or simply thoughtless dog owners.",School uniforms should not be worn in our schools.
different_topic,0.4286046353253451,higher_dog_poo_fines,"Higher fines are therefore the right measure against negligent, lazy or simply thoughtless dog owners.","One should not re-introduce capital punishment in Germany,"
same_topic,0.4500463685641686,higher_dog_poo_fines,"Higher fines are therefore the right measure against negligent, lazy or simply thoughtless dog owners.",There should be a higher fine for dog dirt on the pavement.
different_topic,0.5550697033221905,higher_dog_poo_fines,"Higher fines are therefore the right measure against negligent, lazy or simply thoughtless dog owners.","I find the peripheral housing development at Tempelhofer Feld right for urban planning reasons,"
different_topic,0.25747786164283754,higher_dog_poo_fines,"Higher fines are therefore the right measure against negligent, lazy or simply thoughtless dog owners.",Tuition fees should not generally be charged by universities.
different_topic,0.406223319194935,higher_dog_poo_fines,"Higher fines are therefore the right measure against negligent, lazy or simply thoughtless dog owners.",The health insurance companies ought to be enabled to recognize a doctor's decision for natural treatment and also to cover it.
different_topic,0.37603508858453655,higher_dog_poo_fines,"Higher fines are therefore the right measure against negligent, lazy or simply thoughtless dog owners.",Video games ought to be included in the ranks of Olympic events.
different_topic,0.5171936626235644,higher_dog_poo_fines,"Higher fines are therefore the right measure against negligent, lazy or simply thoughtless dog owners.","including planning abilities, reaction time, and reasoning to name but a few."
different_topic,0.3139460911708219,higher_dog_poo_fines,"Higher fines are therefore the right measure against negligent, lazy or simply thoughtless dog owners.",The morning-after pill ought to be available over-the-counter in pharmacies.
different_topic,0.3550480916386558,higher_dog_poo_fines,"Higher fines are therefore the right measure against negligent, lazy or simply thoughtless dog owners.",School uniforms should be introduced in our schools again.
different_topic,0.42074709094089013,higher_dog_poo_fines,"Higher fines are therefore the right measure against negligent, lazy or simply thoughtless dog owners.",The EU should exert influence on the political events in Ukraine.
same_topic,0.513140411904225,higher_dog_poo_fines,"Higher fines are therefore the right measure against negligent, lazy or simply thoughtless dog owners.",There should be much higher fines for dog dirt left on pavements.
different_topic,0.3572100888078029,higher_dog_poo_fines,"Higher fines are therefore the right measure against negligent, lazy or simply thoughtless dog owners.",Secret services must be more tightly regulated in order to prevent excessive surveillance.
different_topic,0.29138620393840886,higher_dog_poo_fines,"Higher fines are therefore the right measure against negligent, lazy or simply thoughtless dog owners.",dispensing it without medical advice would be inappropriate.
different_topic,0.39461858011782175,higher_dog_poo_fines,"Higher fines are therefore the right measure against negligent, lazy or simply thoughtless dog owners.",For instance the morning-after pill could result in a decrease in the use of condoms and thus lead to an increase in new infections with Aids.
different_topic,0.5214365326589153,higher_dog_poo_fines,"Higher fines are therefore the right measure against negligent, lazy or simply thoughtless dog owners.",As a central airport Berlin Tegel is particularly attractive for business travellers and should by all means remain operational.
different_topic,0.4382215547561646,higher_dog_poo_fines,"Higher fines are therefore the right measure against negligent, lazy or simply thoughtless dog owners.",Acquiring CDs with tax data of tax delinquents is therefore out of the question.
different_topic,0.35374862700700765,higher_dog_poo_fines,"Higher fines are therefore the right measure against negligent, lazy or simply thoughtless dog owners.",That's why intelligence services must be regulated in the framework of parliamentary oversight committees.
different_topic,0.4120626816792147,higher_dog_poo_fines,"Higher fines are therefore the right measure against negligent, lazy or simply thoughtless dog owners.",The morning-after pill should only be prescribed after counselling by a physician or pharmacist.
different_topic,0.37327787551012903,higher_dog_poo_fines,"Higher fines are therefore the right measure against negligent, lazy or simply thoughtless dog owners.",Therefore universities should not charge tuition fees in Germany.
different_topic,0.5401015425367015,higher_dog_poo_fines,"Higher fines are therefore the right measure against negligent, lazy or simply thoughtless dog owners.",Due to the many random factors the bachelor thesis should not play a bigger role.
different_topic,0.39057883868614834,higher_dog_poo_fines,"Higher fines are therefore the right measure against negligent, lazy or simply thoughtless dog owners.",Raising the relative retirement age on the basis of the physical fitness of the average citizen is fair.
different_topic,0.46647243946790695,higher_dog_poo_fines,"Higher fines are therefore the right measure against negligent, lazy or simply thoughtless dog owners.",For these reasons supermarkets and shopping centres should not be allowed to be open for business on arbitrary Sundays and holidays.
different_topic,0.44598138001230025,higher_dog_poo_fines,"Higher fines are therefore the right measure against negligent, lazy or simply thoughtless dog owners.",the statutory retirement age should in the future not remain at 63 years.
different_topic,0.4852850639820099,higher_dog_poo_fines,"Higher fines are therefore the right measure against negligent, lazy or simply thoughtless dog owners.",That's why the statutory health insurance companies should not cover such treatments.
different_topic,0.4893044925505115,higher_dog_poo_fines,"Higher fines are therefore the right measure against negligent, lazy or simply thoughtless dog owners.","If however one could find a compromise between green space and housing, then Tempelhofer Feld should definitely be made available for residential construction."
different_topic,0.387348462977717,higher_dog_poo_fines,"Higher fines are therefore the right measure against negligent, lazy or simply thoughtless dog owners.",I argue categorically in favour of over-the-counter availability of the morning-after pill in pharmacies.
different_topic,0.3835076441367467,higher_dog_poo_fines,"Higher fines are therefore the right measure against negligent, lazy or simply thoughtless dog owners.",the EU should intervene right away.
different_topic,0.45552324354648593,higher_dog_poo_fines,"Higher fines are therefore the right measure against negligent, lazy or simply thoughtless dog owners.","Especially now, as there is a lack of skilled labour, it's irresponsible for the economy and prosperity to retire at 63."
different_topic,0.42916069328784945,higher_dog_poo_fines,"Higher fines are therefore the right measure against negligent, lazy or simply thoughtless dog owners.",It would be fair to make them into an Olympic event.
different_topic,0.4249916744452936,higher_dog_poo_fines,"Higher fines are therefore the right measure against negligent, lazy or simply thoughtless dog owners.",A cap on rent increases upon tenant change is therefore not to be supported.
different_topic,0.4171885919791681,higher_dog_poo_fines,"Higher fines are therefore the right measure against negligent, lazy or simply thoughtless dog owners.",Opening on Sundays and holidays would therefore help both customers and shops.
same_topic,0.4571577231673633,higher_dog_poo_fines,"Higher fines are therefore the right measure against negligent, lazy or simply thoughtless dog owners.",Higher penalties for dog dirt are pointless as long as there is not enough personnel to enforce them.
different_topic,0.3851350750774145,higher_dog_poo_fines,"Higher fines are therefore the right measure against negligent, lazy or simply thoughtless dog owners.",I am not of the opinion that the retirement age should be set at 63 years.
different_topic,0.3982625504334768,higher_dog_poo_fines,"Higher fines are therefore the right measure against negligent, lazy or simply thoughtless dog owners.","After the new BER Airport has been commissioned, Tegel should definitely be closed."
different_topic,0.41229988770051434,higher_dog_poo_fines,"Higher fines are therefore the right measure against negligent, lazy or simply thoughtless dog owners.",Not everyone should be obliged to pay the TV & radio licence.
different_topic,0.46938414374987286,higher_dog_poo_fines,"Higher fines are therefore the right measure against negligent, lazy or simply thoughtless dog owners.",Actually it would be justified if all German universities charged tuition fees.
different_topic,0.4095825254917145,higher_dog_poo_fines,"Higher fines are therefore the right measure against negligent, lazy or simply thoughtless dog owners.",Current regulations for the calculation of the total grade should therefore be maintained.
different_topic,0.4092954078624988,higher_dog_poo_fines,"Higher fines are therefore the right measure against negligent, lazy or simply thoughtless dog owners.",Supermarkets and shopping centres should be allowed to open on any Sundays and holidays.
different_topic,0.4144670191933127,higher_dog_poo_fines,"Higher fines are therefore the right measure against negligent, lazy or simply thoughtless dog owners.","Many European countries, for instance the Netherlands, Sweden and Great Britain, have already understood this and successfully adjusted the opening hours for retailers."
different_topic,0.22979763676138484,higher_dog_poo_fines,"Higher fines are therefore the right measure against negligent, lazy or simply thoughtless dog owners.",We don't need it.
different_topic,0.4087026606003444,higher_dog_poo_fines,"Higher fines are therefore the right measure against negligent, lazy or simply thoughtless dog owners.",Supermarkets and shopping centres should be allowed to open any Sundays and holidays at their discretion.
same_topic,0.4719685888098132,higher_dog_poo_fines,"Higher fines are therefore the right measure against negligent, lazy or simply thoughtless dog owners.","If there were higher fines for leaving dog dirt on pavements, there would presumably be less dog dirt,"
different_topic,0.44047528862953184,higher_dog_poo_fines,"Higher fines are therefore the right measure against negligent, lazy or simply thoughtless dog owners.",Germany should by no means introduce capital punishment.
different_topic,0.6609096018404796,higher_dog_poo_fines,"Higher fines are therefore the right measure against negligent, lazy or simply thoughtless dog owners.","Considering what's on television these days, it would be appropriate to only have those people pay who actually (want to) follow the programming."
different_topic,0.4050504410496124,higher_dog_poo_fines,"Higher fines are therefore the right measure against negligent, lazy or simply thoughtless dog owners.","If there must be rent increases, there should also be a cap to avoid nasty surprises."
different_topic,0.32279523936184973,higher_dog_poo_fines,"Higher fines are therefore the right measure against negligent, lazy or simply thoughtless dog owners.",German universities should on no account charge tuition fees.
different_topic,0.4354613062280875,higher_dog_poo_fines,"Higher fines are therefore the right measure against negligent, lazy or simply thoughtless dog owners.",Hence it is good when shops are not open on Sundays and public holidays.
different_topic,0.4323001426679116,higher_dog_poo_fines,"Higher fines are therefore the right measure against negligent, lazy or simply thoughtless dog owners.","Intelligence services should be more closely regulated by parliament,"
different_topic,0.3589641749858856,higher_dog_poo_fines,"Higher fines are therefore the right measure against negligent, lazy or simply thoughtless dog owners.","BER should be re-conceptualized from scratch,"
different_topic,0.3174660414457321,higher_dog_poo_fines,"Higher fines are therefore the right measure against negligent, lazy or simply thoughtless dog owners.",the EU should not intervene in local politics.
different_topic,0.4292698116214187,higher_dog_poo_fines,"Higher fines are therefore the right measure against negligent, lazy or simply thoughtless dog owners.","The implementation of retirement at 63 is no longer socially sustainable,"
different_topic,0.49507448375225066,higher_dog_poo_fines,"Higher fines are therefore the right measure against negligent, lazy or simply thoughtless dog owners.",That's why there ought to be one day a week when supermarkets and shopping centres stay closed.
different_topic,0.23974241473172844,higher_dog_poo_fines,"Higher fines are therefore the right measure against negligent, lazy or simply thoughtless dog owners.",everyone should chip in.
different_topic,0.2591269940137863,higher_dog_poo_fines,"Higher fines are therefore the right measure against negligent, lazy or simply thoughtless dog owners.",The state ought to prevent murder - not avenge it.
different_topic,0.46927408377329505,higher_dog_poo_fines,"Higher fines are therefore the right measure against negligent, lazy or simply thoughtless dog owners.",A constant increase in rent upon a change of tenants hence cannot be desired by society.
different_topic,0.4342628760884206,higher_dog_poo_fines,"Higher fines are therefore the right measure against negligent, lazy or simply thoughtless dog owners.",It is quite clear that Sunday should remain a day of rest.
different_topic,0.44698986586402445,higher_dog_poo_fines,"Higher fines are therefore the right measure against negligent, lazy or simply thoughtless dog owners.","The BA dissertation should, if not make up the entire grade, then at least constitute a larger share of it."
same_topic,0.5935955042285579,higher_dog_poo_fines,"Higher fines are therefore the right measure against negligent, lazy or simply thoughtless dog owners.","Dog owners should pay higher fines for dog dirt left on pavements,"
different_topic,0.3444949767806313,higher_dog_poo_fines,"Higher fines are therefore the right measure against negligent, lazy or simply thoughtless dog owners.","Still, the state needs the death penalty as a deterrent to horrific crimes."
different_topic,0.49455319434680317,higher_dog_poo_fines,"Higher fines are therefore the right measure against negligent, lazy or simply thoughtless dog owners.",The TV license fee should only be collected from those who actually make use of the programming of the public broadcasters.
different_topic,0.46000801555572013,higher_dog_poo_fines,"Higher fines are therefore the right measure against negligent, lazy or simply thoughtless dog owners.",No one should have the possibility to pick up the morning-after pill over the counter at the pharmacy.
same_topic,0.3800276298271982,higher_dog_poo_fines,"Higher fines are therefore the right measure against negligent, lazy or simply thoughtless dog owners.",Increasing penalties is therefore the right way.
different_topic,0.37361688362924683,health_insurance_cover_complementary_medicine,Health insurance companies should not cover treatment in complementary medicine,"Nevertheless, everybody should contribute to the funding of the public broadcasters in equal measure,"
different_topic,0.3120196136561307,health_insurance_cover_complementary_medicine,Health insurance companies should not cover treatment in complementary medicine,Intelligence services must urgently be regulated more tightly by parliament;
different_topic,0.3067409378640792,health_insurance_cover_complementary_medicine,Health insurance companies should not cover treatment in complementary medicine,The death penalty is a legal means that as such is not practicable in Germany.
different_topic,0.33523403970818777,health_insurance_cover_complementary_medicine,Health insurance companies should not cover treatment in complementary medicine,That's why causing such obstacles must to be more urgently punished.
different_topic,0.4551957878801558,health_insurance_cover_complementary_medicine,Health insurance companies should not cover treatment in complementary medicine,That's why a visit to the doctor and professional advice should remain mandatory.
different_topic,0.2657806142683952,health_insurance_cover_complementary_medicine,Health insurance companies should not cover treatment in complementary medicine,It is unfair and unjustifiable that new tenants have to pay a much higher rent than previous residents.
same_topic,0.4979553082410027,health_insurance_cover_complementary_medicine,Health insurance companies should not cover treatment in complementary medicine,"Alternative treatments should be subsidized in the same way as conventional treatments,"
different_topic,0.3104677951854208,health_insurance_cover_complementary_medicine,Health insurance companies should not cover treatment in complementary medicine,For dog dirt left on the pavement dog owners should by all means pay a bit more.
different_topic,0.2902006465813209,health_insurance_cover_complementary_medicine,Health insurance companies should not cover treatment in complementary medicine,"A simply designed practical outfit would even out the overall visual image of a school, and direct attention towards the character and achievements of the students - and not their buying power."
same_topic,0.8794034649344051,health_insurance_cover_complementary_medicine,Health insurance companies should not cover treatment in complementary medicine,Health insurance companies should naturally cover alternative medical treatments.
different_topic,0.2822548568248749,health_insurance_cover_complementary_medicine,Health insurance companies should not cover treatment in complementary medicine,"Actually only those people should pay a TV & radio licence fee who really watch ARD, ZDF, Arte etc."
different_topic,0.3035211145877838,health_insurance_cover_complementary_medicine,Health insurance companies should not cover treatment in complementary medicine,"Well, I as an employee find it very practical to be able to shop at least on weekends."
different_topic,0.3851295672357082,health_insurance_cover_complementary_medicine,Health insurance companies should not cover treatment in complementary medicine,It would therefore be wise to adjust the required effort for final theses accordingly.
different_topic,0.4252803524335226,health_insurance_cover_complementary_medicine,Health insurance companies should not cover treatment in complementary medicine,Rent prices should be limited by a cap when there's a change of tenant.
same_topic,0.5907274252838559,health_insurance_cover_complementary_medicine,Health insurance companies should not cover treatment in complementary medicine,Therefore no unproven and unrecognized treatments by naturopaths should be reimbursed by the insurance companies.
different_topic,0.4467083979398012,health_insurance_cover_complementary_medicine,Health insurance companies should not cover treatment in complementary medicine,Tax data that are not made available for free should therefore not be acquired by the state.
different_topic,0.4186016261577606,health_insurance_cover_complementary_medicine,Health insurance companies should not cover treatment in complementary medicine,computer games should also not be recognized as Olympic events.
different_topic,0.3528123303383057,health_insurance_cover_complementary_medicine,Health insurance companies should not cover treatment in complementary medicine,Tuition fees should not be charged in Germany.
different_topic,0.33970887746129713,health_insurance_cover_complementary_medicine,Health insurance companies should not cover treatment in complementary medicine,"No, the retirement age should be raised to 65 again."
different_topic,0.4169542510062456,health_insurance_cover_complementary_medicine,Health insurance companies should not cover treatment in complementary medicine,That's why Germany should not introduce capital punishment!
different_topic,0.36210991834339346,health_insurance_cover_complementary_medicine,Health insurance companies should not cover treatment in complementary medicine,A stop must be put to exorbitant rents by imposing a limit on rent increases when changing residences.
same_topic,0.3798637330532074,health_insurance_cover_complementary_medicine,Health insurance companies should not cover treatment in complementary medicine,A reduction in the amount of chemically produced medication per person is most certainly desirable.
same_topic,0.7118980430421376,health_insurance_cover_complementary_medicine,Health insurance companies should not cover treatment in complementary medicine,The statutory health insurance companies should also cover treatments with non-medical and alternative practitioners.
different_topic,0.2976170480251312,health_insurance_cover_complementary_medicine,Health insurance companies should not cover treatment in complementary medicine,The death penalty should be abandoned everywhere.
different_topic,0.37576432194974685,health_insurance_cover_complementary_medicine,Health insurance companies should not cover treatment in complementary medicine,The universities in Germany should not under any circumstances charge tuition fees.
different_topic,0.3128020820163545,health_insurance_cover_complementary_medicine,Health insurance companies should not cover treatment in complementary medicine,The TV/radio licence fee can only be required of all citizens/households equally.
different_topic,0.36804659664630895,health_insurance_cover_complementary_medicine,Health insurance companies should not cover treatment in complementary medicine,School uniforms should not be worn in our schools.
different_topic,0.40427623316645617,health_insurance_cover_complementary_medicine,Health insurance companies should not cover treatment in complementary medicine,"One should not re-introduce capital punishment in Germany,"
different_topic,0.3859650442997614,health_insurance_cover_complementary_medicine,Health insurance companies should not cover treatment in complementary medicine,There should be a higher fine for dog dirt on the pavement.
different_topic,0.3175136983394623,health_insurance_cover_complementary_medicine,Health insurance companies should not cover treatment in complementary medicine,"I find the peripheral housing development at Tempelhofer Feld right for urban planning reasons,"
different_topic,0.3340804552592869,health_insurance_cover_complementary_medicine,Health insurance companies should not cover treatment in complementary medicine,Tuition fees should not generally be charged by universities.
same_topic,0.7047274907430011,health_insurance_cover_complementary_medicine,Health insurance companies should not cover treatment in complementary medicine,The health insurance companies ought to be enabled to recognize a doctor's decision for natural treatment and also to cover it.
different_topic,0.37810788750648505,health_insurance_cover_complementary_medicine,Health insurance companies should not cover treatment in complementary medicine,Video games ought to be included in the ranks of Olympic events.
different_topic,0.3385030859046512,health_insurance_cover_complementary_medicine,Health insurance companies should not cover treatment in complementary medicine,"including planning abilities, reaction time, and reasoning to name but a few."
different_topic,0.40078665722500195,health_insurance_cover_complementary_medicine,Health insurance companies should not cover treatment in complementary medicine,The morning-after pill ought to be available over-the-counter in pharmacies.
different_topic,0.4214508295059204,health_insurance_cover_complementary_medicine,Health insurance companies should not cover treatment in complementary medicine,School uniforms should be introduced in our schools again.
different_topic,0.39991398068035355,health_insurance_cover_complementary_medicine,Health insurance companies should not cover treatment in complementary medicine,The EU should exert influence on the political events in Ukraine.
different_topic,0.35031624138355255,health_insurance_cover_complementary_medicine,Health insurance companies should not cover treatment in complementary medicine,There should be much higher fines for dog dirt left on pavements.
different_topic,0.32816471457481383,health_insurance_cover_complementary_medicine,Health insurance companies should not cover treatment in complementary medicine,Secret services must be more tightly regulated in order to prevent excessive surveillance.
different_topic,0.35095462160041696,health_insurance_cover_complementary_medicine,Health insurance companies should not cover treatment in complementary medicine,dispensing it without medical advice would be inappropriate.
different_topic,0.39500993948716384,health_insurance_cover_complementary_medicine,Health insurance companies should not cover treatment in complementary medicine,For instance the morning-after pill could result in a decrease in the use of condoms and thus lead to an increase in new infections with Aids.
different_topic,0.3097117590904236,health_insurance_cover_complementary_medicine,Health insurance companies should not cover treatment in complementary medicine,As a central airport Berlin Tegel is particularly attractive for business travellers and should by all means remain operational.
different_topic,0.3269604820954173,health_insurance_cover_complementary_medicine,Health insurance companies should not cover treatment in complementary medicine,Acquiring CDs with tax data of tax delinquents is therefore out of the question.
different_topic,0.33810151285595363,health_insurance_cover_complementary_medicine,Health insurance companies should not cover treatment in complementary medicine,That's why intelligence services must be regulated in the framework of parliamentary oversight committees.
different_topic,0.39546706459738995,health_insurance_cover_complementary_medicine,Health insurance companies should not cover treatment in complementary medicine,The morning-after pill should only be prescribed after counselling by a physician or pharmacist.
different_topic,0.3711974503239617,health_insurance_cover_complementary_medicine,Health insurance companies should not cover treatment in complementary medicine,Therefore universities should not charge tuition fees in Germany.
different_topic,0.34466803615743463,health_insurance_cover_complementary_medicine,Health insurance companies should not cover treatment in complementary medicine,Due to the many random factors the bachelor thesis should not play a bigger role.
different_topic,0.3765329288111792,health_insurance_cover_complementary_medicine,Health insurance companies should not cover treatment in complementary medicine,Raising the relative retirement age on the basis of the physical fitness of the average citizen is fair.
different_topic,0.2930304958270146,health_insurance_cover_complementary_medicine,Health insurance companies should not cover treatment in complementary medicine,For these reasons supermarkets and shopping centres should not be allowed to be open for business on arbitrary Sundays and holidays.
different_topic,0.3494852525847299,health_insurance_cover_complementary_medicine,Health insurance companies should not cover treatment in complementary medicine,the statutory retirement age should in the future not remain at 63 years.
same_topic,0.7054541863893208,health_insurance_cover_complementary_medicine,Health insurance companies should not cover treatment in complementary medicine,That's why the statutory health insurance companies should not cover such treatments.
different_topic,0.34120553493499756,health_insurance_cover_complementary_medicine,Health insurance companies should not cover treatment in complementary medicine,"If however one could find a compromise between green space and housing, then Tempelhofer Feld should definitely be made available for residential construction."
different_topic,0.35269226789474484,health_insurance_cover_complementary_medicine,Health insurance companies should not cover treatment in complementary medicine,I argue categorically in favour of over-the-counter availability of the morning-after pill in pharmacies.
different_topic,0.36541088496645296,health_insurance_cover_complementary_medicine,Health insurance companies should not cover treatment in complementary medicine,the EU should intervene right away.
different_topic,0.25806580732266104,health_insurance_cover_complementary_medicine,Health insurance companies should not cover treatment in complementary medicine,"Especially now, as there is a lack of skilled labour, it's irresponsible for the economy and prosperity to retire at 63."
different_topic,0.32664914216314045,health_insurance_cover_complementary_medicine,Health insurance companies should not cover treatment in complementary medicine,It would be fair to make them into an Olympic event.
different_topic,0.3100831082889012,health_insurance_cover_complementary_medicine,Health insurance companies should not cover treatment in complementary medicine,A cap on rent increases upon tenant change is therefore not to be supported.
different_topic,0.3257813396907988,health_insurance_cover_complementary_medicine,Health insurance companies should not cover treatment in complementary medicine,Opening on Sundays and holidays would therefore help both customers and shops.
different_topic,0.22001965131078446,health_insurance_cover_complementary_medicine,Health insurance companies should not cover treatment in complementary medicine,Higher penalties for dog dirt are pointless as long as there is not enough personnel to enforce them.
different_topic,0.3689893550342984,health_insurance_cover_complementary_medicine,Health insurance companies should not cover treatment in complementary medicine,I am not of the opinion that the retirement age should be set at 63 years.
different_topic,0.4457463737991121,health_insurance_cover_complementary_medicine,Health insurance companies should not cover treatment in complementary medicine,"After the new BER Airport has been commissioned, Tegel should definitely be closed."
different_topic,0.3870580345392227,health_insurance_cover_complementary_medicine,Health insurance companies should not cover treatment in complementary medicine,Not everyone should be obliged to pay the TV & radio licence.
different_topic,0.3294130447838041,health_insurance_cover_complementary_medicine,Health insurance companies should not cover treatment in complementary medicine,Actually it would be justified if all German universities charged tuition fees.
different_topic,0.447780042886734,health_insurance_cover_complementary_medicine,Health insurance companies should not cover treatment in complementary medicine,Current regulations for the calculation of the total grade should therefore be maintained.
different_topic,0.329909490502399,health_insurance_cover_complementary_medicine,Health insurance companies should not cover treatment in complementary medicine,Supermarkets and shopping centres should be allowed to open on any Sundays and holidays.
different_topic,0.294779075043542,health_insurance_cover_complementary_medicine,Health insurance companies should not cover treatment in complementary medicine,"Many European countries, for instance the Netherlands, Sweden and Great Britain, have already understood this and successfully adjusted the opening hours for retailers."
different_topic,0.23723002997311676,health_insurance_cover_complementary_medicine,Health insurance companies should not cover treatment in complementary medicine,We don't need it.
different_topic,0.31616326173146564,health_insurance_cover_complementary_medicine,Health insurance companies should not cover treatment in complementary medicine,Supermarkets and shopping centres should be allowed to open any Sundays and holidays at their discretion.
different_topic,0.3406059837341308,health_insurance_cover_complementary_medicine,Health insurance companies should not cover treatment in complementary medicine,"If there were higher fines for leaving dog dirt on pavements, there would presumably be less dog dirt,"
different_topic,0.3740957520510021,health_insurance_cover_complementary_medicine,Health insurance companies should not cover treatment in complementary medicine,Germany should by no means introduce capital punishment.
different_topic,0.2819369590800741,health_insurance_cover_complementary_medicine,Health insurance companies should not cover treatment in complementary medicine,"Considering what's on television these days, it would be appropriate to only have those people pay who actually (want to) follow the programming."
different_topic,0.4166658341884613,health_insurance_cover_complementary_medicine,Health insurance companies should not cover treatment in complementary medicine,"If there must be rent increases, there should also be a cap to avoid nasty surprises."
different_topic,0.37417381943669176,health_insurance_cover_complementary_medicine,Health insurance companies should not cover treatment in complementary medicine,German universities should on no account charge tuition fees.
different_topic,0.31237452030181884,health_insurance_cover_complementary_medicine,Health insurance companies should not cover treatment in complementary medicine,Hence it is good when shops are not open on Sundays and public holidays.
different_topic,0.3555704468772525,health_insurance_cover_complementary_medicine,Health insurance companies should not cover treatment in complementary medicine,"Intelligence services should be more closely regulated by parliament,"
different_topic,0.3745895198413304,health_insurance_cover_complementary_medicine,Health insurance companies should not cover treatment in complementary medicine,"BER should be re-conceptualized from scratch,"
different_topic,0.3754724775041853,health_insurance_cover_complementary_medicine,Health insurance companies should not cover treatment in complementary medicine,the EU should not intervene in local politics.
different_topic,0.29607132219132926,health_insurance_cover_complementary_medicine,Health insurance companies should not cover treatment in complementary medicine,"The implementation of retirement at 63 is no longer socially sustainable,"
different_topic,0.3081067055463791,health_insurance_cover_complementary_medicine,Health insurance companies should not cover treatment in complementary medicine,That's why there ought to be one day a week when supermarkets and shopping centres stay closed.
different_topic,0.30578792095184326,health_insurance_cover_complementary_medicine,Health insurance companies should not cover treatment in complementary medicine,everyone should chip in.
different_topic,0.45833535705293926,health_insurance_cover_complementary_medicine,Health insurance companies should not cover treatment in complementary medicine,The state ought to prevent murder - not avenge it.
different_topic,0.38293396433194477,health_insurance_cover_complementary_medicine,Health insurance companies should not cover treatment in complementary medicine,A constant increase in rent upon a change of tenants hence cannot be desired by society.
different_topic,0.4102189623647266,health_insurance_cover_complementary_medicine,Health insurance companies should not cover treatment in complementary medicine,It is quite clear that Sunday should remain a day of rest.
different_topic,0.27565321752003263,health_insurance_cover_complementary_medicine,Health insurance companies should not cover treatment in complementary medicine,"The BA dissertation should, if not make up the entire grade, then at least constitute a larger share of it."
different_topic,0.3389668410474604,health_insurance_cover_complementary_medicine,Health insurance companies should not cover treatment in complementary medicine,"Dog owners should pay higher fines for dog dirt left on pavements,"
different_topic,0.35444902256131167,health_insurance_cover_complementary_medicine,Health insurance companies should not cover treatment in complementary medicine,"Still, the state needs the death penalty as a deterrent to horrific crimes."
different_topic,0.359958739507766,health_insurance_cover_complementary_medicine,Health insurance companies should not cover treatment in complementary medicine,The TV license fee should only be collected from those who actually make use of the programming of the public broadcasters.
different_topic,0.3425837469100952,health_insurance_cover_complementary_medicine,Health insurance companies should not cover treatment in complementary medicine,No one should have the possibility to pick up the morning-after pill over the counter at the pharmacy.
different_topic,0.30381502554966855,health_insurance_cover_complementary_medicine,Health insurance companies should not cover treatment in complementary medicine,Increasing penalties is therefore the right way.
different_topic,0.48000119805335995,public_broadcasting_fees_on_demand,"Nevertheless, everybody should contribute to the funding of the public broadcasters in equal measure,",Intelligence services must urgently be regulated more tightly by parliament;
different_topic,0.4148435488343239,public_broadcasting_fees_on_demand,"Nevertheless, everybody should contribute to the funding of the public broadcasters in equal measure,",The death penalty is a legal means that as such is not practicable in Germany.
different_topic,0.4814969393932684,public_broadcasting_fees_on_demand,"Nevertheless, everybody should contribute to the funding of the public broadcasters in equal measure,",That's why causing such obstacles must to be more urgently punished.
different_topic,0.4626948815726098,public_broadcasting_fees_on_demand,"Nevertheless, everybody should contribute to the funding of the public broadcasters in equal measure,",That's why a visit to the doctor and professional advice should remain mandatory.
different_topic,0.40790432954535766,public_broadcasting_fees_on_demand,"Nevertheless, everybody should contribute to the funding of the public broadcasters in equal measure,",It is unfair and unjustifiable that new tenants have to pay a much higher rent than previous residents.
different_topic,0.49213584661483767,public_broadcasting_fees_on_demand,"Nevertheless, everybody should contribute to the funding of the public broadcasters in equal measure,","Alternative treatments should be subsidized in the same way as conventional treatments,"
different_topic,0.5043564327061176,public_broadcasting_fees_on_demand,"Nevertheless, everybody should contribute to the funding of the public broadcasters in equal measure,",For dog dirt left on the pavement dog owners should by all means pay a bit more.
different_topic,0.3182520493865013,public_broadcasting_fees_on_demand,"Nevertheless, everybody should contribute to the funding of the public broadcasters in equal measure,","A simply designed practical outfit would even out the overall visual image of a school, and direct attention towards the character and achievements of the students - and not their buying power."
different_topic,0.36987771838903427,public_broadcasting_fees_on_demand,"Nevertheless, everybody should contribute to the funding of the public broadcasters in equal measure,",Health insurance companies should naturally cover alternative medical treatments.
same_topic,0.44280578873374243,public_broadcasting_fees_on_demand,"Nevertheless, everybody should contribute to the funding of the public broadcasters in equal measure,","Actually only those people should pay a TV & radio licence fee who really watch ARD, ZDF, Arte etc."
different_topic,0.47037045463271765,public_broadcasting_fees_on_demand,"Nevertheless, everybody should contribute to the funding of the public broadcasters in equal measure,","Well, I as an employee find it very practical to be able to shop at least on weekends."
different_topic,0.46591879192151525,public_broadcasting_fees_on_demand,"Nevertheless, everybody should contribute to the funding of the public broadcasters in equal measure,",It would therefore be wise to adjust the required effort for final theses accordingly.
different_topic,0.4533708989620209,public_broadcasting_fees_on_demand,"Nevertheless, everybody should contribute to the funding of the public broadcasters in equal measure,",Rent prices should be limited by a cap when there's a change of tenant.
different_topic,0.4223534165482436,public_broadcasting_fees_on_demand,"Nevertheless, everybody should contribute to the funding of the public broadcasters in equal measure,",Therefore no unproven and unrecognized treatments by naturopaths should be reimbursed by the insurance companies.
different_topic,0.45845651626586914,public_broadcasting_fees_on_demand,"Nevertheless, everybody should contribute to the funding of the public broadcasters in equal measure,",Tax data that are not made available for free should therefore not be acquired by the state.
different_topic,0.48349024852116906,public_broadcasting_fees_on_demand,"Nevertheless, everybody should contribute to the funding of the public broadcasters in equal measure,",computer games should also not be recognized as Olympic events.
different_topic,0.3936966920600218,public_broadcasting_fees_on_demand,"Nevertheless, everybody should contribute to the funding of the public broadcasters in equal measure,",Tuition fees should not be charged in Germany.
different_topic,0.5990247291823229,public_broadcasting_fees_on_demand,"Nevertheless, everybody should contribute to the funding of the public broadcasters in equal measure,","No, the retirement age should be raised to 65 again."
different_topic,0.5500874472291846,public_broadcasting_fees_on_demand,"Nevertheless, everybody should contribute to the funding of the public broadcasters in equal measure,",That's why Germany should not introduce capital punishment!
different_topic,0.4911049934188751,public_broadcasting_fees_on_demand,"Nevertheless, everybody should contribute to the funding of the public broadcasters in equal measure,",A stop must be put to exorbitant rents by imposing a limit on rent increases when changing residences.
different_topic,0.5568137253108232,public_broadcasting_fees_on_demand,"Nevertheless, everybody should contribute to the funding of the public broadcasters in equal measure,",A reduction in the amount of chemically produced medication per person is most certainly desirable.
different_topic,0.3703272086568177,public_broadcasting_fees_on_demand,"Nevertheless, everybody should contribute to the funding of the public broadcasters in equal measure,",The statutory health insurance companies should also cover treatments with non-medical and alternative practitioners.
different_topic,0.3395836018025875,public_broadcasting_fees_on_demand,"Nevertheless, everybody should contribute to the funding of the public broadcasters in equal measure,",The death penalty should be abandoned everywhere.
different_topic,0.5111835325757663,public_broadcasting_fees_on_demand,"Nevertheless, everybody should contribute to the funding of the public broadcasters in equal measure,",The universities in Germany should not under any circumstances charge tuition fees.
same_topic,0.4658352533976237,public_broadcasting_fees_on_demand,"Nevertheless, everybody should contribute to the funding of the public broadcasters in equal measure,",The TV/radio licence fee can only be required of all citizens/households equally.
different_topic,0.3084939122200012,public_broadcasting_fees_on_demand,"Nevertheless, everybody should contribute to the funding of the public broadcasters in equal measure,",School uniforms should not be worn in our schools.
different_topic,0.5168819098096145,public_broadcasting_fees_on_demand,"Nevertheless, everybody should contribute to the funding of the public broadcasters in equal measure,","One should not re-introduce capital punishment in Germany,"
different_topic,0.5146660251276833,public_broadcasting_fees_on_demand,"Nevertheless, everybody should contribute to the funding of the public broadcasters in equal measure,",There should be a higher fine for dog dirt on the pavement.
different_topic,0.5077306032180786,public_broadcasting_fees_on_demand,"Nevertheless, everybody should contribute to the funding of the public broadcasters in equal measure,","I find the peripheral housing development at Tempelhofer Feld right for urban planning reasons,"
different_topic,0.34525130776798024,public_broadcasting_fees_on_demand,"Nevertheless, everybody should contribute to the funding of the public broadcasters in equal measure,",Tuition fees should not generally be charged by universities.
different_topic,0.39803746140872437,public_broadcasting_fees_on_demand,"Nevertheless, everybody should contribute to the funding of the public broadcasters in equal measure,",The health insurance companies ought to be enabled to recognize a doctor's decision for natural treatment and also to cover it.
different_topic,0.45234640108214486,public_broadcasting_fees_on_demand,"Nevertheless, everybody should contribute to the funding of the public broadcasters in equal measure,",Video games ought to be included in the ranks of Olympic events.
different_topic,0.42735494815167924,public_broadcasting_fees_on_demand,"Nevertheless, everybody should contribute to the funding of the public broadcasters in equal measure,","including planning abilities, reaction time, and reasoning to name but a few."
different_topic,0.47672451134771116,public_broadcasting_fees_on_demand,"Nevertheless, everybody should contribute to the funding of the public broadcasters in equal measure,",The morning-after pill ought to be available over-the-counter in pharmacies.
different_topic,0.40932826201121014,public_broadcasting_fees_on_demand,"Nevertheless, everybody should contribute to the funding of the public broadcasters in equal measure,",School uniforms should be introduced in our schools again.
different_topic,0.5338113771751524,public_broadcasting_fees_on_demand,"Nevertheless, everybody should contribute to the funding of the public broadcasters in equal measure,",The EU should exert influence on the political events in Ukraine.
different_topic,0.518498996677606,public_broadcasting_fees_on_demand,"Nevertheless, everybody should contribute to the funding of the public broadcasters in equal measure,",There should be much higher fines for dog dirt left on pavements.
different_topic,0.4521794766187668,public_broadcasting_fees_on_demand,"Nevertheless, everybody should contribute to the funding of the public broadcasters in equal measure,",Secret services must be more tightly regulated in order to prevent excessive surveillance.
different_topic,0.29287736816331744,public_broadcasting_fees_on_demand,"Nevertheless, everybody should contribute to the funding of the public broadcasters in equal measure,",dispensing it without medical advice would be inappropriate.
different_topic,0.4161609349579647,public_broadcasting_fees_on_demand,"Nevertheless, everybody should contribute to the funding of the public broadcasters in equal measure,",For instance the morning-after pill could result in a decrease in the use of condoms and thus lead to an increase in new infections with Aids.
different_topic,0.4583227229969842,public_broadcasting_fees_on_demand,"Nevertheless, everybody should contribute to the funding of the public broadcasters in equal measure,",As a central airport Berlin Tegel is particularly attractive for business travellers and should by all means remain operational.
different_topic,0.43993861499157827,public_broadcasting_fees_on_demand,"Nevertheless, everybody should contribute to the funding of the public broadcasters in equal measure,",Acquiring CDs with tax data of tax delinquents is therefore out of the question.
different_topic,0.3498885560603368,public_broadcasting_fees_on_demand,"Nevertheless, everybody should contribute to the funding of the public broadcasters in equal measure,",That's why intelligence services must be regulated in the framework of parliamentary oversight committees.
different_topic,0.5077252250909805,public_broadcasting_fees_on_demand,"Nevertheless, everybody should contribute to the funding of the public broadcasters in equal measure,",The morning-after pill should only be prescribed after counselling by a physician or pharmacist.
different_topic,0.480541141409623,public_broadcasting_fees_on_demand,"Nevertheless, everybody should contribute to the funding of the public broadcasters in equal measure,",Therefore universities should not charge tuition fees in Germany.
different_topic,0.5663860666751861,public_broadcasting_fees_on_demand,"Nevertheless, everybody should contribute to the funding of the public broadcasters in equal measure,",Due to the many random factors the bachelor thesis should not play a bigger role.
different_topic,0.39844872731538045,public_broadcasting_fees_on_demand,"Nevertheless, everybody should contribute to the funding of the public broadcasters in equal measure,",Raising the relative retirement age on the basis of the physical fitness of the average citizen is fair.
different_topic,0.4713677948918835,public_broadcasting_fees_on_demand,"Nevertheless, everybody should contribute to the funding of the public broadcasters in equal measure,",For these reasons supermarkets and shopping centres should not be allowed to be open for business on arbitrary Sundays and holidays.
different_topic,0.6118779840568701,public_broadcasting_fees_on_demand,"Nevertheless, everybody should contribute to the funding of the public broadcasters in equal measure,",the statutory retirement age should in the future not remain at 63 years.
different_topic,0.4815521055663174,public_broadcasting_fees_on_demand,"Nevertheless, everybody should contribute to the funding of the public broadcasters in equal measure,",That's why the statutory health insurance companies should not cover such treatments.
different_topic,0.5620276417051042,public_broadcasting_fees_on_demand,"Nevertheless, everybody should contribute to the funding of the public broadcasters in equal measure,","If however one could find a compromise between green space and housing, then Tempelhofer Feld should definitely be made available for residential construction."
different_topic,0.4714149029127189,public_broadcasting_fees_on_demand,"Nevertheless, everybody should contribute to the funding of the public broadcasters in equal measure,",I argue categorically in favour of over-the-counter availability of the morning-after pill in pharmacies.
different_topic,0.6131575604279836,public_broadcasting_fees_on_demand,"Nevertheless, everybody should contribute to the funding of the public broadcasters in equal measure,",the EU should intervene right away.
different_topic,0.5442076049469134,public_broadcasting_fees_on_demand,"Nevertheless, everybody should contribute to the funding of the public broadcasters in equal measure,","Especially now, as there is a lack of skilled labour, it's irresponsible for the economy and prosperity to retire at 63."
different_topic,0.41551876068115234,public_broadcasting_fees_on_demand,"Nevertheless, everybody should contribute to the funding of the public broadcasters in equal measure,",It would be fair to make them into an Olympic event.
different_topic,0.5315341539680957,public_broadcasting_fees_on_demand,"Nevertheless, everybody should contribute to the funding of the public broadcasters in equal measure,",A cap on rent increases upon tenant change is therefore not to be supported.
different_topic,0.5322216755400101,public_broadcasting_fees_on_demand,"Nevertheless, everybody should contribute to the funding of the public broadcasters in equal measure,",Opening on Sundays and holidays would therefore help both customers and shops.
different_topic,0.36410688392577634,public_broadcasting_fees_on_demand,"Nevertheless, everybody should contribute to the funding of the public broadcasters in equal measure,",Higher penalties for dog dirt are pointless as long as there is not enough personnel to enforce them.
different_topic,0.6202517464047387,public_broadcasting_fees_on_demand,"Nevertheless, everybody should contribute to the funding of the public broadcasters in equal measure,",I am not of the opinion that the retirement age should be set at 63 years.
different_topic,0.42165984071436385,public_broadcasting_fees_on_demand,"Nevertheless, everybody should contribute to the funding of the public broadcasters in equal measure,","After the new BER Airport has been commissioned, Tegel should definitely be closed."
same_topic,0.44712511646120173,public_broadcasting_fees_on_demand,"Nevertheless, everybody should contribute to the funding of the public broadcasters in equal measure,",Not everyone should be obliged to pay the TV & radio licence.
different_topic,0.5023594197063219,public_broadcasting_fees_on_demand,"Nevertheless, everybody should contribute to the funding of the public broadcasters in equal measure,",Actually it would be justified if all German universities charged tuition fees.
different_topic,0.6130278235987613,public_broadcasting_fees_on_demand,"Nevertheless, everybody should contribute to the funding of the public broadcasters in equal measure,",Current regulations for the calculation of the total grade should therefore be maintained.
different_topic,0.5426592643444356,public_broadcasting_fees_on_demand,"Nevertheless, everybody should contribute to the funding of the public broadcasters in equal measure,",Supermarkets and shopping centres should be allowed to open on any Sundays and holidays.
different_topic,0.35431738918827427,public_broadcasting_fees_on_demand,"Nevertheless, everybody should contribute to the funding of the public broadcasters in equal measure,","Many European countries, for instance the Netherlands, Sweden and Great Britain, have already understood this and successfully adjusted the opening hours for retailers."
different_topic,0.2837164061410086,public_broadcasting_fees_on_demand,"Nevertheless, everybody should contribute to the funding of the public broadcasters in equal measure,",We don't need it.
different_topic,0.5225607730724193,public_broadcasting_fees_on_demand,"Nevertheless, everybody should contribute to the funding of the public broadcasters in equal measure,",Supermarkets and shopping centres should be allowed to open any Sundays and holidays at their discretion.
different_topic,0.4369056059845856,public_broadcasting_fees_on_demand,"Nevertheless, everybody should contribute to the funding of the public broadcasters in equal measure,","If there were higher fines for leaving dog dirt on pavements, there would presumably be less dog dirt,"
different_topic,0.5900127223523502,public_broadcasting_fees_on_demand,"Nevertheless, everybody should contribute to the funding of the public broadcasters in equal measure,",Germany should by no means introduce capital punishment.
same_topic,0.4575086757540703,public_broadcasting_fees_on_demand,"Nevertheless, everybody should contribute to the funding of the public broadcasters in equal measure,","Considering what's on television these days, it would be appropriate to only have those people pay who actually (want to) follow the programming."
different_topic,0.5172572194234185,public_broadcasting_fees_on_demand,"Nevertheless, everybody should contribute to the funding of the public broadcasters in equal measure,","If there must be rent increases, there should also be a cap to avoid nasty surprises."
different_topic,0.4297708743496945,public_broadcasting_fees_on_demand,"Nevertheless, everybody should contribute to the funding of the public broadcasters in equal measure,",German universities should on no account charge tuition fees.
different_topic,0.5155980483345364,public_broadcasting_fees_on_demand,"Nevertheless, everybody should contribute to the funding of the public broadcasters in equal measure,",Hence it is good when shops are not open on Sundays and public holidays.
different_topic,0.5441539920866489,public_broadcasting_fees_on_demand,"Nevertheless, everybody should contribute to the funding of the public broadcasters in equal measure,","Intelligence services should be more closely regulated by parliament,"
different_topic,0.408729926628225,public_broadcasting_fees_on_demand,"Nevertheless, everybody should contribute to the funding of the public broadcasters in equal measure,","BER should be re-conceptualized from scratch,"
different_topic,0.4469570973340203,public_broadcasting_fees_on_demand,"Nevertheless, everybody should contribute to the funding of the public broadcasters in equal measure,",the EU should not intervene in local politics.
different_topic,0.5889260731637479,public_broadcasting_fees_on_demand,"Nevertheless, everybody should contribute to the funding of the public broadcasters in equal measure,","The implementation of retirement at 63 is no longer socially sustainable,"
different_topic,0.5479684251326101,public_broadcasting_fees_on_demand,"Nevertheless, everybody should contribute to the funding of the public broadcasters in equal measure,",That's why there ought to be one day a week when supermarkets and shopping centres stay closed.
same_topic,0.4176291357725858,public_broadcasting_fees_on_demand,"Nevertheless, everybody should contribute to the funding of the public broadcasters in equal measure,",everyone should chip in.
different_topic,0.36184911517535934,public_broadcasting_fees_on_demand,"Nevertheless, everybody should contribute to the funding of the public broadcasters in equal measure,",The state ought to prevent murder - not avenge it.
different_topic,0.4407720821244376,public_broadcasting_fees_on_demand,"Nevertheless, everybody should contribute to the funding of the public broadcasters in equal measure,",A constant increase in rent upon a change of tenants hence cannot be desired by society.
different_topic,0.5749679434867131,public_broadcasting_fees_on_demand,"Nevertheless, everybody should contribute to the funding of the public broadcasters in equal measure,",It is quite clear that Sunday should remain a day of rest.
different_topic,0.46811598827761985,public_broadcasting_fees_on_demand,"Nevertheless, everybody should contribute to the funding of the public broadcasters in equal measure,","The BA dissertation should, if not make up the entire grade, then at least constitute a larger share of it."
different_topic,0.5445216923952103,public_broadcasting_fees_on_demand,"Nevertheless, everybody should contribute to the funding of the public broadcasters in equal measure,","Dog owners should pay higher fines for dog dirt left on pavements,"
different_topic,0.37683654929462235,public_broadcasting_fees_on_demand,"Nevertheless, everybody should contribute to the funding of the public broadcasters in equal measure,","Still, the state needs the death penalty as a deterrent to horrific crimes."
same_topic,0.6442395063738028,public_broadcasting_fees_on_demand,"Nevertheless, everybody should contribute to the funding of the public broadcasters in equal measure,",The TV license fee should only be collected from those who actually make use of the programming of the public broadcasters.
different_topic,0.4730466210416385,public_broadcasting_fees_on_demand,"Nevertheless, everybody should contribute to the funding of the public broadcasters in equal measure,",No one should have the possibility to pick up the morning-after pill over the counter at the pharmacy.
different_topic,0.3774329908192157,public_broadcasting_fees_on_demand,"Nevertheless, everybody should contribute to the funding of the public broadcasters in equal measure,",Increasing penalties is therefore the right way.
different_topic,0.3889272588750591,stricter_regulation_of_intelligence_services,Intelligence services must urgently be regulated more tightly by parliament;,The death penalty is a legal means that as such is not practicable in Germany.
different_topic,0.6376992702484131,stricter_regulation_of_intelligence_services,Intelligence services must urgently be regulated more tightly by parliament;,That's why causing such obstacles must to be more urgently punished.
different_topic,0.46449270223577815,stricter_regulation_of_intelligence_services,Intelligence services must urgently be regulated more tightly by parliament;,That's why a visit to the doctor and professional advice should remain mandatory.
different_topic,0.5217428883990726,stricter_regulation_of_intelligence_services,Intelligence services must urgently be regulated more tightly by parliament;,It is unfair and unjustifiable that new tenants have to pay a much higher rent than previous residents.
different_topic,0.39392085179038666,stricter_regulation_of_intelligence_services,Intelligence services must urgently be regulated more tightly by parliament;,"Alternative treatments should be subsidized in the same way as conventional treatments,"
different_topic,0.5617451503359039,stricter_regulation_of_intelligence_services,Intelligence services must urgently be regulated more tightly by parliament;,For dog dirt left on the pavement dog owners should by all means pay a bit more.
different_topic,0.35448280892201833,stricter_regulation_of_intelligence_services,Intelligence services must urgently be regulated more tightly by parliament;,"A simply designed practical outfit would even out the overall visual image of a school, and direct attention towards the character and achievements of the students - and not their buying power."
different_topic,0.32839659245117847,stricter_regulation_of_intelligence_services,Intelligence services must urgently be regulated more tightly by parliament;,Health insurance companies should naturally cover alternative medical treatments.
different_topic,0.4151862776941723,stricter_regulation_of_intelligence_services,Intelligence services must urgently be regulated more tightly by parliament;,"Actually only those people should pay a TV & radio licence fee who really watch ARD, ZDF, Arte etc."
different_topic,0.4823200610967783,stricter_regulation_of_intelligence_services,Intelligence services must urgently be regulated more tightly by parliament;,"Well, I as an employee find it very practical to be able to shop at least on weekends."
different_topic,0.35552706230770453,stricter_regulation_of_intelligence_services,Intelligence services must urgently be regulated more tightly by parliament;,It would therefore be wise to adjust the required effort for final theses accordingly.
different_topic,0.3269890050093333,stricter_regulation_of_intelligence_services,Intelligence services must urgently be regulated more tightly by parliament;,Rent prices should be limited by a cap when there's a change of tenant.
different_topic,0.4107320085167885,stricter_regulation_of_intelligence_services,Intelligence services must urgently be regulated more tightly by parliament;,Therefore no unproven and unrecognized treatments by naturopaths should be reimbursed by the insurance companies.
different_topic,0.3571202375672081,stricter_regulation_of_intelligence_services,Intelligence services must urgently be regulated more tightly by parliament;,Tax data that are not made available for free should therefore not be acquired by the state.
different_topic,0.48430462110610234,stricter_regulation_of_intelligence_services,Intelligence services must urgently be regulated more tightly by parliament;,computer games should also not be recognized as Olympic events.
different_topic,0.3062727749347687,stricter_regulation_of_intelligence_services,Intelligence services must urgently be regulated more tightly by parliament;,Tuition fees should not be charged in Germany.
different_topic,0.5266696082221137,stricter_regulation_of_intelligence_services,Intelligence services must urgently be regulated more tightly by parliament;,"No, the retirement age should be raised to 65 again."
different_topic,0.4623861434784803,stricter_regulation_of_intelligence_services,Intelligence services must urgently be regulated more tightly by parliament;,That's why Germany should not introduce capital punishment!
different_topic,0.46147085070610044,stricter_regulation_of_intelligence_services,Intelligence services must urgently be regulated more tightly by parliament;,A stop must be put to exorbitant rents by imposing a limit on rent increases when changing residences.
different_topic,0.5090030970481726,stricter_regulation_of_intelligence_services,Intelligence services must urgently be regulated more tightly by parliament;,A reduction in the amount of chemically produced medication per person is most certainly desirable.
different_topic,0.41484766025786046,stricter_regulation_of_intelligence_services,Intelligence services must urgently be regulated more tightly by parliament;,The statutory health insurance companies should also cover treatments with non-medical and alternative practitioners.
different_topic,0.22572211685933563,stricter_regulation_of_intelligence_services,Intelligence services must urgently be regulated more tightly by parliament;,The death penalty should be abandoned everywhere.
different_topic,0.3815935738384724,stricter_regulation_of_intelligence_services,Intelligence services must urgently be regulated more tightly by parliament;,The universities in Germany should not under any circumstances charge tuition fees.
different_topic,0.40774027285752473,stricter_regulation_of_intelligence_services,Intelligence services must urgently be regulated more tightly by parliament;,The TV/radio licence fee can only be required of all citizens/households equally.
different_topic,0.22949975430965422,stricter_regulation_of_intelligence_services,Intelligence services must urgently be regulated more tightly by parliament;,School uniforms should not be worn in our schools.
different_topic,0.4568024331873114,stricter_regulation_of_intelligence_services,Intelligence services must urgently be regulated more tightly by parliament;,"One should not re-introduce capital punishment in Germany,"
different_topic,0.5277294094363848,stricter_regulation_of_intelligence_services,Intelligence services must urgently be regulated more tightly by parliament;,There should be a higher fine for dog dirt on the pavement.
different_topic,0.4956511855125427,stricter_regulation_of_intelligence_services,Intelligence services must urgently be regulated more tightly by parliament;,"I find the peripheral housing development at Tempelhofer Feld right for urban planning reasons,"
different_topic,0.23995653688907623,stricter_regulation_of_intelligence_services,Intelligence services must urgently be regulated more tightly by parliament;,Tuition fees should not generally be charged by universities.
different_topic,0.46284123855056586,stricter_regulation_of_intelligence_services,Intelligence services must urgently be regulated more tightly by parliament;,The health insurance companies ought to be enabled to recognize a doctor's decision for natural treatment and also to cover it.
different_topic,0.42212514366422377,stricter_regulation_of_intelligence_services,Intelligence services must urgently be regulated more tightly by parliament;,Video games ought to be included in the ranks of Olympic events.
different_topic,0.4840300306677819,stricter_regulation_of_intelligence_services,Intelligence services must urgently be regulated more tightly by parliament;,"including planning abilities, reaction time, and reasoning to name but a few."
different_topic,0.5237416944333485,stricter_regulation_of_intelligence_services,Intelligence services must urgently be regulated more tightly by parliament;,The morning-after pill ought to be available over-the-counter in pharmacies.
different_topic,0.2995572217873165,stricter_regulation_of_intelligence_services,Intelligence services must urgently be regulated more tightly by parliament;,School uniforms should be introduced in our schools again.
different_topic,0.42005407291909924,stricter_regulation_of_intelligence_services,Intelligence services must urgently be regulated more tightly by parliament;,The EU should exert influence on the political events in Ukraine.
different_topic,0.5358359080094558,stricter_regulation_of_intelligence_services,Intelligence services must urgently be regulated more tightly by parliament;,There should be much higher fines for dog dirt left on pavements.
same_topic,0.7161708313685197,stricter_regulation_of_intelligence_services,Intelligence services must urgently be regulated more tightly by parliament;,Secret services must be more tightly regulated in order to prevent excessive surveillance.
different_topic,0.29330960229823466,stricter_regulation_of_intelligence_services,Intelligence services must urgently be regulated more tightly by parliament;,dispensing it without medical advice would be inappropriate.
different_topic,0.4910154133103788,stricter_regulation_of_intelligence_services,Intelligence services must urgently be regulated more tightly by parliament;,For instance the morning-after pill could result in a decrease in the use of condoms and thus lead to an increase in new infections with Aids.
different_topic,0.565724951605643,stricter_regulation_of_intelligence_services,Intelligence services must urgently be regulated more tightly by parliament;,As a central airport Berlin Tegel is particularly attractive for business travellers and should by all means remain operational.
different_topic,0.4556020426750183,stricter_regulation_of_intelligence_services,Intelligence services must urgently be regulated more tightly by parliament;,Acquiring CDs with tax data of tax delinquents is therefore out of the question.
same_topic,0.5851834900677205,stricter_regulation_of_intelligence_services,Intelligence services must urgently be regulated more tightly by parliament;,That's why intelligence services must be regulated in the framework of parliamentary oversight committees.
different_topic,0.4446101790027959,stricter_regulation_of_intelligence_services,Intelligence services must urgently be regulated more tightly by parliament;,The morning-after pill should only be prescribed after counselling by a physician or pharmacist.
different_topic,0.39415814930742443,stricter_regulation_of_intelligence_services,Intelligence services must urgently be regulated more tightly by parliament;,Therefore universities should not charge tuition fees in Germany.
different_topic,0.550962778606585,stricter_regulation_of_intelligence_services,Intelligence services must urgently be regulated more tightly by parliament;,Due to the many random factors the bachelor thesis should not play a bigger role.
different_topic,0.3508479843537013,stricter_regulation_of_intelligence_services,Intelligence services must urgently be regulated more tightly by parliament;,Raising the relative retirement age on the basis of the physical fitness of the average citizen is fair.
different_topic,0.49434338323771954,stricter_regulation_of_intelligence_services,Intelligence services must urgently be regulated more tightly by parliament;,For these reasons supermarkets and shopping centres should not be allowed to be open for business on arbitrary Sundays and holidays.
different_topic,0.5540717199996664,stricter_regulation_of_intelligence_services,Intelligence services must urgently be regulated more tightly by parliament;,the statutory retirement age should in the future not remain at 63 years.
different_topic,0.5036569380760193,stricter_regulation_of_intelligence_services,Intelligence services must urgently be regulated more tightly by parliament;,That's why the statutory health insurance companies should not cover such treatments.
different_topic,0.48095641501488223,stricter_regulation_of_intelligence_services,Intelligence services must urgently be regulated more tightly by parliament;,"If however one could find a compromise between green space and housing, then Tempelhofer Feld should definitely be made available for residential construction."
different_topic,0.5151767903758633,stricter_regulation_of_intelligence_services,Intelligence services must urgently be regulated more tightly by parliament;,I argue categorically in favour of over-the-counter availability of the morning-after pill in pharmacies.
different_topic,0.5374145933559963,stricter_regulation_of_intelligence_services,Intelligence services must urgently be regulated more tightly by parliament;,the EU should intervene right away.
different_topic,0.4813363860050837,stricter_regulation_of_intelligence_services,Intelligence services must urgently be regulated more tightly by parliament;,"Especially now, as there is a lack of skilled labour, it's irresponsible for the economy and prosperity to retire at 63."
different_topic,0.37251132130622866,stricter_regulation_of_intelligence_services,Intelligence services must urgently be regulated more tightly by parliament;,It would be fair to make them into an Olympic event.
different_topic,0.5210180638564957,stricter_regulation_of_intelligence_services,Intelligence services must urgently be regulated more tightly by parliament;,A cap on rent increases upon tenant change is therefore not to be supported.
different_topic,0.5370589825842116,stricter_regulation_of_intelligence_services,Intelligence services must urgently be regulated more tightly by parliament;,Opening on Sundays and holidays would therefore help both customers and shops.
different_topic,0.4990003897863276,stricter_regulation_of_intelligence_services,Intelligence services must urgently be regulated more tightly by parliament;,Higher penalties for dog dirt are pointless as long as there is not enough personnel to enforce them.
different_topic,0.4088263312975566,stricter_regulation_of_intelligence_services,Intelligence services must urgently be regulated more tightly by parliament;,I am not of the opinion that the retirement age should be set at 63 years.
different_topic,0.42465705672899884,stricter_regulation_of_intelligence_services,Intelligence services must urgently be regulated more tightly by parliament;,"After the new BER Airport has been commissioned, Tegel should definitely be closed."
different_topic,0.3343988738276742,stricter_regulation_of_intelligence_services,Intelligence services must urgently be regulated more tightly by parliament;,Not everyone should be obliged to pay the TV & radio licence.
different_topic,0.4126976703604063,stricter_regulation_of_intelligence_services,Intelligence services must urgently be regulated more tightly by parliament;,Actually it would be justified if all German universities charged tuition fees.
different_topic,0.4674267254092477,stricter_regulation_of_intelligence_services,Intelligence services must urgently be regulated more tightly by parliament;,Current regulations for the calculation of the total grade should therefore be maintained.
different_topic,0.49463740607787826,stricter_regulation_of_intelligence_services,Intelligence services must urgently be regulated more tightly by parliament;,Supermarkets and shopping centres should be allowed to open on any Sundays and holidays.
different_topic,0.42551779264912887,stricter_regulation_of_intelligence_services,Intelligence services must urgently be regulated more tightly by parliament;,"Many European countries, for instance the Netherlands, Sweden and Great Britain, have already understood this and successfully adjusted the opening hours for retailers."
different_topic,0.28799503340440635,stricter_regulation_of_intelligence_services,Intelligence services must urgently be regulated more tightly by parliament;,We don't need it.
different_topic,0.478149492541949,stricter_regulation_of_intelligence_services,Intelligence services must urgently be regulated more tightly by parliament;,Supermarkets and shopping centres should be allowed to open any Sundays and holidays at their discretion.
different_topic,0.5447105130841654,stricter_regulation_of_intelligence_services,Intelligence services must urgently be regulated more tightly by parliament;,"If there were higher fines for leaving dog dirt on pavements, there would presumably be less dog dirt,"
different_topic,0.5922655332088471,stricter_regulation_of_intelligence_services,Intelligence services must urgently be regulated more tightly by parliament;,Germany should by no means introduce capital punishment.
different_topic,0.44293101851282446,stricter_regulation_of_intelligence_services,Intelligence services must urgently be regulated more tightly by parliament;,"Considering what's on television these days, it would be appropriate to only have those people pay who actually (want to) follow the programming."
different_topic,0.588490347449596,stricter_regulation_of_intelligence_services,Intelligence services must urgently be regulated more tightly by parliament;,"If there must be rent increases, there should also be a cap to avoid nasty surprises."
different_topic,0.3381157978014512,stricter_regulation_of_intelligence_services,Intelligence services must urgently be regulated more tightly by parliament;,German universities should on no account charge tuition fees.
different_topic,0.5042175467197711,stricter_regulation_of_intelligence_services,Intelligence services must urgently be regulated more tightly by parliament;,Hence it is good when shops are not open on Sundays and public holidays.
same_topic,0.8697965586626971,stricter_regulation_of_intelligence_services,Intelligence services must urgently be regulated more tightly by parliament;,"Intelligence services should be more closely regulated by parliament,"
different_topic,0.33314609080553054,stricter_regulation_of_intelligence_services,Intelligence services must urgently be regulated more tightly by parliament;,"BER should be re-conceptualized from scratch,"
different_topic,0.4043809562921524,stricter_regulation_of_intelligence_services,Intelligence services must urgently be regulated more tightly by parliament;,the EU should not intervene in local politics.
different_topic,0.5168664786550734,stricter_regulation_of_intelligence_services,Intelligence services must urgently be regulated more tightly by parliament;,"The implementation of retirement at 63 is no longer socially sustainable,"
different_topic,0.5944301476081213,stricter_regulation_of_intelligence_services,Intelligence services must urgently be regulated more tightly by parliament;,That's why there ought to be one day a week when supermarkets and shopping centres stay closed.
different_topic,0.3410692246336686,stricter_regulation_of_intelligence_services,Intelligence services must urgently be regulated more tightly by parliament;,everyone should chip in.
different_topic,0.2671929746866226,stricter_regulation_of_intelligence_services,Intelligence services must urgently be regulated more tightly by parliament;,The state ought to prevent murder - not avenge it.
different_topic,0.4000739802916845,stricter_regulation_of_intelligence_services,Intelligence services must urgently be regulated more tightly by parliament;,A constant increase in rent upon a change of tenants hence cannot be desired by society.
different_topic,0.5246492723623912,stricter_regulation_of_intelligence_services,Intelligence services must urgently be regulated more tightly by parliament;,It is quite clear that Sunday should remain a day of rest.
different_topic,0.5390939642401303,stricter_regulation_of_intelligence_services,Intelligence services must urgently be regulated more tightly by parliament;,"The BA dissertation should, if not make up the entire grade, then at least constitute a larger share of it."
different_topic,0.5372856956507478,stricter_regulation_of_intelligence_services,Intelligence services must urgently be regulated more tightly by parliament;,"Dog owners should pay higher fines for dog dirt left on pavements,"
different_topic,0.37128221175887366,stricter_regulation_of_intelligence_services,Intelligence services must urgently be regulated more tightly by parliament;,"Still, the state needs the death penalty as a deterrent to horrific crimes."
different_topic,0.4422788432350864,stricter_regulation_of_intelligence_services,Intelligence services must urgently be regulated more tightly by parliament;,The TV license fee should only be collected from those who actually make use of the programming of the public broadcasters.
different_topic,0.5278930933244766,stricter_regulation_of_intelligence_services,Intelligence services must urgently be regulated more tightly by parliament;,No one should have the possibility to pick up the morning-after pill over the counter at the pharmacy.
different_topic,0.3338721363168014,stricter_regulation_of_intelligence_services,Intelligence services must urgently be regulated more tightly by parliament;,Increasing penalties is therefore the right way.
different_topic,0.49470766186714166,introduce_capital_punishment,The death penalty is a legal means that as such is not practicable in Germany.,That's why causing such obstacles must to be more urgently punished.
different_topic,0.4596404856757114,introduce_capital_punishment,The death penalty is a legal means that as such is not practicable in Germany.,That's why a visit to the doctor and professional advice should remain mandatory.
different_topic,0.3296039253473282,introduce_capital_punishment,The death penalty is a legal means that as such is not practicable in Germany.,It is unfair and unjustifiable that new tenants have to pay a much higher rent than previous residents.
different_topic,0.46978935930464005,introduce_capital_punishment,The death penalty is a legal means that as such is not practicable in Germany.,"Alternative treatments should be subsidized in the same way as conventional treatments,"
different_topic,0.41858945786952967,introduce_capital_punishment,The death penalty is a legal means that as such is not practicable in Germany.,For dog dirt left on the pavement dog owners should by all means pay a bit more.
different_topic,0.3141974449157715,introduce_capital_punishment,The death penalty is a legal means that as such is not practicable in Germany.,"A simply designed practical outfit would even out the overall visual image of a school, and direct attention towards the character and achievements of the students - and not their buying power."
different_topic,0.32459864185916054,introduce_capital_punishment,The death penalty is a legal means that as such is not practicable in Germany.,Health insurance companies should naturally cover alternative medical treatments.
different_topic,0.3365832990215671,introduce_capital_punishment,The death penalty is a legal means that as such is not practicable in Germany.,"Actually only those people should pay a TV & radio licence fee who really watch ARD, ZDF, Arte etc."
different_topic,0.35643658396743594,introduce_capital_punishment,The death penalty is a legal means that as such is not practicable in Germany.,"Well, I as an employee find it very practical to be able to shop at least on weekends."
different_topic,0.416746437549591,introduce_capital_punishment,The death penalty is a legal means that as such is not practicable in Germany.,It would therefore be wise to adjust the required effort for final theses accordingly.
different_topic,0.33860552869737154,introduce_capital_punishment,The death penalty is a legal means that as such is not practicable in Germany.,Rent prices should be limited by a cap when there's a change of tenant.
different_topic,0.34955591277072307,introduce_capital_punishment,The death penalty is a legal means that as such is not practicable in Germany.,Therefore no unproven and unrecognized treatments by naturopaths should be reimbursed by the insurance companies.
different_topic,0.3113649294656866,introduce_capital_punishment,The death penalty is a legal means that as such is not practicable in Germany.,Tax data that are not made available for free should therefore not be acquired by the state.
different_topic,0.47556102089583874,introduce_capital_punishment,The death penalty is a legal means that as such is not practicable in Germany.,computer games should also not be recognized as Olympic events.
different_topic,0.46393786668777465,introduce_capital_punishment,The death penalty is a legal means that as such is not practicable in Germany.,Tuition fees should not be charged in Germany.
different_topic,0.39710065587000415,introduce_capital_punishment,The death penalty is a legal means that as such is not practicable in Germany.,"No, the retirement age should be raised to 65 again."
same_topic,0.6605421585195206,introduce_capital_punishment,The death penalty is a legal means that as such is not practicable in Germany.,That's why Germany should not introduce capital punishment!
different_topic,0.4269591808319092,introduce_capital_punishment,The death penalty is a legal means that as such is not practicable in Germany.,A stop must be put to exorbitant rents by imposing a limit on rent increases when changing residences.
different_topic,0.36853836547760743,introduce_capital_punishment,The death penalty is a legal means that as such is not practicable in Germany.,A reduction in the amount of chemically produced medication per person is most certainly desirable.
different_topic,0.3460566618225791,introduce_capital_punishment,The death penalty is a legal means that as such is not practicable in Germany.,The statutory health insurance companies should also cover treatments with non-medical and alternative practitioners.
same_topic,0.507168173789978,introduce_capital_punishment,The death penalty is a legal means that as such is not practicable in Germany.,The death penalty should be abandoned everywhere.
different_topic,0.4981259578152707,introduce_capital_punishment,The death penalty is a legal means that as such is not practicable in Germany.,The universities in Germany should not under any circumstances charge tuition fees.
different_topic,0.4238828041336753,introduce_capital_punishment,The death penalty is a legal means that as such is not practicable in Germany.,The TV/radio licence fee can only be required of all citizens/households equally.
different_topic,0.34324586391448975,introduce_capital_punishment,The death penalty is a legal means that as such is not practicable in Germany.,School uniforms should not be worn in our schools.
same_topic,0.6920409307760351,introduce_capital_punishment,The death penalty is a legal means that as such is not practicable in Germany.,"One should not re-introduce capital punishment in Germany,"
different_topic,0.3965201001418264,introduce_capital_punishment,The death penalty is a legal means that as such is not practicable in Germany.,There should be a higher fine for dog dirt on the pavement.
different_topic,0.5269741557893299,introduce_capital_punishment,The death penalty is a legal means that as such is not practicable in Germany.,"I find the peripheral housing development at Tempelhofer Feld right for urban planning reasons,"
different_topic,0.2867041488488516,introduce_capital_punishment,The death penalty is a legal means that as such is not practicable in Germany.,Tuition fees should not generally be charged by universities.
different_topic,0.32420429587364197,introduce_capital_punishment,The death penalty is a legal means that as such is not practicable in Germany.,The health insurance companies ought to be enabled to recognize a doctor's decision for natural treatment and also to cover it.
different_topic,0.4780276156961918,introduce_capital_punishment,The death penalty is a legal means that as such is not practicable in Germany.,Video games ought to be included in the ranks of Olympic events.
different_topic,0.5203107517016561,introduce_capital_punishment,The death penalty is a legal means that as such is not practicable in Germany.,"including planning abilities, reaction time, and reasoning to name but a few."
different_topic,0.3281058098958886,introduce_capital_punishment,The death penalty is a legal means that as such is not practicable in Germany.,The morning-after pill ought to be available over-the-counter in pharmacies.
different_topic,0.4365945924073457,introduce_capital_punishment,The death penalty is a legal means that as such is not practicable in Germany.,School uniforms should be introduced in our schools again.
different_topic,0.5335113803545634,introduce_capital_punishment,The death penalty is a legal means that as such is not practicable in Germany.,The EU should exert influence on the political events in Ukraine.
different_topic,0.4062349491176151,introduce_capital_punishment,The death penalty is a legal means that as such is not practicable in Germany.,There should be much higher fines for dog dirt left on pavements.
different_topic,0.3865953343255179,introduce_capital_punishment,The death penalty is a legal means that as such is not practicable in Germany.,Secret services must be more tightly regulated in order to prevent excessive surveillance.
different_topic,0.39845602427210125,introduce_capital_punishment,The death penalty is a legal means that as such is not practicable in Germany.,dispensing it without medical advice would be inappropriate.
different_topic,0.3800667502261974,introduce_capital_punishment,The death penalty is a legal means that as such is not practicable in Germany.,For instance the morning-after pill could result in a decrease in the use of condoms and thus lead to an increase in new infections with Aids.
different_topic,0.38972166868356556,introduce_capital_punishment,The death penalty is a legal means that as such is not practicable in Germany.,As a central airport Berlin Tegel is particularly attractive for business travellers and should by all means remain operational.
different_topic,0.4002955988049507,introduce_capital_punishment,The death penalty is a legal means that as such is not practicable in Germany.,Acquiring CDs with tax data of tax delinquents is therefore out of the question.
different_topic,0.41742116369699184,introduce_capital_punishment,The death penalty is a legal means that as such is not practicable in Germany.,That's why intelligence services must be regulated in the framework of parliamentary oversight committees.
different_topic,0.4524645416632942,introduce_capital_punishment,The death penalty is a legal means that as such is not practicable in Germany.,The morning-after pill should only be prescribed after counselling by a physician or pharmacist.
different_topic,0.5395065142827875,introduce_capital_punishment,The death penalty is a legal means that as such is not practicable in Germany.,Therefore universities should not charge tuition fees in Germany.
different_topic,0.4122155671534331,introduce_capital_punishment,The death penalty is a legal means that as such is not practicable in Germany.,Due to the many random factors the bachelor thesis should not play a bigger role.
different_topic,0.34525120258331293,introduce_capital_punishment,The death penalty is a legal means that as such is not practicable in Germany.,Raising the relative retirement age on the basis of the physical fitness of the average citizen is fair.
different_topic,0.3572614722781711,introduce_capital_punishment,The death penalty is a legal means that as such is not practicable in Germany.,For these reasons supermarkets and shopping centres should not be allowed to be open for business on arbitrary Sundays and holidays.
different_topic,0.3222161829471588,introduce_capital_punishment,The death penalty is a legal means that as such is not practicable in Germany.,the statutory retirement age should in the future not remain at 63 years.
different_topic,0.48055970370769496,introduce_capital_punishment,The death penalty is a legal means that as such is not practicable in Germany.,That's why the statutory health insurance companies should not cover such treatments.
different_topic,0.380061462521553,introduce_capital_punishment,The death penalty is a legal means that as such is not practicable in Germany.,"If however one could find a compromise between green space and housing, then Tempelhofer Feld should definitely be made available for residential construction."
different_topic,0.32373273143401515,introduce_capital_punishment,The death penalty is a legal means that as such is not practicable in Germany.,I argue categorically in favour of over-the-counter availability of the morning-after pill in pharmacies.
different_topic,0.48609278025105596,introduce_capital_punishment,The death penalty is a legal means that as such is not practicable in Germany.,the EU should intervene right away.
different_topic,0.3829477393627167,introduce_capital_punishment,The death penalty is a legal means that as such is not practicable in Germany.,"Especially now, as there is a lack of skilled labour, it's irresponsible for the economy and prosperity to retire at 63."
different_topic,0.5191705067952475,introduce_capital_punishment,The death penalty is a legal means that as such is not practicable in Germany.,It would be fair to make them into an Olympic event.
different_topic,0.3922646709463813,introduce_capital_punishment,The death penalty is a legal means that as such is not practicable in Germany.,A cap on rent increases upon tenant change is therefore not to be supported.
different_topic,0.3866844068874012,introduce_capital_punishment,The death penalty is a legal means that as such is not practicable in Germany.,Opening on Sundays and holidays would therefore help both customers and shops.
different_topic,0.3780303494683627,introduce_capital_punishment,The death penalty is a legal means that as such is not practicable in Germany.,Higher penalties for dog dirt are pointless as long as there is not enough personnel to enforce them.
different_topic,0.37426985878693436,introduce_capital_punishment,The death penalty is a legal means that as such is not practicable in Germany.,I am not of the opinion that the retirement age should be set at 63 years.
different_topic,0.4473939522316581,introduce_capital_punishment,The death penalty is a legal means that as such is not practicable in Germany.,"After the new BER Airport has been commissioned, Tegel should definitely be closed."
different_topic,0.44742387533187866,introduce_capital_punishment,The death penalty is a legal means that as such is not practicable in Germany.,Not everyone should be obliged to pay the TV & radio licence.
different_topic,0.5625740226946379,introduce_capital_punishment,The death penalty is a legal means that as such is not practicable in Germany.,Actually it would be justified if all German universities charged tuition fees.
different_topic,0.4069381251054652,introduce_capital_punishment,The death penalty is a legal means that as such is not practicable in Germany.,Current regulations for the calculation of the total grade should therefore be maintained.
different_topic,0.33222378293673194,introduce_capital_punishment,The death penalty is a legal means that as such is not practicable in Germany.,Supermarkets and shopping centres should be allowed to open on any Sundays and holidays.
different_topic,0.39524479775593196,introduce_capital_punishment,The death penalty is a legal means that as such is not practicable in Germany.,"Many European countries, for instance the Netherlands, Sweden and Great Britain, have already understood this and successfully adjusted the opening hours for retailers."
same_topic,0.3135224183400472,introduce_capital_punishment,The death penalty is a legal means that as such is not practicable in Germany.,We don't need it.
different_topic,0.32127516031265263,introduce_capital_punishment,The death penalty is a legal means that as such is not practicable in Germany.,Supermarkets and shopping centres should be allowed to open any Sundays and holidays at their discretion.
different_topic,0.34526942326472354,introduce_capital_punishment,The death penalty is a legal means that as such is not practicable in Germany.,"If there were higher fines for leaving dog dirt on pavements, there would presumably be less dog dirt,"
same_topic,0.5913932081311941,introduce_capital_punishment,The death penalty is a legal means that as such is not practicable in Germany.,Germany should by no means introduce capital punishment.
different_topic,0.4457263747851054,introduce_capital_punishment,The death penalty is a legal means that as such is not practicable in Germany.,"Considering what's on television these days, it would be appropriate to only have those people pay who actually (want to) follow the programming."
different_topic,0.38116328063465305,introduce_capital_punishment,The death penalty is a legal means that as such is not practicable in Germany.,"If there must be rent increases, there should also be a cap to avoid nasty surprises."
different_topic,0.47484002218526955,introduce_capital_punishment,The death penalty is a legal means that as such is not practicable in Germany.,German universities should on no account charge tuition fees.
different_topic,0.41083235541979474,introduce_capital_punishment,The death penalty is a legal means that as such is not practicable in Germany.,Hence it is good when shops are not open on Sundays and public holidays.
different_topic,0.4084771885113283,introduce_capital_punishment,The death penalty is a legal means that as such is not practicable in Germany.,"Intelligence services should be more closely regulated by parliament,"
different_topic,0.4594437897205353,introduce_capital_punishment,The death penalty is a legal means that as such is not practicable in Germany.,"BER should be re-conceptualized from scratch,"
different_topic,0.4135852416356404,introduce_capital_punishment,The death penalty is a legal means that as such is not practicable in Germany.,the EU should not intervene in local politics.
different_topic,0.4382966661995107,introduce_capital_punishment,The death penalty is a legal means that as such is not practicable in Germany.,"The implementation of retirement at 63 is no longer socially sustainable,"
different_topic,0.39232064247131343,introduce_capital_punishment,The death penalty is a legal means that as such is not practicable in Germany.,That's why there ought to be one day a week when supermarkets and shopping centres stay closed.
different_topic,0.25391490172062603,introduce_capital_punishment,The death penalty is a legal means that as such is not practicable in Germany.,everyone should chip in.
same_topic,0.3322852810223897,introduce_capital_punishment,The death penalty is a legal means that as such is not practicable in Germany.,The state ought to prevent murder - not avenge it.
different_topic,0.48046342950118215,introduce_capital_punishment,The death penalty is a legal means that as such is not practicable in Germany.,A constant increase in rent upon a change of tenants hence cannot be desired by society.
different_topic,0.4437299010000731,introduce_capital_punishment,The death penalty is a legal means that as such is not practicable in Germany.,It is quite clear that Sunday should remain a day of rest.
different_topic,0.3466447509568313,introduce_capital_punishment,The death penalty is a legal means that as such is not practicable in Germany.,"The BA dissertation should, if not make up the entire grade, then at least constitute a larger share of it."
different_topic,0.37235199368518324,introduce_capital_punishment,The death penalty is a legal means that as such is not practicable in Germany.,"Dog owners should pay higher fines for dog dirt left on pavements,"
same_topic,0.5994606859543745,introduce_capital_punishment,The death penalty is a legal means that as such is not practicable in Germany.,"Still, the state needs the death penalty as a deterrent to horrific crimes."
different_topic,0.3880114176056602,introduce_capital_punishment,The death penalty is a legal means that as such is not practicable in Germany.,The TV license fee should only be collected from those who actually make use of the programming of the public broadcasters.
different_topic,0.4182732999324799,introduce_capital_punishment,The death penalty is a legal means that as such is not practicable in Germany.,No one should have the possibility to pick up the morning-after pill over the counter at the pharmacy.
different_topic,0.45963444880076815,introduce_capital_punishment,The death penalty is a legal means that as such is not practicable in Germany.,Increasing penalties is therefore the right way.
different_topic,0.5983033655654816,higher_dog_poo_fines,That's why causing such obstacles must to be more urgently punished.,That's why a visit to the doctor and professional advice should remain mandatory.
different_topic,0.502209500354879,higher_dog_poo_fines,That's why causing such obstacles must to be more urgently punished.,It is unfair and unjustifiable that new tenants have to pay a much higher rent than previous residents.
different_topic,0.5060725659132004,higher_dog_poo_fines,That's why causing such obstacles must to be more urgently punished.,"Alternative treatments should be subsidized in the same way as conventional treatments,"
same_topic,0.5400347182383904,higher_dog_poo_fines,That's why causing such obstacles must to be more urgently punished.,For dog dirt left on the pavement dog owners should by all means pay a bit more.
different_topic,0.3499299194663763,higher_dog_poo_fines,That's why causing such obstacles must to be more urgently punished.,"A simply designed practical outfit would even out the overall visual image of a school, and direct attention towards the character and achievements of the students - and not their buying power."
different_topic,0.35825731903314584,higher_dog_poo_fines,That's why causing such obstacles must to be more urgently punished.,Health insurance companies should naturally cover alternative medical treatments.
different_topic,0.39771041454690875,higher_dog_poo_fines,That's why causing such obstacles must to be more urgently punished.,"Actually only those people should pay a TV & radio licence fee who really watch ARD, ZDF, Arte etc."
different_topic,0.5291338925776274,higher_dog_poo_fines,That's why causing such obstacles must to be more urgently punished.,"Well, I as an employee find it very practical to be able to shop at least on weekends."
different_topic,0.43119252982892486,higher_dog_poo_fines,That's why causing such obstacles must to be more urgently punished.,It would therefore be wise to adjust the required effort for final theses accordingly.
different_topic,0.32133039004272884,higher_dog_poo_fines,That's why causing such obstacles must to be more urgently punished.,Rent prices should be limited by a cap when there's a change of tenant.
different_topic,0.4542953868707021,higher_dog_poo_fines,That's why causing such obstacles must to be more urgently punished.,Therefore no unproven and unrecognized treatments by naturopaths should be reimbursed by the insurance companies.
different_topic,0.3147564514687187,higher_dog_poo_fines,That's why causing such obstacles must to be more urgently punished.,Tax data that are not made available for free should therefore not be acquired by the state.
different_topic,0.5443207754029168,higher_dog_poo_fines,That's why causing such obstacles must to be more urgently punished.,computer games should also not be recognized as Olympic events.
different_topic,0.2652595218490152,higher_dog_poo_fines,That's why causing such obstacles must to be more urgently punished.,Tuition fees should not be charged in Germany.
different_topic,0.520624727010727,higher_dog_poo_fines,That's why causing such obstacles must to be more urgently punished.,"No, the retirement age should be raised to 65 again."
different_topic,0.5547868483944943,higher_dog_poo_fines,That's why causing such obstacles must to be more urgently punished.,That's why Germany should not introduce capital punishment!
different_topic,0.5397140702063387,higher_dog_poo_fines,That's why causing such obstacles must to be more urgently punished.,A stop must be put to exorbitant rents by imposing a limit on rent increases when changing residences.
different_topic,0.5206569381382155,higher_dog_poo_fines,That's why causing such obstacles must to be more urgently punished.,A reduction in the amount of chemically produced medication per person is most certainly desirable.
different_topic,0.4256896542695661,higher_dog_poo_fines,That's why causing such obstacles must to be more urgently punished.,The statutory health insurance companies should also cover treatments with non-medical and alternative practitioners.
different_topic,0.36275259032845497,higher_dog_poo_fines,That's why causing such obstacles must to be more urgently punished.,The death penalty should be abandoned everywhere.
different_topic,0.34515716632207233,higher_dog_poo_fines,That's why causing such obstacles must to be more urgently punished.,The universities in Germany should not under any circumstances charge tuition fees.
different_topic,0.39976100126902264,higher_dog_poo_fines,That's why causing such obstacles must to be more urgently punished.,The TV/radio licence fee can only be required of all citizens/households equally.
different_topic,0.27396973266321073,higher_dog_poo_fines,That's why causing such obstacles must to be more urgently punished.,School uniforms should not be worn in our schools.
different_topic,0.5460812637680456,higher_dog_poo_fines,That's why causing such obstacles must to be more urgently punished.,"One should not re-introduce capital punishment in Germany,"
same_topic,0.6291688609690892,higher_dog_poo_fines,That's why causing such obstacles must to be more urgently punished.,There should be a higher fine for dog dirt on the pavement.
different_topic,0.5249992479448733,higher_dog_poo_fines,That's why causing such obstacles must to be more urgently punished.,"I find the peripheral housing development at Tempelhofer Feld right for urban planning reasons,"
different_topic,0.2339439479743733,higher_dog_poo_fines,That's why causing such obstacles must to be more urgently punished.,Tuition fees should not generally be charged by universities.
different_topic,0.4758647593359152,higher_dog_poo_fines,That's why causing such obstacles must to be more urgently punished.,The health insurance companies ought to be enabled to recognize a doctor's decision for natural treatment and also to cover it.
different_topic,0.4184045791625976,higher_dog_poo_fines,That's why causing such obstacles must to be more urgently punished.,Video games ought to be included in the ranks of Olympic events.
different_topic,0.588024323894864,higher_dog_poo_fines,That's why causing such obstacles must to be more urgently punished.,"including planning abilities, reaction time, and reasoning to name but a few."
different_topic,0.40515607357025146,higher_dog_poo_fines,That's why causing such obstacles must to be more urgently punished.,The morning-after pill ought to be available over-the-counter in pharmacies.
different_topic,0.3780312604374355,higher_dog_poo_fines,That's why causing such obstacles must to be more urgently punished.,School uniforms should be introduced in our schools again.
different_topic,0.40977102816104893,higher_dog_poo_fines,That's why causing such obstacles must to be more urgently punished.,The EU should exert influence on the political events in Ukraine.
same_topic,0.6569477747315945,higher_dog_poo_fines,That's why causing such obstacles must to be more urgently punished.,There should be much higher fines for dog dirt left on pavements.
different_topic,0.6563521779101827,higher_dog_poo_fines,That's why causing such obstacles must to be more urgently punished.,Secret services must be more tightly regulated in order to prevent excessive surveillance.
different_topic,0.35908583924174303,higher_dog_poo_fines,That's why causing such obstacles must to be more urgently punished.,dispensing it without medical advice would be inappropriate.
different_topic,0.4013739885955021,higher_dog_poo_fines,That's why causing such obstacles must to be more urgently punished.,For instance the morning-after pill could result in a decrease in the use of condoms and thus lead to an increase in new infections with Aids.
different_topic,0.4594754023211343,higher_dog_poo_fines,That's why causing such obstacles must to be more urgently punished.,As a central airport Berlin Tegel is particularly attractive for business travellers and should by all means remain operational.
different_topic,0.48955698582259094,higher_dog_poo_fines,That's why causing such obstacles must to be more urgently punished.,Acquiring CDs with tax data of tax delinquents is therefore out of the question.
different_topic,0.49524073373703736,higher_dog_poo_fines,That's why causing such obstacles must to be more urgently punished.,That's why intelligence services must be regulated in the framework of parliamentary oversight committees.
different_topic,0.40265762209892275,higher_dog_poo_fines,That's why causing such obstacles must to be more urgently punished.,The morning-after pill should only be prescribed after counselling by a physician or pharmacist.
different_topic,0.3567371760544024,higher_dog_poo_fines,That's why causing such obstacles must to be more urgently punished.,Therefore universities should not charge tuition fees in Germany.
different_topic,0.6826864647865296,higher_dog_poo_fines,That's why causing such obstacles must to be more urgently punished.,Due to the many random factors the bachelor thesis should not play a bigger role.
different_topic,0.40304955414363325,higher_dog_poo_fines,That's why causing such obstacles must to be more urgently punished.,Raising the relative retirement age on the basis of the physical fitness of the average citizen is fair.
different_topic,0.5160307637576399,higher_dog_poo_fines,That's why causing such obstacles must to be more urgently punished.,For these reasons supermarkets and shopping centres should not be allowed to be open for business on arbitrary Sundays and holidays.
different_topic,0.4835941667358081,higher_dog_poo_fines,That's why causing such obstacles must to be more urgently punished.,the statutory retirement age should in the future not remain at 63 years.
different_topic,0.5481057713993571,higher_dog_poo_fines,That's why causing such obstacles must to be more urgently punished.,That's why the statutory health insurance companies should not cover such treatments.
different_topic,0.4872669577598572,higher_dog_poo_fines,That's why causing such obstacles must to be more urgently punished.,"If however one could find a compromise between green space and housing, then Tempelhofer Feld should definitely be made available for residential construction."
different_topic,0.4016265507255282,higher_dog_poo_fines,That's why causing such obstacles must to be more urgently punished.,I argue categorically in favour of over-the-counter availability of the morning-after pill in pharmacies.
different_topic,0.566718124681049,higher_dog_poo_fines,That's why causing such obstacles must to be more urgently punished.,the EU should intervene right away.
different_topic,0.5058063356964676,higher_dog_poo_fines,That's why causing such obstacles must to be more urgently punished.,"Especially now, as there is a lack of skilled labour, it's irresponsible for the economy and prosperity to retire at 63."
different_topic,0.4558034714530496,higher_dog_poo_fines,That's why causing such obstacles must to be more urgently punished.,It would be fair to make them into an Olympic event.
different_topic,0.5198228334387144,higher_dog_poo_fines,That's why causing such obstacles must to be more urgently punished.,A cap on rent increases upon tenant change is therefore not to be supported.
different_topic,0.5248983502388,higher_dog_poo_fines,That's why causing such obstacles must to be more urgently punished.,Opening on Sundays and holidays would therefore help both customers and shops.
same_topic,0.5474169119711845,higher_dog_poo_fines,That's why causing such obstacles must to be more urgently punished.,Higher penalties for dog dirt are pointless as long as there is not enough personnel to enforce them.
different_topic,0.4629506468772888,higher_dog_poo_fines,That's why causing such obstacles must to be more urgently punished.,I am not of the opinion that the retirement age should be set at 63 years.
different_topic,0.4282520512739817,higher_dog_poo_fines,That's why causing such obstacles must to be more urgently punished.,"After the new BER Airport has been commissioned, Tegel should definitely be closed."
different_topic,0.4495996032890521,higher_dog_poo_fines,That's why causing such obstacles must to be more urgently punished.,Not everyone should be obliged to pay the TV & radio licence.
different_topic,0.41849119890303843,higher_dog_poo_fines,That's why causing such obstacles must to be more urgently punished.,Actually it would be justified if all German universities charged tuition fees.
different_topic,0.40921970888188014,higher_dog_poo_fines,That's why causing such obstacles must to be more urgently punished.,Current regulations for the calculation of the total grade should therefore be maintained.
different_topic,0.4530362074191754,higher_dog_poo_fines,That's why causing such obstacles must to be more urgently punished.,Supermarkets and shopping centres should be allowed to open on any Sundays and holidays.
different_topic,0.4246935632921034,higher_dog_poo_fines,That's why causing such obstacles must to be more urgently punished.,"Many European countries, for instance the Netherlands, Sweden and Great Britain, have already understood this and successfully adjusted the opening hours for retailers."
different_topic,0.35409822634288246,higher_dog_poo_fines,That's why causing such obstacles must to be more urgently punished.,We don't need it.
different_topic,0.4427592776439808,higher_dog_poo_fines,That's why causing such obstacles must to be more urgently punished.,Supermarkets and shopping centres should be allowed to open any Sundays and holidays at their discretion.
same_topic,0.554966173001698,higher_dog_poo_fines,That's why causing such obstacles must to be more urgently punished.,"If there were higher fines for leaving dog dirt on pavements, there would presumably be less dog dirt,"
different_topic,0.5433619679375128,higher_dog_poo_fines,That's why causing such obstacles must to be more urgently punished.,Germany should by no means introduce capital punishment.
different_topic,0.5378430153314885,higher_dog_poo_fines,That's why causing such obstacles must to be more urgently punished.,"Considering what's on television these days, it would be appropriate to only have those people pay who actually (want to) follow the programming."
different_topic,0.6596813409224801,higher_dog_poo_fines,That's why causing such obstacles must to be more urgently punished.,"If there must be rent increases, there should also be a cap to avoid nasty surprises."
different_topic,0.2805933089632737,higher_dog_poo_fines,That's why causing such obstacles must to be more urgently punished.,German universities should on no account charge tuition fees.
different_topic,0.5305893570184709,higher_dog_poo_fines,That's why causing such obstacles must to be more urgently punished.,Hence it is good when shops are not open on Sundays and public holidays.
different_topic,0.6271746059258779,higher_dog_poo_fines,That's why causing such obstacles must to be more urgently punished.,"Intelligence services should be more closely regulated by parliament,"
different_topic,0.3586467995363123,higher_dog_poo_fines,That's why causing such obstacles must to be more urgently punished.,"BER should be re-conceptualized from scratch,"
different_topic,0.36360935077947726,higher_dog_poo_fines,That's why causing such obstacles must to be more urgently punished.,the EU should not intervene in local politics.
different_topic,0.46160869797070825,higher_dog_poo_fines,That's why causing such obstacles must to be more urgently punished.,"The implementation of retirement at 63 is no longer socially sustainable,"
different_topic,0.5739078278894778,higher_dog_poo_fines,That's why causing such obstacles must to be more urgently punished.,That's why there ought to be one day a week when supermarkets and shopping centres stay closed.
different_topic,0.3951775636523962,higher_dog_poo_fines,That's why causing such obstacles must to be more urgently punished.,everyone should chip in.
different_topic,0.3090879811960108,higher_dog_poo_fines,That's why causing such obstacles must to be more urgently punished.,The state ought to prevent murder - not avenge it.
different_topic,0.4382241666316986,higher_dog_poo_fines,That's why causing such obstacles must to be more urgently punished.,A constant increase in rent upon a change of tenants hence cannot be desired by society.
different_topic,0.6027786646570479,higher_dog_poo_fines,That's why causing such obstacles must to be more urgently punished.,It is quite clear that Sunday should remain a day of rest.
different_topic,0.4840076681106321,higher_dog_poo_fines,That's why causing such obstacles must to be more urgently punished.,"The BA dissertation should, if not make up the entire grade, then at least constitute a larger share of it."
same_topic,0.5850487780570984,higher_dog_poo_fines,That's why causing such obstacles must to be more urgently punished.,"Dog owners should pay higher fines for dog dirt left on pavements,"
different_topic,0.5396699685799448,higher_dog_poo_fines,That's why causing such obstacles must to be more urgently punished.,"Still, the state needs the death penalty as a deterrent to horrific crimes."
different_topic,0.427421963463227,higher_dog_poo_fines,That's why causing such obstacles must to be more urgently punished.,The TV license fee should only be collected from those who actually make use of the programming of the public broadcasters.
different_topic,0.45898042406354633,higher_dog_poo_fines,That's why causing such obstacles must to be more urgently punished.,No one should have the possibility to pick up the morning-after pill over the counter at the pharmacy.
same_topic,0.5567247346043587,higher_dog_poo_fines,That's why causing such obstacles must to be more urgently punished.,Increasing penalties is therefore the right way.
different_topic,0.4085741729447336,over_the_counter_morning_after_pill,That's why a visit to the doctor and professional advice should remain mandatory.,It is unfair and unjustifiable that new tenants have to pay a much higher rent than previous residents.
different_topic,0.5605766945763637,over_the_counter_morning_after_pill,That's why a visit to the doctor and professional advice should remain mandatory.,"Alternative treatments should be subsidized in the same way as conventional treatments,"
different_topic,0.4988125038146973,over_the_counter_morning_after_pill,That's why a visit to the doctor and professional advice should remain mandatory.,For dog dirt left on the pavement dog owners should by all means pay a bit more.
different_topic,0.37868845270526025,over_the_counter_morning_after_pill,That's why a visit to the doctor and professional advice should remain mandatory.,"A simply designed practical outfit would even out the overall visual image of a school, and direct attention towards the character and achievements of the students - and not their buying power."
different_topic,0.4723320477887204,over_the_counter_morning_after_pill,That's why a visit to the doctor and professional advice should remain mandatory.,Health insurance companies should naturally cover alternative medical treatments.
different_topic,0.40466641820967203,over_the_counter_morning_after_pill,That's why a visit to the doctor and professional advice should remain mandatory.,"Actually only those people should pay a TV & radio licence fee who really watch ARD, ZDF, Arte etc."
different_topic,0.45835025473074475,over_the_counter_morning_after_pill,That's why a visit to the doctor and professional advice should remain mandatory.,"Well, I as an employee find it very practical to be able to shop at least on weekends."
different_topic,0.43726161453458995,over_the_counter_morning_after_pill,That's why a visit to the doctor and professional advice should remain mandatory.,It would therefore be wise to adjust the required effort for final theses accordingly.
different_topic,0.37540672807132497,over_the_counter_morning_after_pill,That's why a visit to the doctor and professional advice should remain mandatory.,Rent prices should be limited by a cap when there's a change of tenant.
different_topic,0.5777921080589294,over_the_counter_morning_after_pill,That's why a visit to the doctor and professional advice should remain mandatory.,Therefore no unproven and unrecognized treatments by naturopaths should be reimbursed by the insurance companies.
different_topic,0.4217683308654361,over_the_counter_morning_after_pill,That's why a visit to the doctor and professional advice should remain mandatory.,Tax data that are not made available for free should therefore not be acquired by the state.
different_topic,0.6323781329042771,over_the_counter_morning_after_pill,That's why a visit to the doctor and professional advice should remain mandatory.,computer games should also not be recognized as Olympic events.
different_topic,0.3977083428762853,over_the_counter_morning_after_pill,That's why a visit to the doctor and professional advice should remain mandatory.,Tuition fees should not be charged in Germany.
different_topic,0.4432328939437866,over_the_counter_morning_after_pill,That's why a visit to the doctor and professional advice should remain mandatory.,"No, the retirement age should be raised to 65 again."
different_topic,0.5634184694952435,over_the_counter_morning_after_pill,That's why a visit to the doctor and professional advice should remain mandatory.,That's why Germany should not introduce capital punishment!
different_topic,0.43909850007011786,over_the_counter_morning_after_pill,That's why a visit to the doctor and professional advice should remain mandatory.,A stop must be put to exorbitant rents by imposing a limit on rent increases when changing residences.
different_topic,0.4542738551443273,over_the_counter_morning_after_pill,That's why a visit to the doctor and professional advice should remain mandatory.,A reduction in the amount of chemically produced medication per person is most certainly desirable.
different_topic,0.6010700179182964,over_the_counter_morning_after_pill,That's why a visit to the doctor and professional advice should remain mandatory.,The statutory health insurance companies should also cover treatments with non-medical and alternative practitioners.
different_topic,0.3772491534550985,over_the_counter_morning_after_pill,That's why a visit to the doctor and professional advice should remain mandatory.,The death penalty should be abandoned everywhere.
different_topic,0.4567046945914626,over_the_counter_morning_after_pill,That's why a visit to the doctor and professional advice should remain mandatory.,The universities in Germany should not under any circumstances charge tuition fees.
different_topic,0.418123220619948,over_the_counter_morning_after_pill,That's why a visit to the doctor and professional advice should remain mandatory.,The TV/radio licence fee can only be required of all citizens/households equally.
different_topic,0.3365000057965517,over_the_counter_morning_after_pill,That's why a visit to the doctor and professional advice should remain mandatory.,School uniforms should not be worn in our schools.
different_topic,0.51065184838242,over_the_counter_morning_after_pill,That's why a visit to the doctor and professional advice should remain mandatory.,"One should not re-introduce capital punishment in Germany,"
different_topic,0.504026435315609,over_the_counter_morning_after_pill,That's why a visit to the doctor and professional advice should remain mandatory.,There should be a higher fine for dog dirt on the pavement.
different_topic,0.5147439214316281,over_the_counter_morning_after_pill,That's why a visit to the doctor and professional advice should remain mandatory.,"I find the peripheral housing development at Tempelhofer Feld right for urban planning reasons,"
different_topic,0.34861099347472196,over_the_counter_morning_after_pill,That's why a visit to the doctor and professional advice should remain mandatory.,Tuition fees should not generally be charged by universities.
different_topic,0.5852340459823608,over_the_counter_morning_after_pill,That's why a visit to the doctor and professional advice should remain mandatory.,The health insurance companies ought to be enabled to recognize a doctor's decision for natural treatment and also to cover it.
different_topic,0.4750315476866329,over_the_counter_morning_after_pill,That's why a visit to the doctor and professional advice should remain mandatory.,Video games ought to be included in the ranks of Olympic events.
different_topic,0.6179248809814453,over_the_counter_morning_after_pill,That's why a visit to the doctor and professional advice should remain mandatory.,"including planning abilities, reaction time, and reasoning to name but a few."
same_topic,0.4354980066418648,over_the_counter_morning_after_pill,That's why a visit to the doctor and professional advice should remain mandatory.,The morning-after pill ought to be available over-the-counter in pharmacies.
different_topic,0.420069414026597,over_the_counter_morning_after_pill,That's why a visit to the doctor and professional advice should remain mandatory.,School uniforms should be introduced in our schools again.
different_topic,0.4697371909492894,over_the_counter_morning_after_pill,That's why a visit to the doctor and professional advice should remain mandatory.,The EU should exert influence on the political events in Ukraine.
different_topic,0.5334867537021637,over_the_counter_morning_after_pill,That's why a visit to the doctor and professional advice should remain mandatory.,There should be much higher fines for dog dirt left on pavements.
different_topic,0.41759673167358746,over_the_counter_morning_after_pill,That's why a visit to the doctor and professional advice should remain mandatory.,Secret services must be more tightly regulated in order to prevent excessive surveillance.
same_topic,0.46361638555924095,over_the_counter_morning_after_pill,That's why a visit to the doctor and professional advice should remain mandatory.,dispensing it without medical advice would be inappropriate.
same_topic,0.3663593637091773,over_the_counter_morning_after_pill,That's why a visit to the doctor and professional advice should remain mandatory.,For instance the morning-after pill could result in a decrease in the use of condoms and thus lead to an increase in new infections with Aids.
different_topic,0.4734438988897536,over_the_counter_morning_after_pill,That's why a visit to the doctor and professional advice should remain mandatory.,As a central airport Berlin Tegel is particularly attractive for business travellers and should by all means remain operational.
different_topic,0.5099836814971198,over_the_counter_morning_after_pill,That's why a visit to the doctor and professional advice should remain mandatory.,Acquiring CDs with tax data of tax delinquents is therefore out of the question.
different_topic,0.43381713032722474,over_the_counter_morning_after_pill,That's why a visit to the doctor and professional advice should remain mandatory.,That's why intelligence services must be regulated in the framework of parliamentary oversight committees.
same_topic,0.46322761476039886,over_the_counter_morning_after_pill,That's why a visit to the doctor and professional advice should remain mandatory.,The morning-after pill should only be prescribed after counselling by a physician or pharmacist.
different_topic,0.4874555745886432,over_the_counter_morning_after_pill,That's why a visit to the doctor and professional advice should remain mandatory.,Therefore universities should not charge tuition fees in Germany.
different_topic,0.5582147017121314,over_the_counter_morning_after_pill,That's why a visit to the doctor and professional advice should remain mandatory.,Due to the many random factors the bachelor thesis should not play a bigger role.
different_topic,0.3954116106033325,over_the_counter_morning_after_pill,That's why a visit to the doctor and professional advice should remain mandatory.,Raising the relative retirement age on the basis of the physical fitness of the average citizen is fair.
different_topic,0.4644935194935117,over_the_counter_morning_after_pill,That's why a visit to the doctor and professional advice should remain mandatory.,For these reasons supermarkets and shopping centres should not be allowed to be open for business on arbitrary Sundays and holidays.
different_topic,0.4460420323454816,over_the_counter_morning_after_pill,That's why a visit to the doctor and professional advice should remain mandatory.,the statutory retirement age should in the future not remain at 63 years.
different_topic,0.5887931698844547,over_the_counter_morning_after_pill,That's why a visit to the doctor and professional advice should remain mandatory.,That's why the statutory health insurance companies should not cover such treatments.
different_topic,0.44439625519293324,over_the_counter_morning_after_pill,That's why a visit to the doctor and professional advice should remain mandatory.,"If however one could find a compromise between green space and housing, then Tempelhofer Feld should definitely be made available for residential construction."
same_topic,0.41506892221945313,over_the_counter_morning_after_pill,That's why a visit to the doctor and professional advice should remain mandatory.,I argue categorically in favour of over-the-counter availability of the morning-after pill in pharmacies.
different_topic,0.5418218029115129,over_the_counter_morning_after_pill,That's why a visit to the doctor and professional advice should remain mandatory.,the EU should intervene right away.
different_topic,0.46517321467399597,over_the_counter_morning_after_pill,That's why a visit to the doctor and professional advice should remain mandatory.,"Especially now, as there is a lack of skilled labour, it's irresponsible for the economy and prosperity to retire at 63."
different_topic,0.4642039388418198,over_the_counter_morning_after_pill,That's why a visit to the doctor and professional advice should remain mandatory.,It would be fair to make them into an Olympic event.
different_topic,0.4244920093080272,over_the_counter_morning_after_pill,That's why a visit to the doctor and professional advice should remain mandatory.,A cap on rent increases upon tenant change is therefore not to be supported.
different_topic,0.5180165910202524,over_the_counter_morning_after_pill,That's why a visit to the doctor and professional advice should remain mandatory.,Opening on Sundays and holidays would therefore help both customers and shops.
different_topic,0.4043344060579936,over_the_counter_morning_after_pill,That's why a visit to the doctor and professional advice should remain mandatory.,Higher penalties for dog dirt are pointless as long as there is not enough personnel to enforce them.
different_topic,0.3923499767668545,over_the_counter_morning_after_pill,That's why a visit to the doctor and professional advice should remain mandatory.,I am not of the opinion that the retirement age should be set at 63 years.
different_topic,0.5293060660362243,over_the_counter_morning_after_pill,That's why a visit to the doctor and professional advice should remain mandatory.,"After the new BER Airport has been commissioned, Tegel should definitely be closed."
different_topic,0.4910224527120591,over_the_counter_morning_after_pill,That's why a visit to the doctor and professional advice should remain mandatory.,Not everyone should be obliged to pay the TV & radio licence.
different_topic,0.4761024123057723,over_the_counter_morning_after_pill,That's why a visit to the doctor and professional advice should remain mandatory.,Actually it would be justified if all German universities charged tuition fees.
different_topic,0.4551878041691251,over_the_counter_morning_after_pill,That's why a visit to the doctor and professional advice should remain mandatory.,Current regulations for the calculation of the total grade should therefore be maintained.
different_topic,0.4398468899726868,over_the_counter_morning_after_pill,That's why a visit to the doctor and professional advice should remain mandatory.,Supermarkets and shopping centres should be allowed to open on any Sundays and holidays.
different_topic,0.41572762231032057,over_the_counter_morning_after_pill,That's why a visit to the doctor and professional advice should remain mandatory.,"Many European countries, for instance the Netherlands, Sweden and Great Britain, have already understood this and successfully adjusted the opening hours for retailers."
different_topic,0.38478595476884103,over_the_counter_morning_after_pill,That's why a visit to the doctor and professional advice should remain mandatory.,We don't need it.
different_topic,0.4229297018968142,over_the_counter_morning_after_pill,That's why a visit to the doctor and professional advice should remain mandatory.,Supermarkets and shopping centres should be allowed to open any Sundays and holidays at their discretion.
different_topic,0.450234399901496,over_the_counter_morning_after_pill,That's why a visit to the doctor and professional advice should remain mandatory.,"If there were higher fines for leaving dog dirt on pavements, there would presumably be less dog dirt,"
different_topic,0.45992337566401276,over_the_counter_morning_after_pill,That's why a visit to the doctor and professional advice should remain mandatory.,Germany should by no means introduce capital punishment.
different_topic,0.5267612767219544,over_the_counter_morning_after_pill,That's why a visit to the doctor and professional advice should remain mandatory.,"Considering what's on television these days, it would be appropriate to only have those people pay who actually (want to) follow the programming."
different_topic,0.5007222538644618,over_the_counter_morning_after_pill,That's why a visit to the doctor and professional advice should remain mandatory.,"If there must be rent increases, there should also be a cap to avoid nasty surprises."
different_topic,0.4088231105771329,over_the_counter_morning_after_pill,That's why a visit to the doctor and professional advice should remain mandatory.,German universities should on no account charge tuition fees.
different_topic,0.5103892209854993,over_the_counter_morning_after_pill,That's why a visit to the doctor and professional advice should remain mandatory.,Hence it is good when shops are not open on Sundays and public holidays.
different_topic,0.5058421155680781,over_the_counter_morning_after_pill,That's why a visit to the doctor and professional advice should remain mandatory.,"Intelligence services should be more closely regulated by parliament,"
different_topic,0.4348543230444193,over_the_counter_morning_after_pill,That's why a visit to the doctor and professional advice should remain mandatory.,"BER should be re-conceptualized from scratch,"
different_topic,0.4815474785864352,over_the_counter_morning_after_pill,That's why a visit to the doctor and professional advice should remain mandatory.,the EU should not intervene in local politics.
different_topic,0.39063384999399603,over_the_counter_morning_after_pill,That's why a visit to the doctor and professional advice should remain mandatory.,"The implementation of retirement at 63 is no longer socially sustainable,"
different_topic,0.5160237630972496,over_the_counter_morning_after_pill,That's why a visit to the doctor and professional advice should remain mandatory.,That's why there ought to be one day a week when supermarkets and shopping centres stay closed.
different_topic,0.31405841012795765,over_the_counter_morning_after_pill,That's why a visit to the doctor and professional advice should remain mandatory.,everyone should chip in.
different_topic,0.3795369528234005,over_the_counter_morning_after_pill,That's why a visit to the doctor and professional advice should remain mandatory.,The state ought to prevent murder - not avenge it.
different_topic,0.41371763348579405,over_the_counter_morning_after_pill,That's why a visit to the doctor and professional advice should remain mandatory.,A constant increase in rent upon a change of tenants hence cannot be desired by society.
different_topic,0.5712711592204869,over_the_counter_morning_after_pill,That's why a visit to the doctor and professional advice should remain mandatory.,It is quite clear that Sunday should remain a day of rest.
different_topic,0.4052204012870789,over_the_counter_morning_after_pill,That's why a visit to the doctor and professional advice should remain mandatory.,"The BA dissertation should, if not make up the entire grade, then at least constitute a larger share of it."
different_topic,0.51276812205712,over_the_counter_morning_after_pill,That's why a visit to the doctor and professional advice should remain mandatory.,"Dog owners should pay higher fines for dog dirt left on pavements,"
different_topic,0.45871766408284503,over_the_counter_morning_after_pill,That's why a visit to the doctor and professional advice should remain mandatory.,"Still, the state needs the death penalty as a deterrent to horrific crimes."
different_topic,0.49352058897847717,over_the_counter_morning_after_pill,That's why a visit to the doctor and professional advice should remain mandatory.,The TV license fee should only be collected from those who actually make use of the programming of the public broadcasters.
same_topic,0.4911487610251815,over_the_counter_morning_after_pill,That's why a visit to the doctor and professional advice should remain mandatory.,No one should have the possibility to pick up the morning-after pill over the counter at the pharmacy.
different_topic,0.4541988531748454,over_the_counter_morning_after_pill,That's why a visit to the doctor and professional advice should remain mandatory.,Increasing penalties is therefore the right way.
different_topic,0.37213270738720894,cap_rent_increases,It is unfair and unjustifiable that new tenants have to pay a much higher rent than previous residents.,"Alternative treatments should be subsidized in the same way as conventional treatments,"
different_topic,0.5688746908777638,cap_rent_increases,It is unfair and unjustifiable that new tenants have to pay a much higher rent than previous residents.,For dog dirt left on the pavement dog owners should by all means pay a bit more.
different_topic,0.4604067633097822,cap_rent_increases,It is unfair and unjustifiable that new tenants have to pay a much higher rent than previous residents.,"A simply designed practical outfit would even out the overall visual image of a school, and direct attention towards the character and achievements of the students - and not their buying power."
different_topic,0.2857993599027395,cap_rent_increases,It is unfair and unjustifiable that new tenants have to pay a much higher rent than previous residents.,Health insurance companies should naturally cover alternative medical treatments.
different_topic,0.5583860006597308,cap_rent_increases,It is unfair and unjustifiable that new tenants have to pay a much higher rent than previous residents.,"Actually only those people should pay a TV & radio licence fee who really watch ARD, ZDF, Arte etc."
different_topic,0.42225263629640847,cap_rent_increases,It is unfair and unjustifiable that new tenants have to pay a much higher rent than previous residents.,"Well, I as an employee find it very practical to be able to shop at least on weekends."
different_topic,0.30535674287426856,cap_rent_increases,It is unfair and unjustifiable that new tenants have to pay a much higher rent than previous residents.,It would therefore be wise to adjust the required effort for final theses accordingly.
same_topic,0.3332471450169881,cap_rent_increases,It is unfair and unjustifiable that new tenants have to pay a much higher rent than previous residents.,Rent prices should be limited by a cap when there's a change of tenant.
different_topic,0.3554155573700414,cap_rent_increases,It is unfair and unjustifiable that new tenants have to pay a much higher rent than previous residents.,Therefore no unproven and unrecognized treatments by naturopaths should be reimbursed by the insurance companies.
different_topic,0.2685790600315217,cap_rent_increases,It is unfair and unjustifiable that new tenants have to pay a much higher rent than previous residents.,Tax data that are not made available for free should therefore not be acquired by the state.
different_topic,0.3312764604886373,cap_rent_increases,It is unfair and unjustifiable that new tenants have to pay a much higher rent than previous residents.,computer games should also not be recognized as Olympic events.
different_topic,0.22475000496568354,cap_rent_increases,It is unfair and unjustifiable that new tenants have to pay a much higher rent than previous residents.,Tuition fees should not be charged in Germany.
different_topic,0.4953886320193609,cap_rent_increases,It is unfair and unjustifiable that new tenants have to pay a much higher rent than previous residents.,"No, the retirement age should be raised to 65 again."
different_topic,0.3422984192448278,cap_rent_increases,It is unfair and unjustifiable that new tenants have to pay a much higher rent than previous residents.,That's why Germany should not introduce capital punishment!
same_topic,0.529316122041029,cap_rent_increases,It is unfair and unjustifiable that new tenants have to pay a much higher rent than previous residents.,A stop must be put to exorbitant rents by imposing a limit on rent increases when changing residences.
different_topic,0.5032845752579825,cap_rent_increases,It is unfair and unjustifiable that new tenants have to pay a much higher rent than previous residents.,A reduction in the amount of chemically produced medication per person is most certainly desirable.
different_topic,0.4137989977995555,cap_rent_increases,It is unfair and unjustifiable that new tenants have to pay a much higher rent than previous residents.,The statutory health insurance companies should also cover treatments with non-medical and alternative practitioners.
different_topic,0.17988510855606624,cap_rent_increases,It is unfair and unjustifiable that new tenants have to pay a much higher rent than previous residents.,The death penalty should be abandoned everywhere.
different_topic,0.3499403036001957,cap_rent_increases,It is unfair and unjustifiable that new tenants have to pay a much higher rent than previous residents.,The universities in Germany should not under any circumstances charge tuition fees.
different_topic,0.4504750797318087,cap_rent_increases,It is unfair and unjustifiable that new tenants have to pay a much higher rent than previous residents.,The TV/radio licence fee can only be required of all citizens/households equally.
different_topic,0.2196112480656854,cap_rent_increases,It is unfair and unjustifiable that new tenants have to pay a much higher rent than previous residents.,School uniforms should not be worn in our schools.
different_topic,0.31796069875840216,cap_rent_increases,It is unfair and unjustifiable that new tenants have to pay a much higher rent than previous residents.,"One should not re-introduce capital punishment in Germany,"
different_topic,0.46806073550022015,cap_rent_increases,It is unfair and unjustifiable that new tenants have to pay a much higher rent than previous residents.,There should be a higher fine for dog dirt on the pavement.
different_topic,0.39973416669028144,cap_rent_increases,It is unfair and unjustifiable that new tenants have to pay a much higher rent than previous residents.,"I find the peripheral housing development at Tempelhofer Feld right for urban planning reasons,"
different_topic,0.1990641006107988,cap_rent_increases,It is unfair and unjustifiable that new tenants have to pay a much higher rent than previous residents.,Tuition fees should not generally be charged by universities.
different_topic,0.433965727686882,cap_rent_increases,It is unfair and unjustifiable that new tenants have to pay a much higher rent than previous residents.,The health insurance companies ought to be enabled to recognize a doctor's decision for natural treatment and also to cover it.
different_topic,0.2912405252456665,cap_rent_increases,It is unfair and unjustifiable that new tenants have to pay a much higher rent than previous residents.,Video games ought to be included in the ranks of Olympic events.
different_topic,0.39690799062902277,cap_rent_increases,It is unfair and unjustifiable that new tenants have to pay a much higher rent than previous residents.,"including planning abilities, reaction time, and reasoning to name but a few."
different_topic,0.41758450704651906,cap_rent_increases,It is unfair and unjustifiable that new tenants have to pay a much higher rent than previous residents.,The morning-after pill ought to be available over-the-counter in pharmacies.
different_topic,0.27876714468002317,cap_rent_increases,It is unfair and unjustifiable that new tenants have to pay a much higher rent than previous residents.,School uniforms should be introduced in our schools again.
different_topic,0.33533255010843277,cap_rent_increases,It is unfair and unjustifiable that new tenants have to pay a much higher rent than previous residents.,The EU should exert influence on the political events in Ukraine.
different_topic,0.5112740618841989,cap_rent_increases,It is unfair and unjustifiable that new tenants have to pay a much higher rent than previous residents.,There should be much higher fines for dog dirt left on pavements.
different_topic,0.45690900683403013,cap_rent_increases,It is unfair and unjustifiable that new tenants have to pay a much higher rent than previous residents.,Secret services must be more tightly regulated in order to prevent excessive surveillance.
different_topic,0.2023969122341701,cap_rent_increases,It is unfair and unjustifiable that new tenants have to pay a much higher rent than previous residents.,dispensing it without medical advice would be inappropriate.
different_topic,0.498993308078952,cap_rent_increases,It is unfair and unjustifiable that new tenants have to pay a much higher rent than previous residents.,For instance the morning-after pill could result in a decrease in the use of condoms and thus lead to an increase in new infections with Aids.
different_topic,0.5637619234621524,cap_rent_increases,It is unfair and unjustifiable that new tenants have to pay a much higher rent than previous residents.,As a central airport Berlin Tegel is particularly attractive for business travellers and should by all means remain operational.
different_topic,0.40880445873036103,cap_rent_increases,It is unfair and unjustifiable that new tenants have to pay a much higher rent than previous residents.,Acquiring CDs with tax data of tax delinquents is therefore out of the question.
different_topic,0.34404896786718653,cap_rent_increases,It is unfair and unjustifiable that new tenants have to pay a much higher rent than previous residents.,That's why intelligence services must be regulated in the framework of parliamentary oversight committees.
different_topic,0.42748767298621104,cap_rent_increases,It is unfair and unjustifiable that new tenants have to pay a much higher rent than previous residents.,The morning-after pill should only be prescribed after counselling by a physician or pharmacist.
different_topic,0.293654320701476,cap_rent_increases,It is unfair and unjustifiable that new tenants have to pay a much higher rent than previous residents.,Therefore universities should not charge tuition fees in Germany.
different_topic,0.5237439935271805,cap_rent_increases,It is unfair and unjustifiable that new tenants have to pay a much higher rent than previous residents.,Due to the many random factors the bachelor thesis should not play a bigger role.
different_topic,0.3677506573272474,cap_rent_increases,It is unfair and unjustifiable that new tenants have to pay a much higher rent than previous residents.,Raising the relative retirement age on the basis of the physical fitness of the average citizen is fair.
different_topic,0.5323744641571511,cap_rent_increases,It is unfair and unjustifiable that new tenants have to pay a much higher rent than previous residents.,For these reasons supermarkets and shopping centres should not be allowed to be open for business on arbitrary Sundays and holidays.
different_topic,0.5393443107604982,cap_rent_increases,It is unfair and unjustifiable that new tenants have to pay a much higher rent than previous residents.,the statutory retirement age should in the future not remain at 63 years.
different_topic,0.4349989785867579,cap_rent_increases,It is unfair and unjustifiable that new tenants have to pay a much higher rent than previous residents.,That's why the statutory health insurance companies should not cover such treatments.
different_topic,0.5147186249494553,cap_rent_increases,It is unfair and unjustifiable that new tenants have to pay a much higher rent than previous residents.,"If however one could find a compromise between green space and housing, then Tempelhofer Feld should definitely be made available for residential construction."
different_topic,0.47760694697499273,cap_rent_increases,It is unfair and unjustifiable that new tenants have to pay a much higher rent than previous residents.,I argue categorically in favour of over-the-counter availability of the morning-after pill in pharmacies.
different_topic,0.3232332626978557,cap_rent_increases,It is unfair and unjustifiable that new tenants have to pay a much higher rent than previous residents.,the EU should intervene right away.
different_topic,0.5400897692411374,cap_rent_increases,It is unfair and unjustifiable that new tenants have to pay a much higher rent than previous residents.,"Especially now, as there is a lack of skilled labour, it's irresponsible for the economy and prosperity to retire at 63."
different_topic,0.31203510432407766,cap_rent_increases,It is unfair and unjustifiable that new tenants have to pay a much higher rent than previous residents.,It would be fair to make them into an Olympic event.
same_topic,0.5333525621228749,cap_rent_increases,It is unfair and unjustifiable that new tenants have to pay a much higher rent than previous residents.,A cap on rent increases upon tenant change is therefore not to be supported.
different_topic,0.4603645983669493,cap_rent_increases,It is unfair and unjustifiable that new tenants have to pay a much higher rent than previous residents.,Opening on Sundays and holidays would therefore help both customers and shops.
different_topic,0.5443670843229738,cap_rent_increases,It is unfair and unjustifiable that new tenants have to pay a much higher rent than previous residents.,Higher penalties for dog dirt are pointless as long as there is not enough personnel to enforce them.
different_topic,0.38590860547441425,cap_rent_increases,It is unfair and unjustifiable that new tenants have to pay a much higher rent than previous residents.,I am not of the opinion that the retirement age should be set at 63 years.
different_topic,0.35904464215943305,cap_rent_increases,It is unfair and unjustifiable that new tenants have to pay a much higher rent than previous residents.,"After the new BER Airport has been commissioned, Tegel should definitely be closed."
different_topic,0.31921813757188855,cap_rent_increases,It is unfair and unjustifiable that new tenants have to pay a much higher rent than previous residents.,Not everyone should be obliged to pay the TV & radio licence.
different_topic,0.38392519228386157,cap_rent_increases,It is unfair and unjustifiable that new tenants have to pay a much higher rent than previous residents.,Actually it would be justified if all German universities charged tuition fees.
different_topic,0.31103594264676493,cap_rent_increases,It is unfair and unjustifiable that new tenants have to pay a much higher rent than previous residents.,Current regulations for the calculation of the total grade should therefore be maintained.
different_topic,0.4780739279169785,cap_rent_increases,It is unfair and unjustifiable that new tenants have to pay a much higher rent than previous residents.,Supermarkets and shopping centres should be allowed to open on any Sundays and holidays.
different_topic,0.5096300715623899,cap_rent_increases,It is unfair and unjustifiable that new tenants have to pay a much higher rent than previous residents.,"Many European countries, for instance the Netherlands, Sweden and Great Britain, have already understood this and successfully adjusted the opening hours for retailers."
different_topic,0.15267818707686204,cap_rent_increases,It is unfair and unjustifiable that new tenants have to pay a much higher rent than previous residents.,We don't need it.
different_topic,0.4897527679418907,cap_rent_increases,It is unfair and unjustifiable that new tenants have to pay a much higher rent than previous residents.,Supermarkets and shopping centres should be allowed to open any Sundays and holidays at their discretion.
different_topic,0.5906839109957218,cap_rent_increases,It is unfair and unjustifiable that new tenants have to pay a much higher rent than previous residents.,"If there were higher fines for leaving dog dirt on pavements, there would presumably be less dog dirt,"
different_topic,0.4594649409546571,cap_rent_increases,It is unfair and unjustifiable that new tenants have to pay a much higher rent than previous residents.,Germany should by no means introduce capital punishment.
different_topic,0.5514040267781207,cap_rent_increases,It is unfair and unjustifiable that new tenants have to pay a much higher rent than previous residents.,"Considering what's on television these days, it would be appropriate to only have those people pay who actually (want to) follow the programming."
same_topic,0.5142368759427751,cap_rent_increases,It is unfair and unjustifiable that new tenants have to pay a much higher rent than previous residents.,"If there must be rent increases, there should also be a cap to avoid nasty surprises."
different_topic,0.26123330093199204,cap_rent_increases,It is unfair and unjustifiable that new tenants have to pay a much higher rent than previous residents.,German universities should on no account charge tuition fees.
different_topic,0.43984914422035226,cap_rent_increases,It is unfair and unjustifiable that new tenants have to pay a much higher rent than previous residents.,Hence it is good when shops are not open on Sundays and public holidays.
different_topic,0.5108129547701941,cap_rent_increases,It is unfair and unjustifiable that new tenants have to pay a much higher rent than previous residents.,"Intelligence services should be more closely regulated by parliament,"
different_topic,0.24031381360415752,cap_rent_increases,It is unfair and unjustifiable that new tenants have to pay a much higher rent than previous residents.,"BER should be re-conceptualized from scratch,"
different_topic,0.21839409244471583,cap_rent_increases,It is unfair and unjustifiable that new tenants have to pay a much higher rent than previous residents.,the EU should not intervene in local politics.
different_topic,0.5083498954772948,cap_rent_increases,It is unfair and unjustifiable that new tenants have to pay a much higher rent than previous residents.,"The implementation of retirement at 63 is no longer socially sustainable,"
different_topic,0.6077524362466274,cap_rent_increases,It is unfair and unjustifiable that new tenants have to pay a much higher rent than previous residents.,That's why there ought to be one day a week when supermarkets and shopping centres stay closed.
different_topic,0.2359341617141451,cap_rent_increases,It is unfair and unjustifiable that new tenants have to pay a much higher rent than previous residents.,everyone should chip in.
different_topic,0.19467022706722392,cap_rent_increases,It is unfair and unjustifiable that new tenants have to pay a much higher rent than previous residents.,The state ought to prevent murder - not avenge it.
same_topic,0.4891688137343435,cap_rent_increases,It is unfair and unjustifiable that new tenants have to pay a much higher rent than previous residents.,A constant increase in rent upon a change of tenants hence cannot be desired by society.
different_topic,0.4121103358991218,cap_rent_increases,It is unfair and unjustifiable that new tenants have to pay a much higher rent than previous residents.,It is quite clear that Sunday should remain a day of rest.
different_topic,0.5682450983413431,cap_rent_increases,It is unfair and unjustifiable that new tenants have to pay a much higher rent than previous residents.,"The BA dissertation should, if not make up the entire grade, then at least constitute a larger share of it."
different_topic,0.5774319389381923,cap_rent_increases,It is unfair and unjustifiable that new tenants have to pay a much higher rent than previous residents.,"Dog owners should pay higher fines for dog dirt left on pavements,"
different_topic,0.25005932008066484,cap_rent_increases,It is unfair and unjustifiable that new tenants have to pay a much higher rent than previous residents.,"Still, the state needs the death penalty as a deterrent to horrific crimes."
different_topic,0.447836519115501,cap_rent_increases,It is unfair and unjustifiable that new tenants have to pay a much higher rent than previous residents.,The TV license fee should only be collected from those who actually make use of the programming of the public broadcasters.
different_topic,0.4993699558079242,cap_rent_increases,It is unfair and unjustifiable that new tenants have to pay a much higher rent than previous residents.,No one should have the possibility to pick up the morning-after pill over the counter at the pharmacy.
different_topic,0.28013660226549425,cap_rent_increases,It is unfair and unjustifiable that new tenants have to pay a much higher rent than previous residents.,Increasing penalties is therefore the right way.
different_topic,0.44383391489585244,health_insurance_cover_complementary_medicine,"Alternative treatments should be subsidized in the same way as conventional treatments,",For dog dirt left on the pavement dog owners should by all means pay a bit more.
different_topic,0.37105366786321003,health_insurance_cover_complementary_medicine,"Alternative treatments should be subsidized in the same way as conventional treatments,","A simply designed practical outfit would even out the overall visual image of a school, and direct attention towards the character and achievements of the students - and not their buying power."
same_topic,0.5477534863683913,health_insurance_cover_complementary_medicine,"Alternative treatments should be subsidized in the same way as conventional treatments,",Health insurance companies should naturally cover alternative medical treatments.
different_topic,0.3663770229585709,health_insurance_cover_complementary_medicine,"Alternative treatments should be subsidized in the same way as conventional treatments,","Actually only those people should pay a TV & radio licence fee who really watch ARD, ZDF, Arte etc."
different_topic,0.4138624497822353,health_insurance_cover_complementary_medicine,"Alternative treatments should be subsidized in the same way as conventional treatments,","Well, I as an employee find it very practical to be able to shop at least on weekends."
different_topic,0.48614620811799,health_insurance_cover_complementary_medicine,"Alternative treatments should be subsidized in the same way as conventional treatments,",It would therefore be wise to adjust the required effort for final theses accordingly.
different_topic,0.42305375449359417,health_insurance_cover_complementary_medicine,"Alternative treatments should be subsidized in the same way as conventional treatments,",Rent prices should be limited by a cap when there's a change of tenant.
same_topic,0.5453560697404963,health_insurance_cover_complementary_medicine,"Alternative treatments should be subsidized in the same way as conventional treatments,",Therefore no unproven and unrecognized treatments by naturopaths should be reimbursed by the insurance companies.
different_topic,0.422265301732456,health_insurance_cover_complementary_medicine,"Alternative treatments should be subsidized in the same way as conventional treatments,",Tax data that are not made available for free should therefore not be acquired by the state.
different_topic,0.5205077938735484,health_insurance_cover_complementary_medicine,"Alternative treatments should be subsidized in the same way as conventional treatments,",computer games should also not be recognized as Olympic events.
different_topic,0.42163296937942507,health_insurance_cover_complementary_medicine,"Alternative treatments should be subsidized in the same way as conventional treatments,",Tuition fees should not be charged in Germany.
different_topic,0.47975886409932916,health_insurance_cover_complementary_medicine,"Alternative treatments should be subsidized in the same way as conventional treatments,","No, the retirement age should be raised to 65 again."
different_topic,0.5456957992385415,health_insurance_cover_complementary_medicine,"Alternative treatments should be subsidized in the same way as conventional treatments,",That's why Germany should not introduce capital punishment!
different_topic,0.5683568894863128,health_insurance_cover_complementary_medicine,"Alternative treatments should be subsidized in the same way as conventional treatments,",A stop must be put to exorbitant rents by imposing a limit on rent increases when changing residences.
same_topic,0.40905453477587017,health_insurance_cover_complementary_medicine,"Alternative treatments should be subsidized in the same way as conventional treatments,",A reduction in the amount of chemically produced medication per person is most certainly desirable.
same_topic,0.5433833978392861,health_insurance_cover_complementary_medicine,"Alternative treatments should be subsidized in the same way as conventional treatments,",The statutory health insurance companies should also cover treatments with non-medical and alternative practitioners.
different_topic,0.4100701298032488,health_insurance_cover_complementary_medicine,"Alternative treatments should be subsidized in the same way as conventional treatments,",The death penalty should be abandoned everywhere.
different_topic,0.4616914030752684,health_insurance_cover_complementary_medicine,"Alternative treatments should be subsidized in the same way as conventional treatments,",The universities in Germany should not under any circumstances charge tuition fees.
different_topic,0.40592027252370666,health_insurance_cover_complementary_medicine,"Alternative treatments should be subsidized in the same way as conventional treatments,",The TV/radio licence fee can only be required of all citizens/households equally.
different_topic,0.38598949909210206,health_insurance_cover_complementary_medicine,"Alternative treatments should be subsidized in the same way as conventional treatments,",School uniforms should not be worn in our schools.
different_topic,0.5064189784667071,health_insurance_cover_complementary_medicine,"Alternative treatments should be subsidized in the same way as conventional treatments,","One should not re-introduce capital punishment in Germany,"
different_topic,0.4935963279322574,health_insurance_cover_complementary_medicine,"Alternative treatments should be subsidized in the same way as conventional treatments,",There should be a higher fine for dog dirt on the pavement.
different_topic,0.46617478416079566,health_insurance_cover_complementary_medicine,"Alternative treatments should be subsidized in the same way as conventional treatments,","I find the peripheral housing development at Tempelhofer Feld right for urban planning reasons,"
different_topic,0.38391953508059184,health_insurance_cover_complementary_medicine,"Alternative treatments should be subsidized in the same way as conventional treatments,",Tuition fees should not generally be charged by universities.
same_topic,0.4888380765914917,health_insurance_cover_complementary_medicine,"Alternative treatments should be subsidized in the same way as conventional treatments,",The health insurance companies ought to be enabled to recognize a doctor's decision for natural treatment and also to cover it.
different_topic,0.4609218826517463,health_insurance_cover_complementary_medicine,"Alternative treatments should be subsidized in the same way as conventional treatments,",Video games ought to be included in the ranks of Olympic events.
different_topic,0.5167886928508156,health_insurance_cover_complementary_medicine,"Alternative treatments should be subsidized in the same way as conventional treatments,","including planning abilities, reaction time, and reasoning to name but a few."
different_topic,0.3790159925170567,health_insurance_cover_complementary_medicine,"Alternative treatments should be subsidized in the same way as conventional treatments,",The morning-after pill ought to be available over-the-counter in pharmacies.
different_topic,0.4725274220108986,health_insurance_cover_complementary_medicine,"Alternative treatments should be subsidized in the same way as conventional treatments,",School uniforms should be introduced in our schools again.
different_topic,0.473883072535197,health_insurance_cover_complementary_medicine,"Alternative treatments should be subsidized in the same way as conventional treatments,",The EU should exert influence on the political events in Ukraine.
different_topic,0.506057776155926,health_insurance_cover_complementary_medicine,"Alternative treatments should be subsidized in the same way as conventional treatments,",There should be much higher fines for dog dirt left on pavements.
different_topic,0.4345665389583224,health_insurance_cover_complementary_medicine,"Alternative treatments should be subsidized in the same way as conventional treatments,",Secret services must be more tightly regulated in order to prevent excessive surveillance.
different_topic,0.3382155847336564,health_insurance_cover_complementary_medicine,"Alternative treatments should be subsidized in the same way as conventional treatments,",dispensing it without medical advice would be inappropriate.
different_topic,0.3382798631985982,health_insurance_cover_complementary_medicine,"Alternative treatments should be subsidized in the same way as conventional treatments,",For instance the morning-after pill could result in a decrease in the use of condoms and thus lead to an increase in new infections with Aids.
different_topic,0.34997100325731134,health_insurance_cover_complementary_medicine,"Alternative treatments should be subsidized in the same way as conventional treatments,",As a central airport Berlin Tegel is particularly attractive for business travellers and should by all means remain operational.
different_topic,0.47018582224845884,health_insurance_cover_complementary_medicine,"Alternative treatments should be subsidized in the same way as conventional treatments,",Acquiring CDs with tax data of tax delinquents is therefore out of the question.
different_topic,0.4345819761878566,health_insurance_cover_complementary_medicine,"Alternative treatments should be subsidized in the same way as conventional treatments,",That's why intelligence services must be regulated in the framework of parliamentary oversight committees.
different_topic,0.38832836565764056,health_insurance_cover_complementary_medicine,"Alternative treatments should be subsidized in the same way as conventional treatments,",The morning-after pill should only be prescribed after counselling by a physician or pharmacist.
different_topic,0.4977590818615521,health_insurance_cover_complementary_medicine,"Alternative treatments should be subsidized in the same way as conventional treatments,",Therefore universities should not charge tuition fees in Germany.
different_topic,0.49531663500744366,health_insurance_cover_complementary_medicine,"Alternative treatments should be subsidized in the same way as conventional treatments,",Due to the many random factors the bachelor thesis should not play a bigger role.
different_topic,0.404685516106455,health_insurance_cover_complementary_medicine,"Alternative treatments should be subsidized in the same way as conventional treatments,",Raising the relative retirement age on the basis of the physical fitness of the average citizen is fair.
different_topic,0.4212334950764974,health_insurance_cover_complementary_medicine,"Alternative treatments should be subsidized in the same way as conventional treatments,",For these reasons supermarkets and shopping centres should not be allowed to be open for business on arbitrary Sundays and holidays.
different_topic,0.4391149661757729,health_insurance_cover_complementary_medicine,"Alternative treatments should be subsidized in the same way as conventional treatments,",the statutory retirement age should in the future not remain at 63 years.
same_topic,0.6124190926551819,health_insurance_cover_complementary_medicine,"Alternative treatments should be subsidized in the same way as conventional treatments,",That's why the statutory health insurance companies should not cover such treatments.
different_topic,0.4169576649482434,health_insurance_cover_complementary_medicine,"Alternative treatments should be subsidized in the same way as conventional treatments,","If however one could find a compromise between green space and housing, then Tempelhofer Feld should definitely be made available for residential construction."
different_topic,0.36052762774320746,health_insurance_cover_complementary_medicine,"Alternative treatments should be subsidized in the same way as conventional treatments,",I argue categorically in favour of over-the-counter availability of the morning-after pill in pharmacies.
different_topic,0.47079641651362175,health_insurance_cover_complementary_medicine,"Alternative treatments should be subsidized in the same way as conventional treatments,",the EU should intervene right away.
different_topic,0.4013730406761169,health_insurance_cover_complementary_medicine,"Alternative treatments should be subsidized in the same way as conventional treatments,","Especially now, as there is a lack of skilled labour, it's irresponsible for the economy and prosperity to retire at 63."
different_topic,0.46101330121358236,health_insurance_cover_complementary_medicine,"Alternative treatments should be subsidized in the same way as conventional treatments,",It would be fair to make them into an Olympic event.
different_topic,0.44252096929333423,health_insurance_cover_complementary_medicine,"Alternative treatments should be subsidized in the same way as conventional treatments,",A cap on rent increases upon tenant change is therefore not to be supported.
different_topic,0.3899851603941484,health_insurance_cover_complementary_medicine,"Alternative treatments should be subsidized in the same way as conventional treatments,",Opening on Sundays and holidays would therefore help both customers and shops.
different_topic,0.36343362619136943,health_insurance_cover_complementary_medicine,"Alternative treatments should be subsidized in the same way as conventional treatments,",Higher penalties for dog dirt are pointless as long as there is not enough personnel to enforce them.
different_topic,0.4327533158816789,health_insurance_cover_complementary_medicine,"Alternative treatments should be subsidized in the same way as conventional treatments,",I am not of the opinion that the retirement age should be set at 63 years.
different_topic,0.45893564977143947,health_insurance_cover_complementary_medicine,"Alternative treatments should be subsidized in the same way as conventional treatments,","After the new BER Airport has been commissioned, Tegel should definitely be closed."
different_topic,0.4772661731523626,health_insurance_cover_complementary_medicine,"Alternative treatments should be subsidized in the same way as conventional treatments,",Not everyone should be obliged to pay the TV & radio licence.
different_topic,0.4669017242757898,health_insurance_cover_complementary_medicine,"Alternative treatments should be subsidized in the same way as conventional treatments,",Actually it would be justified if all German universities charged tuition fees.
different_topic,0.5134110328029184,health_insurance_cover_complementary_medicine,"Alternative treatments should be subsidized in the same way as conventional treatments,",Current regulations for the calculation of the total grade should therefore be maintained.
different_topic,0.40363313257694244,health_insurance_cover_complementary_medicine,"Alternative treatments should be subsidized in the same way as conventional treatments,",Supermarkets and shopping centres should be allowed to open on any Sundays and holidays.
different_topic,0.344979884295628,health_insurance_cover_complementary_medicine,"Alternative treatments should be subsidized in the same way as conventional treatments,","Many European countries, for instance the Netherlands, Sweden and Great Britain, have already understood this and successfully adjusted the opening hours for retailers."
different_topic,0.3306579490502675,health_insurance_cover_complementary_medicine,"Alternative treatments should be subsidized in the same way as conventional treatments,",We don't need it.
different_topic,0.3874878072738647,health_insurance_cover_complementary_medicine,"Alternative treatments should be subsidized in the same way as conventional treatments,",Supermarkets and shopping centres should be allowed to open any Sundays and holidays at their discretion.
different_topic,0.46082605536167437,health_insurance_cover_complementary_medicine,"Alternative treatments should be subsidized in the same way as conventional treatments,","If there were higher fines for leaving dog dirt on pavements, there would presumably be less dog dirt,"
different_topic,0.47177623510360717,health_insurance_cover_complementary_medicine,"Alternative treatments should be subsidized in the same way as conventional treatments,",Germany should by no means introduce capital punishment.
different_topic,0.4573438838124275,health_insurance_cover_complementary_medicine,"Alternative treatments should be subsidized in the same way as conventional treatments,","Considering what's on television these days, it would be appropriate to only have those people pay who actually (want to) follow the programming."
different_topic,0.5248369262332008,health_insurance_cover_complementary_medicine,"Alternative treatments should be subsidized in the same way as conventional treatments,","If there must be rent increases, there should also be a cap to avoid nasty surprises."
different_topic,0.425607632188236,health_insurance_cover_complementary_medicine,"Alternative treatments should be subsidized in the same way as conventional treatments,",German universities should on no account charge tuition fees.
different_topic,0.43063604547863915,health_insurance_cover_complementary_medicine,"Alternative treatments should be subsidized in the same way as conventional treatments,",Hence it is good when shops are not open on Sundays and public holidays.
different_topic,0.46720611236312165,health_insurance_cover_complementary_medicine,"Alternative treatments should be subsidized in the same way as conventional treatments,","Intelligence services should be more closely regulated by parliament,"
different_topic,0.43616987665494283,health_insurance_cover_complementary_medicine,"Alternative treatments should be subsidized in the same way as conventional treatments,","BER should be re-conceptualized from scratch,"
different_topic,0.4016054431597392,health_insurance_cover_complementary_medicine,"Alternative treatments should be subsidized in the same way as conventional treatments,",the EU should not intervene in local politics.
different_topic,0.40163610198281025,health_insurance_cover_complementary_medicine,"Alternative treatments should be subsidized in the same way as conventional treatments,","The implementation of retirement at 63 is no longer socially sustainable,"
different_topic,0.4476364278793335,health_insurance_cover_complementary_medicine,"Alternative treatments should be subsidized in the same way as conventional treatments,",That's why there ought to be one day a week when supermarkets and shopping centres stay closed.
different_topic,0.35435107669660015,health_insurance_cover_complementary_medicine,"Alternative treatments should be subsidized in the same way as conventional treatments,",everyone should chip in.
different_topic,0.39548225204149884,health_insurance_cover_complementary_medicine,"Alternative treatments should be subsidized in the same way as conventional treatments,",The state ought to prevent murder - not avenge it.
different_topic,0.4592106436428271,health_insurance_cover_complementary_medicine,"Alternative treatments should be subsidized in the same way as conventional treatments,",A constant increase in rent upon a change of tenants hence cannot be desired by society.
different_topic,0.47938493678444316,health_insurance_cover_complementary_medicine,"Alternative treatments should be subsidized in the same way as conventional treatments,",It is quite clear that Sunday should remain a day of rest.
different_topic,0.4009184179634883,health_insurance_cover_complementary_medicine,"Alternative treatments should be subsidized in the same way as conventional treatments,","The BA dissertation should, if not make up the entire grade, then at least constitute a larger share of it."
different_topic,0.4772229065065799,health_insurance_cover_complementary_medicine,"Alternative treatments should be subsidized in the same way as conventional treatments,","Dog owners should pay higher fines for dog dirt left on pavements,"
different_topic,0.4096855801694534,health_insurance_cover_complementary_medicine,"Alternative treatments should be subsidized in the same way as conventional treatments,","Still, the state needs the death penalty as a deterrent to horrific crimes."
different_topic,0.5209537175568667,health_insurance_cover_complementary_medicine,"Alternative treatments should be subsidized in the same way as conventional treatments,",The TV license fee should only be collected from those who actually make use of the programming of the public broadcasters.
different_topic,0.40450864342542797,health_insurance_cover_complementary_medicine,"Alternative treatments should be subsidized in the same way as conventional treatments,",No one should have the possibility to pick up the morning-after pill over the counter at the pharmacy.
different_topic,0.4758558103016444,health_insurance_cover_complementary_medicine,"Alternative treatments should be subsidized in the same way as conventional treatments,",Increasing penalties is therefore the right way.
different_topic,0.38692796499364907,higher_dog_poo_fines,For dog dirt left on the pavement dog owners should by all means pay a bit more.,"A simply designed practical outfit would even out the overall visual image of a school, and direct attention towards the character and achievements of the students - and not their buying power."
different_topic,0.33817589531342185,higher_dog_poo_fines,For dog dirt left on the pavement dog owners should by all means pay a bit more.,Health insurance companies should naturally cover alternative medical treatments.
different_topic,0.49081317556870946,higher_dog_poo_fines,For dog dirt left on the pavement dog owners should by all means pay a bit more.,"Actually only those people should pay a TV & radio licence fee who really watch ARD, ZDF, Arte etc."
different_topic,0.5140507662737811,higher_dog_poo_fines,For dog dirt left on the pavement dog owners should by all means pay a bit more.,"Well, I as an employee find it very practical to be able to shop at least on weekends."
different_topic,0.42340161748554395,higher_dog_poo_fines,For dog dirt left on the pavement dog owners should by all means pay a bit more.,It would therefore be wise to adjust the required effort for final theses accordingly.
different_topic,0.3064627999609167,higher_dog_poo_fines,For dog dirt left on the pavement dog owners should by all means pay a bit more.,Rent prices should be limited by a cap when there's a change of tenant.
different_topic,0.4195897650718689,higher_dog_poo_fines,For dog dirt left on the pavement dog owners should by all means pay a bit more.,Therefore no unproven and unrecognized treatments by naturopaths should be reimbursed by the insurance companies.
different_topic,0.34660859859508014,higher_dog_poo_fines,For dog dirt left on the pavement dog owners should by all means pay a bit more.,Tax data that are not made available for free should therefore not be acquired by the state.
different_topic,0.4388988099314949,higher_dog_poo_fines,For dog dirt left on the pavement dog owners should by all means pay a bit more.,computer games should also not be recognized as Olympic events.
different_topic,0.31034455129078453,higher_dog_poo_fines,For dog dirt left on the pavement dog owners should by all means pay a bit more.,Tuition fees should not be charged in Germany.
different_topic,0.5885123770151819,higher_dog_poo_fines,For dog dirt left on the pavement dog owners should by all means pay a bit more.,"No, the retirement age should be raised to 65 again."
different_topic,0.4368824595990388,higher_dog_poo_fines,For dog dirt left on the pavement dog owners should by all means pay a bit more.,That's why Germany should not introduce capital punishment!
different_topic,0.4005096692305345,higher_dog_poo_fines,For dog dirt left on the pavement dog owners should by all means pay a bit more.,A stop must be put to exorbitant rents by imposing a limit on rent increases when changing residences.
different_topic,0.5387630782745502,higher_dog_poo_fines,For dog dirt left on the pavement dog owners should by all means pay a bit more.,A reduction in the amount of chemically produced medication per person is most certainly desirable.
different_topic,0.4312911384872028,higher_dog_poo_fines,For dog dirt left on the pavement dog owners should by all means pay a bit more.,The statutory health insurance companies should also cover treatments with non-medical and alternative practitioners.
different_topic,0.33450994491577146,higher_dog_poo_fines,For dog dirt left on the pavement dog owners should by all means pay a bit more.,The death penalty should be abandoned everywhere.
different_topic,0.40636838436126704,higher_dog_poo_fines,For dog dirt left on the pavement dog owners should by all means pay a bit more.,The universities in Germany should not under any circumstances charge tuition fees.
different_topic,0.47629587618368013,higher_dog_poo_fines,For dog dirt left on the pavement dog owners should by all means pay a bit more.,The TV/radio licence fee can only be required of all citizens/households equally.
different_topic,0.32138243175688247,higher_dog_poo_fines,For dog dirt left on the pavement dog owners should by all means pay a bit more.,School uniforms should not be worn in our schools.
different_topic,0.42708137501841004,higher_dog_poo_fines,For dog dirt left on the pavement dog owners should by all means pay a bit more.,"One should not re-introduce capital punishment in Germany,"
same_topic,0.6785513496398926,higher_dog_poo_fines,For dog dirt left on the pavement dog owners should by all means pay a bit more.,There should be a higher fine for dog dirt on the pavement.
different_topic,0.489571961539763,higher_dog_poo_fines,For dog dirt left on the pavement dog owners should by all means pay a bit more.,"I find the peripheral housing development at Tempelhofer Feld right for urban planning reasons,"
different_topic,0.2987243362835475,higher_dog_poo_fines,For dog dirt left on the pavement dog owners should by all means pay a bit more.,Tuition fees should not generally be charged by universities.
different_topic,0.47756944064583096,higher_dog_poo_fines,For dog dirt left on the pavement dog owners should by all means pay a bit more.,The health insurance companies ought to be enabled to recognize a doctor's decision for natural treatment and also to cover it.
different_topic,0.3820077045397325,higher_dog_poo_fines,For dog dirt left on the pavement dog owners should by all means pay a bit more.,Video games ought to be included in the ranks of Olympic events.
different_topic,0.4718728494644165,higher_dog_poo_fines,For dog dirt left on the pavement dog owners should by all means pay a bit more.,"including planning abilities, reaction time, and reasoning to name but a few."
different_topic,0.5018846613579783,higher_dog_poo_fines,For dog dirt left on the pavement dog owners should by all means pay a bit more.,The morning-after pill ought to be available over-the-counter in pharmacies.
different_topic,0.3942075249823657,higher_dog_poo_fines,For dog dirt left on the pavement dog owners should by all means pay a bit more.,School uniforms should be introduced in our schools again.
different_topic,0.40732357154289883,higher_dog_poo_fines,For dog dirt left on the pavement dog owners should by all means pay a bit more.,The EU should exert influence on the political events in Ukraine.
same_topic,0.6953108741177454,higher_dog_poo_fines,For dog dirt left on the pavement dog owners should by all means pay a bit more.,There should be much higher fines for dog dirt left on pavements.
different_topic,0.4793769043904763,higher_dog_poo_fines,For dog dirt left on the pavement dog owners should by all means pay a bit more.,Secret services must be more tightly regulated in order to prevent excessive surveillance.
different_topic,0.2911389693617821,higher_dog_poo_fines,For dog dirt left on the pavement dog owners should by all means pay a bit more.,dispensing it without medical advice would be inappropriate.
different_topic,0.4479044152028633,higher_dog_poo_fines,For dog dirt left on the pavement dog owners should by all means pay a bit more.,For instance the morning-after pill could result in a decrease in the use of condoms and thus lead to an increase in new infections with Aids.
different_topic,0.6832043547183275,higher_dog_poo_fines,For dog dirt left on the pavement dog owners should by all means pay a bit more.,As a central airport Berlin Tegel is particularly attractive for business travellers and should by all means remain operational.
different_topic,0.4143447732696166,higher_dog_poo_fines,For dog dirt left on the pavement dog owners should by all means pay a bit more.,Acquiring CDs with tax data of tax delinquents is therefore out of the question.
different_topic,0.3359271466732025,higher_dog_poo_fines,For dog dirt left on the pavement dog owners should by all means pay a bit more.,That's why intelligence services must be regulated in the framework of parliamentary oversight committees.
different_topic,0.5166704156275453,higher_dog_poo_fines,For dog dirt left on the pavement dog owners should by all means pay a bit more.,The morning-after pill should only be prescribed after counselling by a physician or pharmacist.
different_topic,0.3915971077006796,higher_dog_poo_fines,For dog dirt left on the pavement dog owners should by all means pay a bit more.,Therefore universities should not charge tuition fees in Germany.
different_topic,0.5789307427817378,higher_dog_poo_fines,For dog dirt left on the pavement dog owners should by all means pay a bit more.,Due to the many random factors the bachelor thesis should not play a bigger role.
different_topic,0.37888544559478754,higher_dog_poo_fines,For dog dirt left on the pavement dog owners should by all means pay a bit more.,Raising the relative retirement age on the basis of the physical fitness of the average citizen is fair.
different_topic,0.551010352192503,higher_dog_poo_fines,For dog dirt left on the pavement dog owners should by all means pay a bit more.,For these reasons supermarkets and shopping centres should not be allowed to be open for business on arbitrary Sundays and holidays.
different_topic,0.6141188793948719,higher_dog_poo_fines,For dog dirt left on the pavement dog owners should by all means pay a bit more.,the statutory retirement age should in the future not remain at 63 years.
different_topic,0.5020406062786396,higher_dog_poo_fines,For dog dirt left on the pavement dog owners should by all means pay a bit more.,That's why the statutory health insurance companies should not cover such treatments.
different_topic,0.5690597342327237,higher_dog_poo_fines,For dog dirt left on the pavement dog owners should by all means pay a bit more.,"If however one could find a compromise between green space and housing, then Tempelhofer Feld should definitely be made available for residential construction."
different_topic,0.5228775171563028,higher_dog_poo_fines,For dog dirt left on the pavement dog owners should by all means pay a bit more.,I argue categorically in favour of over-the-counter availability of the morning-after pill in pharmacies.
different_topic,0.5043187927116047,higher_dog_poo_fines,For dog dirt left on the pavement dog owners should by all means pay a bit more.,the EU should intervene right away.
different_topic,0.5213066995624573,higher_dog_poo_fines,For dog dirt left on the pavement dog owners should by all means pay a bit more.,"Especially now, as there is a lack of skilled labour, it's irresponsible for the economy and prosperity to retire at 63."
different_topic,0.3583554852576483,higher_dog_poo_fines,For dog dirt left on the pavement dog owners should by all means pay a bit more.,It would be fair to make them into an Olympic event.
different_topic,0.5319476691739901,higher_dog_poo_fines,For dog dirt left on the pavement dog owners should by all means pay a bit more.,A cap on rent increases upon tenant change is therefore not to be supported.
different_topic,0.5055692185248648,higher_dog_poo_fines,For dog dirt left on the pavement dog owners should by all means pay a bit more.,Opening on Sundays and holidays would therefore help both customers and shops.
same_topic,0.6049791898046222,higher_dog_poo_fines,For dog dirt left on the pavement dog owners should by all means pay a bit more.,Higher penalties for dog dirt are pointless as long as there is not enough personnel to enforce them.
different_topic,0.47253025889396666,higher_dog_poo_fines,For dog dirt left on the pavement dog owners should by all means pay a bit more.,I am not of the opinion that the retirement age should be set at 63 years.
different_topic,0.4421674919128418,higher_dog_poo_fines,For dog dirt left on the pavement dog owners should by all means pay a bit more.,"After the new BER Airport has been commissioned, Tegel should definitely be closed."
different_topic,0.4377923232057821,higher_dog_poo_fines,For dog dirt left on the pavement dog owners should by all means pay a bit more.,Not everyone should be obliged to pay the TV & radio licence.
different_topic,0.4421172928810119,higher_dog_poo_fines,For dog dirt left on the pavement dog owners should by all means pay a bit more.,Actually it would be justified if all German universities charged tuition fees.
different_topic,0.3811687153318654,higher_dog_poo_fines,For dog dirt left on the pavement dog owners should by all means pay a bit more.,Current regulations for the calculation of the total grade should therefore be maintained.
different_topic,0.5381083329518636,higher_dog_poo_fines,For dog dirt left on the pavement dog owners should by all means pay a bit more.,Supermarkets and shopping centres should be allowed to open on any Sundays and holidays.
different_topic,0.4997775103364671,higher_dog_poo_fines,For dog dirt left on the pavement dog owners should by all means pay a bit more.,"Many European countries, for instance the Netherlands, Sweden and Great Britain, have already understood this and successfully adjusted the opening hours for retailers."
different_topic,0.22771753205193415,higher_dog_poo_fines,For dog dirt left on the pavement dog owners should by all means pay a bit more.,We don't need it.
different_topic,0.5284819949057794,higher_dog_poo_fines,For dog dirt left on the pavement dog owners should by all means pay a bit more.,Supermarkets and shopping centres should be allowed to open any Sundays and holidays at their discretion.
same_topic,0.6815623473376037,higher_dog_poo_fines,For dog dirt left on the pavement dog owners should by all means pay a bit more.,"If there were higher fines for leaving dog dirt on pavements, there would presumably be less dog dirt,"
different_topic,0.6483975717654595,higher_dog_poo_fines,For dog dirt left on the pavement dog owners should by all means pay a bit more.,Germany should by no means introduce capital punishment.
different_topic,0.5999303070207437,higher_dog_poo_fines,For dog dirt left on the pavement dog owners should by all means pay a bit more.,"Considering what's on television these days, it would be appropriate to only have those people pay who actually (want to) follow the programming."
different_topic,0.5333353060263174,higher_dog_poo_fines,For dog dirt left on the pavement dog owners should by all means pay a bit more.,"If there must be rent increases, there should also be a cap to avoid nasty surprises."
different_topic,0.3447577435037364,higher_dog_poo_fines,For dog dirt left on the pavement dog owners should by all means pay a bit more.,German universities should on no account charge tuition fees.
different_topic,0.47346134870140644,higher_dog_poo_fines,For dog dirt left on the pavement dog owners should by all means pay a bit more.,Hence it is good when shops are not open on Sundays and public holidays.
different_topic,0.6061934317861285,higher_dog_poo_fines,For dog dirt left on the pavement dog owners should by all means pay a bit more.,"Intelligence services should be more closely regulated by parliament,"
different_topic,0.3701723189581009,higher_dog_poo_fines,For dog dirt left on the pavement dog owners should by all means pay a bit more.,"BER should be re-conceptualized from scratch,"
different_topic,0.3449364645140512,higher_dog_poo_fines,For dog dirt left on the pavement dog owners should by all means pay a bit more.,the EU should not intervene in local politics.
different_topic,0.5939288384148053,higher_dog_poo_fines,For dog dirt left on the pavement dog owners should by all means pay a bit more.,"The implementation of retirement at 63 is no longer socially sustainable,"
different_topic,0.6285838427082184,higher_dog_poo_fines,For dog dirt left on the pavement dog owners should by all means pay a bit more.,That's why there ought to be one day a week when supermarkets and shopping centres stay closed.
different_topic,0.365326963365078,higher_dog_poo_fines,For dog dirt left on the pavement dog owners should by all means pay a bit more.,everyone should chip in.
different_topic,0.3159880297524589,higher_dog_poo_fines,For dog dirt left on the pavement dog owners should by all means pay a bit more.,The state ought to prevent murder - not avenge it.
different_topic,0.43104492187499993,higher_dog_poo_fines,For dog dirt left on the pavement dog owners should by all means pay a bit more.,A constant increase in rent upon a change of tenants hence cannot be desired by society.
different_topic,0.5646493172645569,higher_dog_poo_fines,For dog dirt left on the pavement dog owners should by all means pay a bit more.,It is quite clear that Sunday should remain a day of rest.
different_topic,0.5555122886385236,higher_dog_poo_fines,For dog dirt left on the pavement dog owners should by all means pay a bit more.,"The BA dissertation should, if not make up the entire grade, then at least constitute a larger share of it."
same_topic,0.7816120193436228,higher_dog_poo_fines,For dog dirt left on the pavement dog owners should by all means pay a bit more.,"Dog owners should pay higher fines for dog dirt left on pavements,"
different_topic,0.351472706898399,higher_dog_poo_fines,For dog dirt left on the pavement dog owners should by all means pay a bit more.,"Still, the state needs the death penalty as a deterrent to horrific crimes."
different_topic,0.4980402245585407,higher_dog_poo_fines,For dog dirt left on the pavement dog owners should by all means pay a bit more.,The TV license fee should only be collected from those who actually make use of the programming of the public broadcasters.
different_topic,0.5881049670279027,higher_dog_poo_fines,For dog dirt left on the pavement dog owners should by all means pay a bit more.,No one should have the possibility to pick up the morning-after pill over the counter at the pharmacy.
same_topic,0.3205903023481369,higher_dog_poo_fines,For dog dirt left on the pavement dog owners should by all means pay a bit more.,Increasing penalties is therefore the right way.
different_topic,0.30207743446032204,school_uniforms,"A simply designed practical outfit would even out the overall visual image of a school, and direct attention towards the character and achievements of the students - and not their buying power.",Health insurance companies should naturally cover alternative medical treatments.
different_topic,0.4494135629299075,school_uniforms,"A simply designed practical outfit would even out the overall visual image of a school, and direct attention towards the character and achievements of the students - and not their buying power.","Actually only those people should pay a TV & radio licence fee who really watch ARD, ZDF, Arte etc."
different_topic,0.34461770590507623,school_uniforms,"A simply designed practical outfit would even out the overall visual image of a school, and direct attention towards the character and achievements of the students - and not their buying power.","Well, I as an employee find it very practical to be able to shop at least on weekends."
different_topic,0.3158889618413202,school_uniforms,"A simply designed practical outfit would even out the overall visual image of a school, and direct attention towards the character and achievements of the students - and not their buying power.",It would therefore be wise to adjust the required effort for final theses accordingly.
different_topic,0.23125514388084412,school_uniforms,"A simply designed practical outfit would even out the overall visual image of a school, and direct attention towards the character and achievements of the students - and not their buying power.",Rent prices should be limited by a cap when there's a change of tenant.
different_topic,0.32089232917754884,school_uniforms,"A simply designed practical outfit would even out the overall visual image of a school, and direct attention towards the character and achievements of the students - and not their buying power.",Therefore no unproven and unrecognized treatments by naturopaths should be reimbursed by the insurance companies.
different_topic,0.33882078836704127,school_uniforms,"A simply designed practical outfit would even out the overall visual image of a school, and direct attention towards the character and achievements of the students - and not their buying power.",Tax data that are not made available for free should therefore not be acquired by the state.
different_topic,0.2864454516342708,school_uniforms,"A simply designed practical outfit would even out the overall visual image of a school, and direct attention towards the character and achievements of the students - and not their buying power.",computer games should also not be recognized as Olympic events.
different_topic,0.24778618967091598,school_uniforms,"A simply designed practical outfit would even out the overall visual image of a school, and direct attention towards the character and achievements of the students - and not their buying power.",Tuition fees should not be charged in Germany.
different_topic,0.40504879241480546,school_uniforms,"A simply designed practical outfit would even out the overall visual image of a school, and direct attention towards the character and achievements of the students - and not their buying power.","No, the retirement age should be raised to 65 again."
different_topic,0.3190565376446165,school_uniforms,"A simply designed practical outfit would even out the overall visual image of a school, and direct attention towards the character and achievements of the students - and not their buying power.",That's why Germany should not introduce capital punishment!
different_topic,0.37573463562875986,school_uniforms,"A simply designed practical outfit would even out the overall visual image of a school, and direct attention towards the character and achievements of the students - and not their buying power.",A stop must be put to exorbitant rents by imposing a limit on rent increases when changing residences.
different_topic,0.3600883890282024,school_uniforms,"A simply designed practical outfit would even out the overall visual image of a school, and direct attention towards the character and achievements of the students - and not their buying power.",A reduction in the amount of chemically produced medication per person is most certainly desirable.
different_topic,0.3940250558011672,school_uniforms,"A simply designed practical outfit would even out the overall visual image of a school, and direct attention towards the character and achievements of the students - and not their buying power.",The statutory health insurance companies should also cover treatments with non-medical and alternative practitioners.
different_topic,0.18051527325923625,school_uniforms,"A simply designed practical outfit would even out the overall visual image of a school, and direct attention towards the character and achievements of the students - and not their buying power.",The death penalty should be abandoned everywhere.
different_topic,0.3231166418521635,school_uniforms,"A simply designed practical outfit would even out the overall visual image of a school, and direct attention towards the character and achievements of the students - and not their buying power.",The universities in Germany should not under any circumstances charge tuition fees.
different_topic,0.3810219589401694,school_uniforms,"A simply designed practical outfit would even out the overall visual image of a school, and direct attention towards the character and achievements of the students - and not their buying power.",The TV/radio licence fee can only be required of all citizens/households equally.
same_topic,0.24447928534613717,school_uniforms,"A simply designed practical outfit would even out the overall visual image of a school, and direct attention towards the character and achievements of the students - and not their buying power.",School uniforms should not be worn in our schools.
different_topic,0.31919559117021234,school_uniforms,"A simply designed practical outfit would even out the overall visual image of a school, and direct attention towards the character and achievements of the students - and not their buying power.","One should not re-introduce capital punishment in Germany,"
different_topic,0.3161956466013386,school_uniforms,"A simply designed practical outfit would even out the overall visual image of a school, and direct attention towards the character and achievements of the students - and not their buying power.",There should be a higher fine for dog dirt on the pavement.
different_topic,0.3887616486260385,school_uniforms,"A simply designed practical outfit would even out the overall visual image of a school, and direct attention towards the character and achievements of the students - and not their buying power.","I find the peripheral housing development at Tempelhofer Feld right for urban planning reasons,"
different_topic,0.21972576004487496,school_uniforms,"A simply designed practical outfit would even out the overall visual image of a school, and direct attention towards the character and achievements of the students - and not their buying power.",Tuition fees should not generally be charged by universities.
different_topic,0.38696054675999814,school_uniforms,"A simply designed practical outfit would even out the overall visual image of a school, and direct attention towards the character and achievements of the students - and not their buying power.",The health insurance companies ought to be enabled to recognize a doctor's decision for natural treatment and also to cover it.
different_topic,0.2875011329139982,school_uniforms,"A simply designed practical outfit would even out the overall visual image of a school, and direct attention towards the character and achievements of the students - and not their buying power.",Video games ought to be included in the ranks of Olympic events.
different_topic,0.3963351672695529,school_uniforms,"A simply designed practical outfit would even out the overall visual image of a school, and direct attention towards the character and achievements of the students - and not their buying power.","including planning abilities, reaction time, and reasoning to name but a few."
different_topic,0.30164146146604,school_uniforms,"A simply designed practical outfit would even out the overall visual image of a school, and direct attention towards the character and achievements of the students - and not their buying power.",The morning-after pill ought to be available over-the-counter in pharmacies.
same_topic,0.3122670011860984,school_uniforms,"A simply designed practical outfit would even out the overall visual image of a school, and direct attention towards the character and achievements of the students - and not their buying power.",School uniforms should be introduced in our schools again.
different_topic,0.2888363301753998,school_uniforms,"A simply designed practical outfit would even out the overall visual image of a school, and direct attention towards the character and achievements of the students - and not their buying power.",The EU should exert influence on the political events in Ukraine.
different_topic,0.35846483617117914,school_uniforms,"A simply designed practical outfit would even out the overall visual image of a school, and direct attention towards the character and achievements of the students - and not their buying power.",There should be much higher fines for dog dirt left on pavements.
different_topic,0.3512534991358266,school_uniforms,"A simply designed practical outfit would even out the overall visual image of a school, and direct attention towards the character and achievements of the students - and not their buying power.",Secret services must be more tightly regulated in order to prevent excessive surveillance.
different_topic,0.1821136551980789,school_uniforms,"A simply designed practical outfit would even out the overall visual image of a school, and direct attention towards the character and achievements of the students - and not their buying power.",dispensing it without medical advice would be inappropriate.
different_topic,0.4132495295160856,school_uniforms,"A simply designed practical outfit would even out the overall visual image of a school, and direct attention towards the character and achievements of the students - and not their buying power.",For instance the morning-after pill could result in a decrease in the use of condoms and thus lead to an increase in new infections with Aids.
different_topic,0.4471767391813429,school_uniforms,"A simply designed practical outfit would even out the overall visual image of a school, and direct attention towards the character and achievements of the students - and not their buying power.",As a central airport Berlin Tegel is particularly attractive for business travellers and should by all means remain operational.
different_topic,0.4260500650852918,school_uniforms,"A simply designed practical outfit would even out the overall visual image of a school, and direct attention towards the character and achievements of the students - and not their buying power.",Acquiring CDs with tax data of tax delinquents is therefore out of the question.
different_topic,0.31022544060983964,school_uniforms,"A simply designed practical outfit would even out the overall visual image of a school, and direct attention towards the character and achievements of the students - and not their buying power.",That's why intelligence services must be regulated in the framework of parliamentary oversight committees.
different_topic,0.3161813540118081,school_uniforms,"A simply designed practical outfit would even out the overall visual image of a school, and direct attention towards the character and achievements of the students - and not their buying power.",The morning-after pill should only be prescribed after counselling by a physician or pharmacist.
different_topic,0.316675006315626,school_uniforms,"A simply designed practical outfit would even out the overall visual image of a school, and direct attention towards the character and achievements of the students - and not their buying power.",Therefore universities should not charge tuition fees in Germany.
different_topic,0.4368264104638781,school_uniforms,"A simply designed practical outfit would even out the overall visual image of a school, and direct attention towards the character and achievements of the students - and not their buying power.",Due to the many random factors the bachelor thesis should not play a bigger role.
different_topic,0.3393652689072394,school_uniforms,"A simply designed practical outfit would even out the overall visual image of a school, and direct attention towards the character and achievements of the students - and not their buying power.",Raising the relative retirement age on the basis of the physical fitness of the average citizen is fair.
different_topic,0.465386301279068,school_uniforms,"A simply designed practical outfit would even out the overall visual image of a school, and direct attention towards the character and achievements of the students - and not their buying power.",For these reasons supermarkets and shopping centres should not be allowed to be open for business on arbitrary Sundays and holidays.
different_topic,0.39043102501069793,school_uniforms,"A simply designed practical outfit would even out the overall visual image of a school, and direct attention towards the character and achievements of the students - and not their buying power.",the statutory retirement age should in the future not remain at 63 years.
different_topic,0.3674160819500685,school_uniforms,"A simply designed practical outfit would even out the overall visual image of a school, and direct attention towards the character and achievements of the students - and not their buying power.",That's why the statutory health insurance companies should not cover such treatments.
different_topic,0.4107454207382704,school_uniforms,"A simply designed practical outfit would even out the overall visual image of a school, and direct attention towards the character and achievements of the students - and not their buying power.","If however one could find a compromise between green space and housing, then Tempelhofer Feld should definitely be made available for residential construction."
different_topic,0.3624752242314188,school_uniforms,"A simply designed practical outfit would even out the overall visual image of a school, and direct attention towards the character and achievements of the students - and not their buying power.",I argue categorically in favour of over-the-counter availability of the morning-after pill in pharmacies.
different_topic,0.2581357987863677,school_uniforms,"A simply designed practical outfit would even out the overall visual image of a school, and direct attention towards the character and achievements of the students - and not their buying power.",the EU should intervene right away.
different_topic,0.5025399979707356,school_uniforms,"A simply designed practical outfit would even out the overall visual image of a school, and direct attention towards the character and achievements of the students - and not their buying power.","Especially now, as there is a lack of skilled labour, it's irresponsible for the economy and prosperity to retire at 63."
different_topic,0.28277360730701023,school_uniforms,"A simply designed practical outfit would even out the overall visual image of a school, and direct attention towards the character and achievements of the students - and not their buying power.",It would be fair to make them into an Olympic event.
different_topic,0.35820021436494937,school_uniforms,"A simply designed practical outfit would even out the overall visual image of a school, and direct attention towards the character and achievements of the students - and not their buying power.",A cap on rent increases upon tenant change is therefore not to be supported.
different_topic,0.4210946069044226,school_uniforms,"A simply designed practical outfit would even out the overall visual image of a school, and direct attention towards the character and achievements of the students - and not their buying power.",Opening on Sundays and holidays would therefore help both customers and shops.
different_topic,0.3653069654615914,school_uniforms,"A simply designed practical outfit would even out the overall visual image of a school, and direct attention towards the character and achievements of the students - and not their buying power.",Higher penalties for dog dirt are pointless as long as there is not enough personnel to enforce them.
different_topic,0.32907444719345336,school_uniforms,"A simply designed practical outfit would even out the overall visual image of a school, and direct attention towards the character and achievements of the students - and not their buying power.",I am not of the opinion that the retirement age should be set at 63 years.
different_topic,0.3446119812227065,school_uniforms,"A simply designed practical outfit would even out the overall visual image of a school, and direct attention towards the character and achievements of the students - and not their buying power.","After the new BER Airport has been commissioned, Tegel should definitely be closed."
different_topic,0.3022321544844529,school_uniforms,"A simply designed practical outfit would even out the overall visual image of a school, and direct attention towards the character and achievements of the students - and not their buying power.",Not everyone should be obliged to pay the TV & radio licence.
different_topic,0.35607805079029453,school_uniforms,"A simply designed practical outfit would even out the overall visual image of a school, and direct attention towards the character and achievements of the students - and not their buying power.",Actually it would be justified if all German universities charged tuition fees.
different_topic,0.36794093353994967,school_uniforms,"A simply designed practical outfit would even out the overall visual image of a school, and direct attention towards the character and achievements of the students - and not their buying power.",Current regulations for the calculation of the total grade should therefore be maintained.
different_topic,0.40728940980301964,school_uniforms,"A simply designed practical outfit would even out the overall visual image of a school, and direct attention towards the character and achievements of the students - and not their buying power.",Supermarkets and shopping centres should be allowed to open on any Sundays and holidays.
different_topic,0.4461926236385253,school_uniforms,"A simply designed practical outfit would even out the overall visual image of a school, and direct attention towards the character and achievements of the students - and not their buying power.","Many European countries, for instance the Netherlands, Sweden and Great Britain, have already understood this and successfully adjusted the opening hours for retailers."
different_topic,0.16216471791267395,school_uniforms,"A simply designed practical outfit would even out the overall visual image of a school, and direct attention towards the character and achievements of the students - and not their buying power.",We don't need it.
different_topic,0.413486039316332,school_uniforms,"A simply designed practical outfit would even out the overall visual image of a school, and direct attention towards the character and achievements of the students - and not their buying power.",Supermarkets and shopping centres should be allowed to open any Sundays and holidays at their discretion.
different_topic,0.38253842353036527,school_uniforms,"A simply designed practical outfit would even out the overall visual image of a school, and direct attention towards the character and achievements of the students - and not their buying power.","If there were higher fines for leaving dog dirt on pavements, there would presumably be less dog dirt,"
different_topic,0.3155423658899963,school_uniforms,"A simply designed practical outfit would even out the overall visual image of a school, and direct attention towards the character and achievements of the students - and not their buying power.",Germany should by no means introduce capital punishment.
different_topic,0.48787246313360005,school_uniforms,"A simply designed practical outfit would even out the overall visual image of a school, and direct attention towards the character and achievements of the students - and not their buying power.","Considering what's on television these days, it would be appropriate to only have those people pay who actually (want to) follow the programming."
different_topic,0.3421339099154328,school_uniforms,"A simply designed practical outfit would even out the overall visual image of a school, and direct attention towards the character and achievements of the students - and not their buying power.","If there must be rent increases, there should also be a cap to avoid nasty surprises."
different_topic,0.27125869639988603,school_uniforms,"A simply designed practical outfit would even out the overall visual image of a school, and direct attention towards the character and achievements of the students - and not their buying power.",German universities should on no account charge tuition fees.
different_topic,0.3892399614507501,school_uniforms,"A simply designed practical outfit would even out the overall visual image of a school, and direct attention towards the character and achievements of the students - and not their buying power.",Hence it is good when shops are not open on Sundays and public holidays.
different_topic,0.3493721235324355,school_uniforms,"A simply designed practical outfit would even out the overall visual image of a school, and direct attention towards the character and achievements of the students - and not their buying power.","Intelligence services should be more closely regulated by parliament,"
different_topic,0.2626566644068118,school_uniforms,"A simply designed practical outfit would even out the overall visual image of a school, and direct attention towards the character and achievements of the students - and not their buying power.","BER should be re-conceptualized from scratch,"
different_topic,0.21159310473336115,school_uniforms,"A simply designed practical outfit would even out the overall visual image of a school, and direct attention towards the character and achievements of the students - and not their buying power.",the EU should not intervene in local politics.
different_topic,0.39786504954099655,school_uniforms,"A simply designed practical outfit would even out the overall visual image of a school, and direct attention towards the character and achievements of the students - and not their buying power.","The implementation of retirement at 63 is no longer socially sustainable,"
different_topic,0.47255301817848877,school_uniforms,"A simply designed practical outfit would even out the overall visual image of a school, and direct attention towards the character and achievements of the students - and not their buying power.",That's why there ought to be one day a week when supermarkets and shopping centres stay closed.
different_topic,0.16457715286658361,school_uniforms,"A simply designed practical outfit would even out the overall visual image of a school, and direct attention towards the character and achievements of the students - and not their buying power.",everyone should chip in.
different_topic,0.24798652198579574,school_uniforms,"A simply designed practical outfit would even out the overall visual image of a school, and direct attention towards the character and achievements of the students - and not their buying power.",The state ought to prevent murder - not avenge it.
different_topic,0.3501816276581056,school_uniforms,"A simply designed practical outfit would even out the overall visual image of a school, and direct attention towards the character and achievements of the students - and not their buying power.",A constant increase in rent upon a change of tenants hence cannot be desired by society.
different_topic,0.32921536699418097,school_uniforms,"A simply designed practical outfit would even out the overall visual image of a school, and direct attention towards the character and achievements of the students - and not their buying power.",It is quite clear that Sunday should remain a day of rest.
different_topic,0.43800260090246435,school_uniforms,"A simply designed practical outfit would even out the overall visual image of a school, and direct attention towards the character and achievements of the students - and not their buying power.","The BA dissertation should, if not make up the entire grade, then at least constitute a larger share of it."
different_topic,0.40972082018852235,school_uniforms,"A simply designed practical outfit would even out the overall visual image of a school, and direct attention towards the character and achievements of the students - and not their buying power.","Dog owners should pay higher fines for dog dirt left on pavements,"
different_topic,0.2529950018586784,school_uniforms,"A simply designed practical outfit would even out the overall visual image of a school, and direct attention towards the character and achievements of the students - and not their buying power.","Still, the state needs the death penalty as a deterrent to horrific crimes."
different_topic,0.4307500422000885,school_uniforms,"A simply designed practical outfit would even out the overall visual image of a school, and direct attention towards the character and achievements of the students - and not their buying power.",The TV license fee should only be collected from those who actually make use of the programming of the public broadcasters.
different_topic,0.374978618598298,school_uniforms,"A simply designed practical outfit would even out the overall visual image of a school, and direct attention towards the character and achievements of the students - and not their buying power.",No one should have the possibility to pick up the morning-after pill over the counter at the pharmacy.
different_topic,0.2629724122010744,school_uniforms,"A simply designed practical outfit would even out the overall visual image of a school, and direct attention towards the character and achievements of the students - and not their buying power.",Increasing penalties is therefore the right way.
different_topic,0.29061969249479236,health_insurance_cover_complementary_medicine,Health insurance companies should naturally cover alternative medical treatments.,"Actually only those people should pay a TV & radio licence fee who really watch ARD, ZDF, Arte etc."
different_topic,0.3685987279528664,health_insurance_cover_complementary_medicine,Health insurance companies should naturally cover alternative medical treatments.,"Well, I as an employee find it very practical to be able to shop at least on weekends."
different_topic,0.37203507213031545,health_insurance_cover_complementary_medicine,Health insurance companies should naturally cover alternative medical treatments.,It would therefore be wise to adjust the required effort for final theses accordingly.
different_topic,0.39969851449131966,health_insurance_cover_complementary_medicine,Health insurance companies should naturally cover alternative medical treatments.,Rent prices should be limited by a cap when there's a change of tenant.
same_topic,0.6024898290634155,health_insurance_cover_complementary_medicine,Health insurance companies should naturally cover alternative medical treatments.,Therefore no unproven and unrecognized treatments by naturopaths should be reimbursed by the insurance companies.
different_topic,0.43060797628234415,health_insurance_cover_complementary_medicine,Health insurance companies should naturally cover alternative medical treatments.,Tax data that are not made available for free should therefore not be acquired by the state.
different_topic,0.41438325308263296,health_insurance_cover_complementary_medicine,Health insurance companies should naturally cover alternative medical treatments.,computer games should also not be recognized as Olympic events.
different_topic,0.33512135644753777,health_insurance_cover_complementary_medicine,Health insurance companies should naturally cover alternative medical treatments.,Tuition fees should not be charged in Germany.
different_topic,0.35241408646106714,health_insurance_cover_complementary_medicine,Health insurance companies should naturally cover alternative medical treatments.,"No, the retirement age should be raised to 65 again."
different_topic,0.39663960828500633,health_insurance_cover_complementary_medicine,Health insurance companies should naturally cover alternative medical treatments.,That's why Germany should not introduce capital punishment!
different_topic,0.36201204061508174,health_insurance_cover_complementary_medicine,Health insurance companies should naturally cover alternative medical treatments.,A stop must be put to exorbitant rents by imposing a limit on rent increases when changing residences.
same_topic,0.3976327237628755,health_insurance_cover_complementary_medicine,Health insurance companies should naturally cover alternative medical treatments.,A reduction in the amount of chemically produced medication per person is most certainly desirable.
same_topic,0.7524714469909668,health_insurance_cover_complementary_medicine,Health insurance companies should naturally cover alternative medical treatments.,The statutory health insurance companies should also cover treatments with non-medical and alternative practitioners.
different_topic,0.27907300208296093,health_insurance_cover_complementary_medicine,Health insurance companies should naturally cover alternative medical treatments.,The death penalty should be abandoned everywhere.
different_topic,0.3853088601639396,health_insurance_cover_complementary_medicine,Health insurance companies should naturally cover alternative medical treatments.,The universities in Germany should not under any circumstances charge tuition fees.
different_topic,0.33591214093295013,health_insurance_cover_complementary_medicine,Health insurance companies should naturally cover alternative medical treatments.,The TV/radio licence fee can only be required of all citizens/households equally.
different_topic,0.375328004360199,health_insurance_cover_complementary_medicine,Health insurance companies should naturally cover alternative medical treatments.,School uniforms should not be worn in our schools.
different_topic,0.3925634499858408,health_insurance_cover_complementary_medicine,Health insurance companies should naturally cover alternative medical treatments.,"One should not re-introduce capital punishment in Germany,"
different_topic,0.3987465124381216,health_insurance_cover_complementary_medicine,Health insurance companies should naturally cover alternative medical treatments.,There should be a higher fine for dog dirt on the pavement.
different_topic,0.3341036524091448,health_insurance_cover_complementary_medicine,Health insurance companies should naturally cover alternative medical treatments.,"I find the peripheral housing development at Tempelhofer Feld right for urban planning reasons,"
different_topic,0.3185736951418221,health_insurance_cover_complementary_medicine,Health insurance companies should naturally cover alternative medical treatments.,Tuition fees should not generally be charged by universities.
same_topic,0.7761336456645619,health_insurance_cover_complementary_medicine,Health insurance companies should naturally cover alternative medical treatments.,The health insurance companies ought to be enabled to recognize a doctor's decision for natural treatment and also to cover it.
different_topic,0.3560637515038252,health_insurance_cover_complementary_medicine,Health insurance companies should naturally cover alternative medical treatments.,Video games ought to be included in the ranks of Olympic events.
different_topic,0.3616287174977755,health_insurance_cover_complementary_medicine,Health insurance companies should naturally cover alternative medical treatments.,"including planning abilities, reaction time, and reasoning to name but a few."
different_topic,0.402758847112241,health_insurance_cover_complementary_medicine,Health insurance companies should naturally cover alternative medical treatments.,The morning-after pill ought to be available over-the-counter in pharmacies.
different_topic,0.4166859947144985,health_insurance_cover_complementary_medicine,Health insurance companies should naturally cover alternative medical treatments.,School uniforms should be introduced in our schools again.
different_topic,0.4046255002419154,health_insurance_cover_complementary_medicine,Health insurance companies should naturally cover alternative medical treatments.,The EU should exert influence on the political events in Ukraine.
different_topic,0.36926952997843426,health_insurance_cover_complementary_medicine,Health insurance companies should naturally cover alternative medical treatments.,There should be much higher fines for dog dirt left on pavements.
different_topic,0.3439184058280218,health_insurance_cover_complementary_medicine,Health insurance companies should naturally cover alternative medical treatments.,Secret services must be more tightly regulated in order to prevent excessive surveillance.
different_topic,0.33481802309064995,health_insurance_cover_complementary_medicine,Health insurance companies should naturally cover alternative medical treatments.,dispensing it without medical advice would be inappropriate.
different_topic,0.4344745344585842,health_insurance_cover_complementary_medicine,Health insurance companies should naturally cover alternative medical treatments.,For instance the morning-after pill could result in a decrease in the use of condoms and thus lead to an increase in new infections with Aids.
different_topic,0.32957157034140366,health_insurance_cover_complementary_medicine,Health insurance companies should naturally cover alternative medical treatments.,As a central airport Berlin Tegel is particularly attractive for business travellers and should by all means remain operational.
different_topic,0.34016773104667664,health_insurance_cover_complementary_medicine,Health insurance companies should naturally cover alternative medical treatments.,Acquiring CDs with tax data of tax delinquents is therefore out of the question.
different_topic,0.34618574694583293,health_insurance_cover_complementary_medicine,Health insurance companies should naturally cover alternative medical treatments.,That's why intelligence services must be regulated in the framework of parliamentary oversight committees.
different_topic,0.4088494635146597,health_insurance_cover_complementary_medicine,Health insurance companies should naturally cover alternative medical treatments.,The morning-after pill should only be prescribed after counselling by a physician or pharmacist.
different_topic,0.3578082437024397,health_insurance_cover_complementary_medicine,Health insurance companies should naturally cover alternative medical treatments.,Therefore universities should not charge tuition fees in Germany.
different_topic,0.3520798424015874,health_insurance_cover_complementary_medicine,Health insurance companies should naturally cover alternative medical treatments.,Due to the many random factors the bachelor thesis should not play a bigger role.
different_topic,0.38432025438860845,health_insurance_cover_complementary_medicine,Health insurance companies should naturally cover alternative medical treatments.,Raising the relative retirement age on the basis of the physical fitness of the average citizen is fair.
different_topic,0.30519410415931986,health_insurance_cover_complementary_medicine,Health insurance companies should naturally cover alternative medical treatments.,For these reasons supermarkets and shopping centres should not be allowed to be open for business on arbitrary Sundays and holidays.
different_topic,0.3614008697596463,health_insurance_cover_complementary_medicine,Health insurance companies should naturally cover alternative medical treatments.,the statutory retirement age should in the future not remain at 63 years.
same_topic,0.7115865707397462,health_insurance_cover_complementary_medicine,Health insurance companies should naturally cover alternative medical treatments.,That's why the statutory health insurance companies should not cover such treatments.
different_topic,0.35581272611251236,health_insurance_cover_complementary_medicine,Health insurance companies should naturally cover alternative medical treatments.,"If however one could find a compromise between green space and housing, then Tempelhofer Feld should definitely be made available for residential construction."
different_topic,0.36058561847760123,health_insurance_cover_complementary_medicine,Health insurance companies should naturally cover alternative medical treatments.,I argue categorically in favour of over-the-counter availability of the morning-after pill in pharmacies.
different_topic,0.3526601605117321,health_insurance_cover_complementary_medicine,Health insurance companies should naturally cover alternative medical treatments.,the EU should intervene right away.
different_topic,0.28293120384216314,health_insurance_cover_complementary_medicine,Health insurance companies should naturally cover alternative medical treatments.,"Especially now, as there is a lack of skilled labour, it's irresponsible for the economy and prosperity to retire at 63."
different_topic,0.30656598011652636,health_insurance_cover_complementary_medicine,Health insurance companies should naturally cover alternative medical treatments.,It would be fair to make them into an Olympic event.
different_topic,0.3137392916462638,health_insurance_cover_complementary_medicine,Health insurance companies should naturally cover alternative medical treatments.,A cap on rent increases upon tenant change is therefore not to be supported.
different_topic,0.34036755019968207,health_insurance_cover_complementary_medicine,Health insurance companies should naturally cover alternative medical treatments.,Opening on Sundays and holidays would therefore help both customers and shops.
different_topic,0.23915137710242435,health_insurance_cover_complementary_medicine,Health insurance companies should naturally cover alternative medical treatments.,Higher penalties for dog dirt are pointless as long as there is not enough personnel to enforce them.
different_topic,0.35939277865384756,health_insurance_cover_complementary_medicine,Health insurance companies should naturally cover alternative medical treatments.,I am not of the opinion that the retirement age should be set at 63 years.
different_topic,0.4593635656331715,health_insurance_cover_complementary_medicine,Health insurance companies should naturally cover alternative medical treatments.,"After the new BER Airport has been commissioned, Tegel should definitely be closed."
different_topic,0.364970936494715,health_insurance_cover_complementary_medicine,Health insurance companies should naturally cover alternative medical treatments.,Not everyone should be obliged to pay the TV & radio licence.
different_topic,0.34139712390146754,health_insurance_cover_complementary_medicine,Health insurance companies should naturally cover alternative medical treatments.,Actually it would be justified if all German universities charged tuition fees.
different_topic,0.4122512235360987,health_insurance_cover_complementary_medicine,Health insurance companies should naturally cover alternative medical treatments.,Current regulations for the calculation of the total grade should therefore be maintained.
different_topic,0.3460898697376251,health_insurance_cover_complementary_medicine,Health insurance companies should naturally cover alternative medical treatments.,Supermarkets and shopping centres should be allowed to open on any Sundays and holidays.
different_topic,0.316574883872065,health_insurance_cover_complementary_medicine,Health insurance companies should naturally cover alternative medical treatments.,"Many European countries, for instance the Netherlands, Sweden and Great Britain, have already understood this and successfully adjusted the opening hours for retailers."
different_topic,0.2174608608086904,health_insurance_cover_complementary_medicine,Health insurance companies should naturally cover alternative medical treatments.,We don't need it.
different_topic,0.33224627494812015,health_insurance_cover_complementary_medicine,Health insurance companies should naturally cover alternative medical treatments.,Supermarkets and shopping centres should be allowed to open any Sundays and holidays at their discretion.
different_topic,0.3606516604240124,health_insurance_cover_complementary_medicine,Health insurance companies should naturally cover alternative medical treatments.,"If there were higher fines for leaving dog dirt on pavements, there would presumably be less dog dirt,"
different_topic,0.37814947813749317,health_insurance_cover_complementary_medicine,Health insurance companies should naturally cover alternative medical treatments.,Germany should by no means introduce capital punishment.
different_topic,0.30537793040275574,health_insurance_cover_complementary_medicine,Health insurance companies should naturally cover alternative medical treatments.,"Considering what's on television these days, it would be appropriate to only have those people pay who actually (want to) follow the programming."
different_topic,0.43328064112436204,health_insurance_cover_complementary_medicine,Health insurance companies should naturally cover alternative medical treatments.,"If there must be rent increases, there should also be a cap to avoid nasty surprises."
different_topic,0.35864372965057983,health_insurance_cover_complementary_medicine,Health insurance companies should naturally cover alternative medical treatments.,German universities should on no account charge tuition fees.
different_topic,0.3340875364485242,health_insurance_cover_complementary_medicine,Health insurance companies should naturally cover alternative medical treatments.,Hence it is good when shops are not open on Sundays and public holidays.
different_topic,0.3755680837414482,health_insurance_cover_complementary_medicine,Health insurance companies should naturally cover alternative medical treatments.,"Intelligence services should be more closely regulated by parliament,"
different_topic,0.3565568586190541,health_insurance_cover_complementary_medicine,Health insurance companies should naturally cover alternative medical treatments.,"BER should be re-conceptualized from scratch,"
different_topic,0.35086261828740434,health_insurance_cover_complementary_medicine,Health insurance companies should naturally cover alternative medical treatments.,the EU should not intervene in local politics.
different_topic,0.3051983497359536,health_insurance_cover_complementary_medicine,Health insurance companies should naturally cover alternative medical treatments.,"The implementation of retirement at 63 is no longer socially sustainable,"
different_topic,0.32758972883224485,health_insurance_cover_complementary_medicine,Health insurance companies should naturally cover alternative medical treatments.,That's why there ought to be one day a week when supermarkets and shopping centres stay closed.
different_topic,0.2747933971030372,health_insurance_cover_complementary_medicine,Health insurance companies should naturally cover alternative medical treatments.,everyone should chip in.
different_topic,0.35777026017506924,health_insurance_cover_complementary_medicine,Health insurance companies should naturally cover alternative medical treatments.,The state ought to prevent murder - not avenge it.
different_topic,0.38428678010639394,health_insurance_cover_complementary_medicine,Health insurance companies should naturally cover alternative medical treatments.,A constant increase in rent upon a change of tenants hence cannot be desired by society.
different_topic,0.4177474724619012,health_insurance_cover_complementary_medicine,Health insurance companies should naturally cover alternative medical treatments.,It is quite clear that Sunday should remain a day of rest.
different_topic,0.29259960815824315,health_insurance_cover_complementary_medicine,Health insurance companies should naturally cover alternative medical treatments.,"The BA dissertation should, if not make up the entire grade, then at least constitute a larger share of it."
different_topic,0.34807515144348145,health_insurance_cover_complementary_medicine,Health insurance companies should naturally cover alternative medical treatments.,"Dog owners should pay higher fines for dog dirt left on pavements,"
different_topic,0.33937945786644436,health_insurance_cover_complementary_medicine,Health insurance companies should naturally cover alternative medical treatments.,"Still, the state needs the death penalty as a deterrent to horrific crimes."
different_topic,0.41182281754233624,health_insurance_cover_complementary_medicine,Health insurance companies should naturally cover alternative medical treatments.,The TV license fee should only be collected from those who actually make use of the programming of the public broadcasters.
different_topic,0.3623414452259357,health_insurance_cover_complementary_medicine,Health insurance companies should naturally cover alternative medical treatments.,No one should have the possibility to pick up the morning-after pill over the counter at the pharmacy.
different_topic,0.2856489930834089,health_insurance_cover_complementary_medicine,Health insurance companies should naturally cover alternative medical treatments.,Increasing penalties is therefore the right way.
different_topic,0.37238259262898393,public_broadcasting_fees_on_demand,"Actually only those people should pay a TV & radio licence fee who really watch ARD, ZDF, Arte etc.","Well, I as an employee find it very practical to be able to shop at least on weekends."
different_topic,0.29203297893206276,public_broadcasting_fees_on_demand,"Actually only those people should pay a TV & radio licence fee who really watch ARD, ZDF, Arte etc.",It would therefore be wise to adjust the required effort for final theses accordingly.
different_topic,0.29364425560523727,public_broadcasting_fees_on_demand,"Actually only those people should pay a TV & radio licence fee who really watch ARD, ZDF, Arte etc.",Rent prices should be limited by a cap when there's a change of tenant.
different_topic,0.36741743329912424,public_broadcasting_fees_on_demand,"Actually only those people should pay a TV & radio licence fee who really watch ARD, ZDF, Arte etc.",Therefore no unproven and unrecognized treatments by naturopaths should be reimbursed by the insurance companies.
different_topic,0.30290469725926716,public_broadcasting_fees_on_demand,"Actually only those people should pay a TV & radio licence fee who really watch ARD, ZDF, Arte etc.",Tax data that are not made available for free should therefore not be acquired by the state.
different_topic,0.3339191325779619,public_broadcasting_fees_on_demand,"Actually only those people should pay a TV & radio licence fee who really watch ARD, ZDF, Arte etc.",computer games should also not be recognized as Olympic events.
different_topic,0.3194900772401265,public_broadcasting_fees_on_demand,"Actually only those people should pay a TV & radio licence fee who really watch ARD, ZDF, Arte etc.",Tuition fees should not be charged in Germany.
different_topic,0.4852317869663238,public_broadcasting_fees_on_demand,"Actually only those people should pay a TV & radio licence fee who really watch ARD, ZDF, Arte etc.","No, the retirement age should be raised to 65 again."
different_topic,0.39301079511642456,public_broadcasting_fees_on_demand,"Actually only those people should pay a TV & radio licence fee who really watch ARD, ZDF, Arte etc.",That's why Germany should not introduce capital punishment!
different_topic,0.38447851574782166,public_broadcasting_fees_on_demand,"Actually only those people should pay a TV & radio licence fee who really watch ARD, ZDF, Arte etc.",A stop must be put to exorbitant rents by imposing a limit on rent increases when changing residences.
different_topic,0.42089855670928955,public_broadcasting_fees_on_demand,"Actually only those people should pay a TV & radio licence fee who really watch ARD, ZDF, Arte etc.",A reduction in the amount of chemically produced medication per person is most certainly desirable.
different_topic,0.3886509043829781,public_broadcasting_fees_on_demand,"Actually only those people should pay a TV & radio licence fee who really watch ARD, ZDF, Arte etc.",The statutory health insurance companies should also cover treatments with non-medical and alternative practitioners.
different_topic,0.2113218969768948,public_broadcasting_fees_on_demand,"Actually only those people should pay a TV & radio licence fee who really watch ARD, ZDF, Arte etc.",The death penalty should be abandoned everywhere.
different_topic,0.4437963552772998,public_broadcasting_fees_on_demand,"Actually only those people should pay a TV & radio licence fee who really watch ARD, ZDF, Arte etc.",The universities in Germany should not under any circumstances charge tuition fees.
same_topic,0.5640012213162015,public_broadcasting_fees_on_demand,"Actually only those people should pay a TV & radio licence fee who really watch ARD, ZDF, Arte etc.",The TV/radio licence fee can only be required of all citizens/households equally.
different_topic,0.19894831946917943,public_broadcasting_fees_on_demand,"Actually only those people should pay a TV & radio licence fee who really watch ARD, ZDF, Arte etc.",School uniforms should not be worn in our schools.
different_topic,0.36065187255541487,public_broadcasting_fees_on_demand,"Actually only those people should pay a TV & radio licence fee who really watch ARD, ZDF, Arte etc.","One should not re-introduce capital punishment in Germany,"
different_topic,0.3762621935456991,public_broadcasting_fees_on_demand,"Actually only those people should pay a TV & radio licence fee who really watch ARD, ZDF, Arte etc.",There should be a higher fine for dog dirt on the pavement.
different_topic,0.4599047224311268,public_broadcasting_fees_on_demand,"Actually only those people should pay a TV & radio licence fee who really watch ARD, ZDF, Arte etc.","I find the peripheral housing development at Tempelhofer Feld right for urban planning reasons,"
different_topic,0.26074191502162386,public_broadcasting_fees_on_demand,"Actually only those people should pay a TV & radio licence fee who really watch ARD, ZDF, Arte etc.",Tuition fees should not generally be charged by universities.
different_topic,0.4164990220751081,public_broadcasting_fees_on_demand,"Actually only those people should pay a TV & radio licence fee who really watch ARD, ZDF, Arte etc.",The health insurance companies ought to be enabled to recognize a doctor's decision for natural treatment and also to cover it.
different_topic,0.3254781591481176,public_broadcasting_fees_on_demand,"Actually only those people should pay a TV & radio licence fee who really watch ARD, ZDF, Arte etc.",Video games ought to be included in the ranks of Olympic events.
different_topic,0.4574384354054928,public_broadcasting_fees_on_demand,"Actually only those people should pay a TV & radio licence fee who really watch ARD, ZDF, Arte etc.","including planning abilities, reaction time, and reasoning to name but a few."
different_topic,0.4010527688595984,public_broadcasting_fees_on_demand,"Actually only those people should pay a TV & radio licence fee who really watch ARD, ZDF, Arte etc.",The morning-after pill ought to be available over-the-counter in pharmacies.
different_topic,0.25854719301749923,public_broadcasting_fees_on_demand,"Actually only those people should pay a TV & radio licence fee who really watch ARD, ZDF, Arte etc.",School uniforms should be introduced in our schools again.
different_topic,0.38526083577063774,public_broadcasting_fees_on_demand,"Actually only those people should pay a TV & radio licence fee who really watch ARD, ZDF, Arte etc.",The EU should exert influence on the political events in Ukraine.
different_topic,0.4249993124428917,public_broadcasting_fees_on_demand,"Actually only those people should pay a TV & radio licence fee who really watch ARD, ZDF, Arte etc.",There should be much higher fines for dog dirt left on pavements.
different_topic,0.35762349384672504,public_broadcasting_fees_on_demand,"Actually only those people should pay a TV & radio licence fee who really watch ARD, ZDF, Arte etc.",Secret services must be more tightly regulated in order to prevent excessive surveillance.
different_topic,0.18427722100858338,public_broadcasting_fees_on_demand,"Actually only those people should pay a TV & radio licence fee who really watch ARD, ZDF, Arte etc.",dispensing it without medical advice would be inappropriate.
different_topic,0.4672020129859447,public_broadcasting_fees_on_demand,"Actually only those people should pay a TV & radio licence fee who really watch ARD, ZDF, Arte etc.",For instance the morning-after pill could result in a decrease in the use of condoms and thus lead to an increase in new infections with Aids.
different_topic,0.5070524154565274,public_broadcasting_fees_on_demand,"Actually only those people should pay a TV & radio licence fee who really watch ARD, ZDF, Arte etc.",As a central airport Berlin Tegel is particularly attractive for business travellers and should by all means remain operational.
different_topic,0.37037186189131305,public_broadcasting_fees_on_demand,"Actually only those people should pay a TV & radio licence fee who really watch ARD, ZDF, Arte etc.",Acquiring CDs with tax data of tax delinquents is therefore out of the question.
different_topic,0.2923413095995784,public_broadcasting_fees_on_demand,"Actually only those people should pay a TV & radio licence fee who really watch ARD, ZDF, Arte etc.",That's why intelligence services must be regulated in the framework of parliamentary oversight committees.
different_topic,0.4405321528514226,public_broadcasting_fees_on_demand,"Actually only those people should pay a TV & radio licence fee who really watch ARD, ZDF, Arte etc.",The morning-after pill should only be prescribed after counselling by a physician or pharmacist.
different_topic,0.3834724386533101,public_broadcasting_fees_on_demand,"Actually only those people should pay a TV & radio licence fee who really watch ARD, ZDF, Arte etc.",Therefore universities should not charge tuition fees in Germany.
different_topic,0.5046485977040397,public_broadcasting_fees_on_demand,"Actually only those people should pay a TV & radio licence fee who really watch ARD, ZDF, Arte etc.",Due to the many random factors the bachelor thesis should not play a bigger role.
different_topic,0.3217819295823574,public_broadcasting_fees_on_demand,"Actually only those people should pay a TV & radio licence fee who really watch ARD, ZDF, Arte etc.",Raising the relative retirement age on the basis of the physical fitness of the average citizen is fair.
different_topic,0.5347584120929242,public_broadcasting_fees_on_demand,"Actually only those people should pay a TV & radio licence fee who really watch ARD, ZDF, Arte etc.",For these reasons supermarkets and shopping centres should not be allowed to be open for business on arbitrary Sundays and holidays.
different_topic,0.492905956506729,public_broadcasting_fees_on_demand,"Actually only those people should pay a TV & radio licence fee who really watch ARD, ZDF, Arte etc.",the statutory retirement age should in the future not remain at 63 years.
different_topic,0.46801032261414954,public_broadcasting_fees_on_demand,"Actually only those people should pay a TV & radio licence fee who really watch ARD, ZDF, Arte etc.",That's why the statutory health insurance companies should not cover such treatments.
different_topic,0.5440609990022122,public_broadcasting_fees_on_demand,"Actually only those people should pay a TV & radio licence fee who really watch ARD, ZDF, Arte etc.","If however one could find a compromise between green space and housing, then Tempelhofer Feld should definitely be made available for residential construction."
different_topic,0.4477195013792087,public_broadcasting_fees_on_demand,"Actually only those people should pay a TV & radio licence fee who really watch ARD, ZDF, Arte etc.",I argue categorically in favour of over-the-counter availability of the morning-after pill in pharmacies.
different_topic,0.38533891891611033,public_broadcasting_fees_on_demand,"Actually only those people should pay a TV & radio licence fee who really watch ARD, ZDF, Arte etc.",the EU should intervene right away.
different_topic,0.517887226060817,public_broadcasting_fees_on_demand,"Actually only those people should pay a TV & radio licence fee who really watch ARD, ZDF, Arte etc.","Especially now, as there is a lack of skilled labour, it's irresponsible for the economy and prosperity to retire at 63."
different_topic,0.323999006833349,public_broadcasting_fees_on_demand,"Actually only those people should pay a TV & radio licence fee who really watch ARD, ZDF, Arte etc.",It would be fair to make them into an Olympic event.
different_topic,0.4382559129170009,public_broadcasting_fees_on_demand,"Actually only those people should pay a TV & radio licence fee who really watch ARD, ZDF, Arte etc.",A cap on rent increases upon tenant change is therefore not to be supported.
different_topic,0.4524650505610875,public_broadcasting_fees_on_demand,"Actually only those people should pay a TV & radio licence fee who really watch ARD, ZDF, Arte etc.",Opening on Sundays and holidays would therefore help both customers and shops.
different_topic,0.4165188945120289,public_broadcasting_fees_on_demand,"Actually only those people should pay a TV & radio licence fee who really watch ARD, ZDF, Arte etc.",Higher penalties for dog dirt are pointless as long as there is not enough personnel to enforce them.
different_topic,0.42447872646152973,public_broadcasting_fees_on_demand,"Actually only those people should pay a TV & radio licence fee who really watch ARD, ZDF, Arte etc.",I am not of the opinion that the retirement age should be set at 63 years.
different_topic,0.41222690045833593,public_broadcasting_fees_on_demand,"Actually only those people should pay a TV & radio licence fee who really watch ARD, ZDF, Arte etc.","After the new BER Airport has been commissioned, Tegel should definitely be closed."
same_topic,0.46770682533582053,public_broadcasting_fees_on_demand,"Actually only those people should pay a TV & radio licence fee who really watch ARD, ZDF, Arte etc.",Not everyone should be obliged to pay the TV & radio licence.
different_topic,0.4367346353828907,public_broadcasting_fees_on_demand,"Actually only those people should pay a TV & radio licence fee who really watch ARD, ZDF, Arte etc.",Actually it would be justified if all German universities charged tuition fees.
different_topic,0.30202473004659014,public_broadcasting_fees_on_demand,"Actually only those people should pay a TV & radio licence fee who really watch ARD, ZDF, Arte etc.",Current regulations for the calculation of the total grade should therefore be maintained.
different_topic,0.4942432803076667,public_broadcasting_fees_on_demand,"Actually only those people should pay a TV & radio licence fee who really watch ARD, ZDF, Arte etc.",Supermarkets and shopping centres should be allowed to open on any Sundays and holidays.
different_topic,0.5384553177725702,public_broadcasting_fees_on_demand,"Actually only those people should pay a TV & radio licence fee who really watch ARD, ZDF, Arte etc.","Many European countries, for instance the Netherlands, Sweden and Great Britain, have already understood this and successfully adjusted the opening hours for retailers."
different_topic,0.16395662307739256,public_broadcasting_fees_on_demand,"Actually only those people should pay a TV & radio licence fee who really watch ARD, ZDF, Arte etc.",We don't need it.
different_topic,0.5338684571416754,public_broadcasting_fees_on_demand,"Actually only those people should pay a TV & radio licence fee who really watch ARD, ZDF, Arte etc.",Supermarkets and shopping centres should be allowed to open any Sundays and holidays at their discretion.
different_topic,0.4322972702674377,public_broadcasting_fees_on_demand,"Actually only those people should pay a TV & radio licence fee who really watch ARD, ZDF, Arte etc.","If there were higher fines for leaving dog dirt on pavements, there would presumably be less dog dirt,"
different_topic,0.41097452152859076,public_broadcasting_fees_on_demand,"Actually only those people should pay a TV & radio licence fee who really watch ARD, ZDF, Arte etc.",Germany should by no means introduce capital punishment.
same_topic,0.6011802183615195,public_broadcasting_fees_on_demand,"Actually only those people should pay a TV & radio licence fee who really watch ARD, ZDF, Arte etc.","Considering what's on television these days, it would be appropriate to only have those people pay who actually (want to) follow the programming."
different_topic,0.40982734017512373,public_broadcasting_fees_on_demand,"Actually only those people should pay a TV & radio licence fee who really watch ARD, ZDF, Arte etc.","If there must be rent increases, there should also be a cap to avoid nasty surprises."
different_topic,0.3592728972434998,public_broadcasting_fees_on_demand,"Actually only those people should pay a TV & radio licence fee who really watch ARD, ZDF, Arte etc.",German universities should on no account charge tuition fees.
different_topic,0.4681418205008787,public_broadcasting_fees_on_demand,"Actually only those people should pay a TV & radio licence fee who really watch ARD, ZDF, Arte etc.",Hence it is good when shops are not open on Sundays and public holidays.
different_topic,0.45268485290663585,public_broadcasting_fees_on_demand,"Actually only those people should pay a TV & radio licence fee who really watch ARD, ZDF, Arte etc.","Intelligence services should be more closely regulated by parliament,"
different_topic,0.30020759041820255,public_broadcasting_fees_on_demand,"Actually only those people should pay a TV & radio licence fee who really watch ARD, ZDF, Arte etc.","BER should be re-conceptualized from scratch,"
different_topic,0.26997892132827217,public_broadcasting_fees_on_demand,"Actually only those people should pay a TV & radio licence fee who really watch ARD, ZDF, Arte etc.",the EU should not intervene in local politics.
different_topic,0.4442137897014618,public_broadcasting_fees_on_demand,"Actually only those people should pay a TV & radio licence fee who really watch ARD, ZDF, Arte etc.","The implementation of retirement at 63 is no longer socially sustainable,"
different_topic,0.5594450415749299,public_broadcasting_fees_on_demand,"Actually only those people should pay a TV & radio licence fee who really watch ARD, ZDF, Arte etc.",That's why there ought to be one day a week when supermarkets and shopping centres stay closed.
same_topic,0.2581264663625647,public_broadcasting_fees_on_demand,"Actually only those people should pay a TV & radio licence fee who really watch ARD, ZDF, Arte etc.",everyone should chip in.
different_topic,0.2357235976627895,public_broadcasting_fees_on_demand,"Actually only those people should pay a TV & radio licence fee who really watch ARD, ZDF, Arte etc.",The state ought to prevent murder - not avenge it.
different_topic,0.3339528413489461,public_broadcasting_fees_on_demand,"Actually only those people should pay a TV & radio licence fee who really watch ARD, ZDF, Arte etc.",A constant increase in rent upon a change of tenants hence cannot be desired by society.
different_topic,0.4254719875752926,public_broadcasting_fees_on_demand,"Actually only those people should pay a TV & radio licence fee who really watch ARD, ZDF, Arte etc.",It is quite clear that Sunday should remain a day of rest.
different_topic,0.5216686470167977,public_broadcasting_fees_on_demand,"Actually only those people should pay a TV & radio licence fee who really watch ARD, ZDF, Arte etc.","The BA dissertation should, if not make up the entire grade, then at least constitute a larger share of it."
different_topic,0.49072469439771443,public_broadcasting_fees_on_demand,"Actually only those people should pay a TV & radio licence fee who really watch ARD, ZDF, Arte etc.","Dog owners should pay higher fines for dog dirt left on pavements,"
different_topic,0.2505925536155701,public_broadcasting_fees_on_demand,"Actually only those people should pay a TV & radio licence fee who really watch ARD, ZDF, Arte etc.","Still, the state needs the death penalty as a deterrent to horrific crimes."
same_topic,0.5926550609724863,public_broadcasting_fees_on_demand,"Actually only those people should pay a TV & radio licence fee who really watch ARD, ZDF, Arte etc.",The TV license fee should only be collected from those who actually make use of the programming of the public broadcasters.
different_topic,0.4779452276535523,public_broadcasting_fees_on_demand,"Actually only those people should pay a TV & radio licence fee who really watch ARD, ZDF, Arte etc.",No one should have the possibility to pick up the morning-after pill over the counter at the pharmacy.
different_topic,0.2762812574704488,public_broadcasting_fees_on_demand,"Actually only those people should pay a TV & radio licence fee who really watch ARD, ZDF, Arte etc.",Increasing penalties is therefore the right way.
different_topic,0.3640313923358917,allow_shops_to_open_on_holidays_and_sundays,"Well, I as an employee find it very practical to be able to shop at least on weekends.",It would therefore be wise to adjust the required effort for final theses accordingly.
different_topic,0.33444123205385706,allow_shops_to_open_on_holidays_and_sundays,"Well, I as an employee find it very practical to be able to shop at least on weekends.",Rent prices should be limited by a cap when there's a change of tenant.
different_topic,0.3862810432910919,allow_shops_to_open_on_holidays_and_sundays,"Well, I as an employee find it very practical to be able to shop at least on weekends.",Therefore no unproven and unrecognized treatments by naturopaths should be reimbursed by the insurance companies.
different_topic,0.3853264510631561,allow_shops_to_open_on_holidays_and_sundays,"Well, I as an employee find it very practical to be able to shop at least on weekends.",Tax data that are not made available for free should therefore not be acquired by the state.
different_topic,0.42256227606221247,allow_shops_to_open_on_holidays_and_sundays,"Well, I as an employee find it very practical to be able to shop at least on weekends.",computer games should also not be recognized as Olympic events.
different_topic,0.2584333394964536,allow_shops_to_open_on_holidays_and_sundays,"Well, I as an employee find it very practical to be able to shop at least on weekends.",Tuition fees should not be charged in Germany.
different_topic,0.46766538262367247,allow_shops_to_open_on_holidays_and_sundays,"Well, I as an employee find it very practical to be able to shop at least on weekends.","No, the retirement age should be raised to 65 again."
different_topic,0.3484350472688675,allow_shops_to_open_on_holidays_and_sundays,"Well, I as an employee find it very practical to be able to shop at least on weekends.",That's why Germany should not introduce capital punishment!
different_topic,0.3819755393525829,allow_shops_to_open_on_holidays_and_sundays,"Well, I as an employee find it very practical to be able to shop at least on weekends.",A stop must be put to exorbitant rents by imposing a limit on rent increases when changing residences.
different_topic,0.5435865111649036,allow_shops_to_open_on_holidays_and_sundays,"Well, I as an employee find it very practical to be able to shop at least on weekends.",A reduction in the amount of chemically produced medication per person is most certainly desirable.
different_topic,0.42645085141062733,allow_shops_to_open_on_holidays_and_sundays,"Well, I as an employee find it very practical to be able to shop at least on weekends.",The statutory health insurance companies should also cover treatments with non-medical and alternative practitioners.
different_topic,0.21220932112020605,allow_shops_to_open_on_holidays_and_sundays,"Well, I as an employee find it very practical to be able to shop at least on weekends.",The death penalty should be abandoned everywhere.
different_topic,0.3527462045577439,allow_shops_to_open_on_holidays_and_sundays,"Well, I as an employee find it very practical to be able to shop at least on weekends.",The universities in Germany should not under any circumstances charge tuition fees.
different_topic,0.45117161959409713,allow_shops_to_open_on_holidays_and_sundays,"Well, I as an employee find it very practical to be able to shop at least on weekends.",The TV/radio licence fee can only be required of all citizens/households equally.
different_topic,0.3003484672970242,allow_shops_to_open_on_holidays_and_sundays,"Well, I as an employee find it very practical to be able to shop at least on weekends.",School uniforms should not be worn in our schools.
different_topic,0.32315759956836704,allow_shops_to_open_on_holidays_and_sundays,"Well, I as an employee find it very practical to be able to shop at least on weekends.","One should not re-introduce capital punishment in Germany,"
different_topic,0.4793266572735526,allow_shops_to_open_on_holidays_and_sundays,"Well, I as an employee find it very practical to be able to shop at least on weekends.",There should be a higher fine for dog dirt on the pavement.
different_topic,0.46818436216562986,allow_shops_to_open_on_holidays_and_sundays,"Well, I as an employee find it very practical to be able to shop at least on weekends.","I find the peripheral housing development at Tempelhofer Feld right for urban planning reasons,"
different_topic,0.25367221360405284,allow_shops_to_open_on_holidays_and_sundays,"Well, I as an employee find it very practical to be able to shop at least on weekends.",Tuition fees should not generally be charged by universities.
different_topic,0.3877803878486156,allow_shops_to_open_on_holidays_and_sundays,"Well, I as an employee find it very practical to be able to shop at least on weekends.",The health insurance companies ought to be enabled to recognize a doctor's decision for natural treatment and also to cover it.
different_topic,0.32104063034057617,allow_shops_to_open_on_holidays_and_sundays,"Well, I as an employee find it very practical to be able to shop at least on weekends.",Video games ought to be included in the ranks of Olympic events.
different_topic,0.4034920090978796,allow_shops_to_open_on_holidays_and_sundays,"Well, I as an employee find it very practical to be able to shop at least on weekends.","including planning abilities, reaction time, and reasoning to name but a few."
different_topic,0.4026216497788063,allow_shops_to_open_on_holidays_and_sundays,"Well, I as an employee find it very practical to be able to shop at least on weekends.",The morning-after pill ought to be available over-the-counter in pharmacies.
different_topic,0.35041543057090363,allow_shops_to_open_on_holidays_and_sundays,"Well, I as an employee find it very practical to be able to shop at least on weekends.",School uniforms should be introduced in our schools again.
different_topic,0.322261841524215,allow_shops_to_open_on_holidays_and_sundays,"Well, I as an employee find it very practical to be able to shop at least on weekends.",The EU should exert influence on the political events in Ukraine.
different_topic,0.4707414085666339,allow_shops_to_open_on_holidays_and_sundays,"Well, I as an employee find it very practical to be able to shop at least on weekends.",There should be much higher fines for dog dirt left on pavements.
different_topic,0.45160322263836855,allow_shops_to_open_on_holidays_and_sundays,"Well, I as an employee find it very practical to be able to shop at least on weekends.",Secret services must be more tightly regulated in order to prevent excessive surveillance.
different_topic,0.2964858384255101,allow_shops_to_open_on_holidays_and_sundays,"Well, I as an employee find it very practical to be able to shop at least on weekends.",dispensing it without medical advice would be inappropriate.
different_topic,0.4189954698085785,allow_shops_to_open_on_holidays_and_sundays,"Well, I as an employee find it very practical to be able to shop at least on weekends.",For instance the morning-after pill could result in a decrease in the use of condoms and thus lead to an increase in new infections with Aids.
different_topic,0.5200915377715538,allow_shops_to_open_on_holidays_and_sundays,"Well, I as an employee find it very practical to be able to shop at least on weekends.",As a central airport Berlin Tegel is particularly attractive for business travellers and should by all means remain operational.
different_topic,0.47837139212566865,allow_shops_to_open_on_holidays_and_sundays,"Well, I as an employee find it very practical to be able to shop at least on weekends.",Acquiring CDs with tax data of tax delinquents is therefore out of the question.
different_topic,0.3317236303436485,allow_shops_to_open_on_holidays_and_sundays,"Well, I as an employee find it very practical to be able to shop at least on weekends.",That's why intelligence services must be regulated in the framework of parliamentary oversight committees.
different_topic,0.3948135318664404,allow_shops_to_open_on_holidays_and_sundays,"Well, I as an employee find it very practical to be able to shop at least on weekends.",The morning-after pill should only be prescribed after counselling by a physician or pharmacist.
different_topic,0.3115763902664184,allow_shops_to_open_on_holidays_and_sundays,"Well, I as an employee find it very practical to be able to shop at least on weekends.",Therefore universities should not charge tuition fees in Germany.
different_topic,0.4983571080061106,allow_shops_to_open_on_holidays_and_sundays,"Well, I as an employee find it very practical to be able to shop at least on weekends.",Due to the many random factors the bachelor thesis should not play a bigger role.
different_topic,0.3162494450807572,allow_shops_to_open_on_holidays_and_sundays,"Well, I as an employee find it very practical to be able to shop at least on weekends.",Raising the relative retirement age on the basis of the physical fitness of the average citizen is fair.
same_topic,0.41910927891731264,allow_shops_to_open_on_holidays_and_sundays,"Well, I as an employee find it very practical to be able to shop at least on weekends.",For these reasons supermarkets and shopping centres should not be allowed to be open for business on arbitrary Sundays and holidays.
different_topic,0.514417120218277,allow_shops_to_open_on_holidays_and_sundays,"Well, I as an employee find it very practical to be able to shop at least on weekends.",the statutory retirement age should in the future not remain at 63 years.
different_topic,0.4289275135682977,allow_shops_to_open_on_holidays_and_sundays,"Well, I as an employee find it very practical to be able to shop at least on weekends.",That's why the statutory health insurance companies should not cover such treatments.
different_topic,0.445283639790683,allow_shops_to_open_on_holidays_and_sundays,"Well, I as an employee find it very practical to be able to shop at least on weekends.","If however one could find a compromise between green space and housing, then Tempelhofer Feld should definitely be made available for residential construction."
different_topic,0.4181766551116417,allow_shops_to_open_on_holidays_and_sundays,"Well, I as an employee find it very practical to be able to shop at least on weekends.",I argue categorically in favour of over-the-counter availability of the morning-after pill in pharmacies.
different_topic,0.41009830173693207,allow_shops_to_open_on_holidays_and_sundays,"Well, I as an employee find it very practical to be able to shop at least on weekends.",the EU should intervene right away.
different_topic,0.43907922945384464,allow_shops_to_open_on_holidays_and_sundays,"Well, I as an employee find it very practical to be able to shop at least on weekends.","Especially now, as there is a lack of skilled labour, it's irresponsible for the economy and prosperity to retire at 63."
different_topic,0.3349633448653751,allow_shops_to_open_on_holidays_and_sundays,"Well, I as an employee find it very practical to be able to shop at least on weekends.",It would be fair to make them into an Olympic event.
different_topic,0.4384353202581406,allow_shops_to_open_on_holidays_and_sundays,"Well, I as an employee find it very practical to be able to shop at least on weekends.",A cap on rent increases upon tenant change is therefore not to be supported.
same_topic,0.5174068737030029,allow_shops_to_open_on_holidays_and_sundays,"Well, I as an employee find it very practical to be able to shop at least on weekends.",Opening on Sundays and holidays would therefore help both customers and shops.
different_topic,0.4494458101689816,allow_shops_to_open_on_holidays_and_sundays,"Well, I as an employee find it very practical to be able to shop at least on weekends.",Higher penalties for dog dirt are pointless as long as there is not enough personnel to enforce them.
different_topic,0.4633023657582023,allow_shops_to_open_on_holidays_and_sundays,"Well, I as an employee find it very practical to be able to shop at least on weekends.",I am not of the opinion that the retirement age should be set at 63 years.
different_topic,0.4468566605990584,allow_shops_to_open_on_holidays_and_sundays,"Well, I as an employee find it very practical to be able to shop at least on weekends.","After the new BER Airport has been commissioned, Tegel should definitely be closed."
different_topic,0.36539194732904434,allow_shops_to_open_on_holidays_and_sundays,"Well, I as an employee find it very practical to be able to shop at least on weekends.",Not everyone should be obliged to pay the TV & radio licence.
different_topic,0.37973749366673554,allow_shops_to_open_on_holidays_and_sundays,"Well, I as an employee find it very practical to be able to shop at least on weekends.",Actually it would be justified if all German universities charged tuition fees.
different_topic,0.33545482605695726,allow_shops_to_open_on_holidays_and_sundays,"Well, I as an employee find it very practical to be able to shop at least on weekends.",Current regulations for the calculation of the total grade should therefore be maintained.
same_topic,0.4690585555853667,allow_shops_to_open_on_holidays_and_sundays,"Well, I as an employee find it very practical to be able to shop at least on weekends.",Supermarkets and shopping centres should be allowed to open on any Sundays and holidays.
same_topic,0.34667251165956264,allow_shops_to_open_on_holidays_and_sundays,"Well, I as an employee find it very practical to be able to shop at least on weekends.","Many European countries, for instance the Netherlands, Sweden and Great Britain, have already understood this and successfully adjusted the opening hours for retailers."
different_topic,0.2048704743385315,allow_shops_to_open_on_holidays_and_sundays,"Well, I as an employee find it very practical to be able to shop at least on weekends.",We don't need it.
same_topic,0.45230646431446075,allow_shops_to_open_on_holidays_and_sundays,"Well, I as an employee find it very practical to be able to shop at least on weekends.",Supermarkets and shopping centres should be allowed to open any Sundays and holidays at their discretion.
different_topic,0.43000142533203656,allow_shops_to_open_on_holidays_and_sundays,"Well, I as an employee find it very practical to be able to shop at least on weekends.","If there were higher fines for leaving dog dirt on pavements, there would presumably be less dog dirt,"
different_topic,0.47546242825362994,allow_shops_to_open_on_holidays_and_sundays,"Well, I as an employee find it very practical to be able to shop at least on weekends.",Germany should by no means introduce capital punishment.
different_topic,0.462656725887899,allow_shops_to_open_on_holidays_and_sundays,"Well, I as an employee find it very practical to be able to shop at least on weekends.","Considering what's on television these days, it would be appropriate to only have those people pay who actually (want to) follow the programming."
different_topic,0.4817573792922,allow_shops_to_open_on_holidays_and_sundays,"Well, I as an employee find it very practical to be able to shop at least on weekends.","If there must be rent increases, there should also be a cap to avoid nasty surprises."
different_topic,0.2927947383373976,allow_shops_to_open_on_holidays_and_sundays,"Well, I as an employee find it very practical to be able to shop at least on weekends.",German universities should on no account charge tuition fees.
same_topic,0.4967246502637863,allow_shops_to_open_on_holidays_and_sundays,"Well, I as an employee find it very practical to be able to shop at least on weekends.",Hence it is good when shops are not open on Sundays and public holidays.
different_topic,0.5429662990570069,allow_shops_to_open_on_holidays_and_sundays,"Well, I as an employee find it very practical to be able to shop at least on weekends.","Intelligence services should be more closely regulated by parliament,"
different_topic,0.284553685122066,allow_shops_to_open_on_holidays_and_sundays,"Well, I as an employee find it very practical to be able to shop at least on weekends.","BER should be re-conceptualized from scratch,"
different_topic,0.27245595885647667,allow_shops_to_open_on_holidays_and_sundays,"Well, I as an employee find it very practical to be able to shop at least on weekends.",the EU should not intervene in local politics.
different_topic,0.5107195436954498,allow_shops_to_open_on_holidays_and_sundays,"Well, I as an employee find it very practical to be able to shop at least on weekends.","The implementation of retirement at 63 is no longer socially sustainable,"
same_topic,0.5266775786876678,allow_shops_to_open_on_holidays_and_sundays,"Well, I as an employee find it very practical to be able to shop at least on weekends.",That's why there ought to be one day a week when supermarkets and shopping centres stay closed.
different_topic,0.3324103390469271,allow_shops_to_open_on_holidays_and_sundays,"Well, I as an employee find it very practical to be able to shop at least on weekends.",everyone should chip in.
different_topic,0.26159656958447564,allow_shops_to_open_on_holidays_and_sundays,"Well, I as an employee find it very practical to be able to shop at least on weekends.",The state ought to prevent murder - not avenge it.
different_topic,0.4123152596029369,allow_shops_to_open_on_holidays_and_sundays,"Well, I as an employee find it very practical to be able to shop at least on weekends.",A constant increase in rent upon a change of tenants hence cannot be desired by society.
same_topic,0.546773073348132,allow_shops_to_open_on_holidays_and_sundays,"Well, I as an employee find it very practical to be able to shop at least on weekends.",It is quite clear that Sunday should remain a day of rest.
different_topic,0.4619586206972599,allow_shops_to_open_on_holidays_and_sundays,"Well, I as an employee find it very practical to be able to shop at least on weekends.","The BA dissertation should, if not make up the entire grade, then at least constitute a larger share of it."
different_topic,0.46117271368320173,allow_shops_to_open_on_holidays_and_sundays,"Well, I as an employee find it very practical to be able to shop at least on weekends.","Dog owners should pay higher fines for dog dirt left on pavements,"
different_topic,0.3161007955670357,allow_shops_to_open_on_holidays_and_sundays,"Well, I as an employee find it very practical to be able to shop at least on weekends.","Still, the state needs the death penalty as a deterrent to horrific crimes."
different_topic,0.4564617532119155,allow_shops_to_open_on_holidays_and_sundays,"Well, I as an employee find it very practical to be able to shop at least on weekends.",The TV license fee should only be collected from those who actually make use of the programming of the public broadcasters.
different_topic,0.4321794181034483,allow_shops_to_open_on_holidays_and_sundays,"Well, I as an employee find it very practical to be able to shop at least on weekends.",No one should have the possibility to pick up the morning-after pill over the counter at the pharmacy.
different_topic,0.32225118314518647,allow_shops_to_open_on_holidays_and_sundays,"Well, I as an employee find it very practical to be able to shop at least on weekends.",Increasing penalties is therefore the right way.
different_topic,0.34241474072138467,increase_weight_of_BA_thesis_in_final_grade,It would therefore be wise to adjust the required effort for final theses accordingly.,Rent prices should be limited by a cap when there's a change of tenant.
different_topic,0.43432720171080696,increase_weight_of_BA_thesis_in_final_grade,It would therefore be wise to adjust the required effort for final theses accordingly.,Therefore no unproven and unrecognized treatments by naturopaths should be reimbursed by the insurance companies.
different_topic,0.3916425108909607,increase_weight_of_BA_thesis_in_final_grade,It would therefore be wise to adjust the required effort for final theses accordingly.,Tax data that are not made available for free should therefore not be acquired by the state.
different_topic,0.48115981817245485,increase_weight_of_BA_thesis_in_final_grade,It would therefore be wise to adjust the required effort for final theses accordingly.,computer games should also not be recognized as Olympic events.
different_topic,0.326910916183676,increase_weight_of_BA_thesis_in_final_grade,It would therefore be wise to adjust the required effort for final theses accordingly.,Tuition fees should not be charged in Germany.
different_topic,0.37497641642888385,increase_weight_of_BA_thesis_in_final_grade,It would therefore be wise to adjust the required effort for final theses accordingly.,"No, the retirement age should be raised to 65 again."
different_topic,0.4989256896078586,increase_weight_of_BA_thesis_in_final_grade,It would therefore be wise to adjust the required effort for final theses accordingly.,That's why Germany should not introduce capital punishment!
different_topic,0.420425777372561,increase_weight_of_BA_thesis_in_final_grade,It would therefore be wise to adjust the required effort for final theses accordingly.,A stop must be put to exorbitant rents by imposing a limit on rent increases when changing residences.
different_topic,0.3887594908475876,increase_weight_of_BA_thesis_in_final_grade,It would therefore be wise to adjust the required effort for final theses accordingly.,A reduction in the amount of chemically produced medication per person is most certainly desirable.
different_topic,0.3487594525019328,increase_weight_of_BA_thesis_in_final_grade,It would therefore be wise to adjust the required effort for final theses accordingly.,The statutory health insurance companies should also cover treatments with non-medical and alternative practitioners.
different_topic,0.34944976751620954,increase_weight_of_BA_thesis_in_final_grade,It would therefore be wise to adjust the required effort for final theses accordingly.,The death penalty should be abandoned everywhere.
different_topic,0.35752066969871515,increase_weight_of_BA_thesis_in_final_grade,It would therefore be wise to adjust the required effort for final theses accordingly.,The universities in Germany should not under any circumstances charge tuition fees.
different_topic,0.37354600997198195,increase_weight_of_BA_thesis_in_final_grade,It would therefore be wise to adjust the required effort for final theses accordingly.,The TV/radio licence fee can only be required of all citizens/households equally.
different_topic,0.30241527727672035,increase_weight_of_BA_thesis_in_final_grade,It would therefore be wise to adjust the required effort for final theses accordingly.,School uniforms should not be worn in our schools.
different_topic,0.5074051320552826,increase_weight_of_BA_thesis_in_final_grade,It would therefore be wise to adjust the required effort for final theses accordingly.,"One should not re-introduce capital punishment in Germany,"
different_topic,0.44718635413381785,increase_weight_of_BA_thesis_in_final_grade,It would therefore be wise to adjust the required effort for final theses accordingly.,There should be a higher fine for dog dirt on the pavement.
different_topic,0.4573558747768402,increase_weight_of_BA_thesis_in_final_grade,It would therefore be wise to adjust the required effort for final theses accordingly.,"I find the peripheral housing development at Tempelhofer Feld right for urban planning reasons,"
different_topic,0.28856041175978525,increase_weight_of_BA_thesis_in_final_grade,It would therefore be wise to adjust the required effort for final theses accordingly.,Tuition fees should not generally be charged by universities.
different_topic,0.37582804191680186,increase_weight_of_BA_thesis_in_final_grade,It would therefore be wise to adjust the required effort for final theses accordingly.,The health insurance companies ought to be enabled to recognize a doctor's decision for natural treatment and also to cover it.
different_topic,0.4483186801274618,increase_weight_of_BA_thesis_in_final_grade,It would therefore be wise to adjust the required effort for final theses accordingly.,Video games ought to be included in the ranks of Olympic events.
different_topic,0.4758142464690738,increase_weight_of_BA_thesis_in_final_grade,It would therefore be wise to adjust the required effort for final theses accordingly.,"including planning abilities, reaction time, and reasoning to name but a few."
different_topic,0.27983090010556305,increase_weight_of_BA_thesis_in_final_grade,It would therefore be wise to adjust the required effort for final theses accordingly.,The morning-after pill ought to be available over-the-counter in pharmacies.
different_topic,0.41815380652745565,increase_weight_of_BA_thesis_in_final_grade,It would therefore be wise to adjust the required effort for final theses accordingly.,School uniforms should be introduced in our schools again.
different_topic,0.4663002824082094,increase_weight_of_BA_thesis_in_final_grade,It would therefore be wise to adjust the required effort for final theses accordingly.,The EU should exert influence on the political events in Ukraine.
different_topic,0.40308170318603515,increase_weight_of_BA_thesis_in_final_grade,It would therefore be wise to adjust the required effort for final theses accordingly.,There should be much higher fines for dog dirt left on pavements.
different_topic,0.37811240553855896,increase_weight_of_BA_thesis_in_final_grade,It would therefore be wise to adjust the required effort for final theses accordingly.,Secret services must be more tightly regulated in order to prevent excessive surveillance.
different_topic,0.35832278774334836,increase_weight_of_BA_thesis_in_final_grade,It would therefore be wise to adjust the required effort for final theses accordingly.,dispensing it without medical advice would be inappropriate.
different_topic,0.3077518619023836,increase_weight_of_BA_thesis_in_final_grade,It would therefore be wise to adjust the required effort for final theses accordingly.,For instance the morning-after pill could result in a decrease in the use of condoms and thus lead to an increase in new infections with Aids.
different_topic,0.36439009904861447,increase_weight_of_BA_thesis_in_final_grade,It would therefore be wise to adjust the required effort for final theses accordingly.,As a central airport Berlin Tegel is particularly attractive for business travellers and should by all means remain operational.
different_topic,0.4178020828648617,increase_weight_of_BA_thesis_in_final_grade,It would therefore be wise to adjust the required effort for final theses accordingly.,Acquiring CDs with tax data of tax delinquents is therefore out of the question.
different_topic,0.39402111868063605,increase_weight_of_BA_thesis_in_final_grade,It would therefore be wise to adjust the required effort for final theses accordingly.,That's why intelligence services must be regulated in the framework of parliamentary oversight committees.
different_topic,0.27300785346464673,increase_weight_of_BA_thesis_in_final_grade,It would therefore be wise to adjust the required effort for final theses accordingly.,The morning-after pill should only be prescribed after counselling by a physician or pharmacist.
different_topic,0.4012880316004157,increase_weight_of_BA_thesis_in_final_grade,It would therefore be wise to adjust the required effort for final theses accordingly.,Therefore universities should not charge tuition fees in Germany.
same_topic,0.4686117985031822,increase_weight_of_BA_thesis_in_final_grade,It would therefore be wise to adjust the required effort for final theses accordingly.,Due to the many random factors the bachelor thesis should not play a bigger role.
different_topic,0.3743251098526849,increase_weight_of_BA_thesis_in_final_grade,It would therefore be wise to adjust the required effort for final theses accordingly.,Raising the relative retirement age on the basis of the physical fitness of the average citizen is fair.
different_topic,0.3552161409304692,increase_weight_of_BA_thesis_in_final_grade,It would therefore be wise to adjust the required effort for final theses accordingly.,For these reasons supermarkets and shopping centres should not be allowed to be open for business on arbitrary Sundays and holidays.
different_topic,0.3887059972399757,increase_weight_of_BA_thesis_in_final_grade,It would therefore be wise to adjust the required effort for final theses accordingly.,the statutory retirement age should in the future not remain at 63 years.
different_topic,0.41299153629102203,increase_weight_of_BA_thesis_in_final_grade,It would therefore be wise to adjust the required effort for final theses accordingly.,That's why the statutory health insurance companies should not cover such treatments.
different_topic,0.39997025489807125,increase_weight_of_BA_thesis_in_final_grade,It would therefore be wise to adjust the required effort for final theses accordingly.,"If however one could find a compromise between green space and housing, then Tempelhofer Feld should definitely be made available for residential construction."
different_topic,0.2904820036888122,increase_weight_of_BA_thesis_in_final_grade,It would therefore be wise to adjust the required effort for final theses accordingly.,I argue categorically in favour of over-the-counter availability of the morning-after pill in pharmacies.
different_topic,0.4425430844227473,increase_weight_of_BA_thesis_in_final_grade,It would therefore be wise to adjust the required effort for final theses accordingly.,the EU should intervene right away.
different_topic,0.35182063529888785,increase_weight_of_BA_thesis_in_final_grade,It would therefore be wise to adjust the required effort for final theses accordingly.,"Especially now, as there is a lack of skilled labour, it's irresponsible for the economy and prosperity to retire at 63."
different_topic,0.4472761537347521,increase_weight_of_BA_thesis_in_final_grade,It would therefore be wise to adjust the required effort for final theses accordingly.,It would be fair to make them into an Olympic event.
different_topic,0.4371933837731679,increase_weight_of_BA_thesis_in_final_grade,It would therefore be wise to adjust the required effort for final theses accordingly.,A cap on rent increases upon tenant change is therefore not to be supported.
different_topic,0.3913644580613999,increase_weight_of_BA_thesis_in_final_grade,It would therefore be wise to adjust the required effort for final theses accordingly.,Opening on Sundays and holidays would therefore help both customers and shops.
different_topic,0.2941205586705889,increase_weight_of_BA_thesis_in_final_grade,It would therefore be wise to adjust the required effort for final theses accordingly.,Higher penalties for dog dirt are pointless as long as there is not enough personnel to enforce them.
different_topic,0.4031631317403582,increase_weight_of_BA_thesis_in_final_grade,It would therefore be wise to adjust the required effort for final theses accordingly.,I am not of the opinion that the retirement age should be set at 63 years.
different_topic,0.36441294683350456,increase_weight_of_BA_thesis_in_final_grade,It would therefore be wise to adjust the required effort for final theses accordingly.,"After the new BER Airport has been commissioned, Tegel should definitely be closed."
different_topic,0.3997792191803455,increase_weight_of_BA_thesis_in_final_grade,It would therefore be wise to adjust the required effort for final theses accordingly.,Not everyone should be obliged to pay the TV & radio licence.
different_topic,0.3960822406742308,increase_weight_of_BA_thesis_in_final_grade,It would therefore be wise to adjust the required effort for final theses accordingly.,Actually it would be justified if all German universities charged tuition fees.
same_topic,0.48965335451066494,increase_weight_of_BA_thesis_in_final_grade,It would therefore be wise to adjust the required effort for final theses accordingly.,Current regulations for the calculation of the total grade should therefore be maintained.
different_topic,0.3518053759699282,increase_weight_of_BA_thesis_in_final_grade,It would therefore be wise to adjust the required effort for final theses accordingly.,Supermarkets and shopping centres should be allowed to open on any Sundays and holidays.
different_topic,0.335913822054863,increase_weight_of_BA_thesis_in_final_grade,It would therefore be wise to adjust the required effort for final theses accordingly.,"Many European countries, for instance the Netherlands, Sweden and Great Britain, have already understood this and successfully adjusted the opening hours for retailers."
different_topic,0.37899217822334985,increase_weight_of_BA_thesis_in_final_grade,It would therefore be wise to adjust the required effort for final theses accordingly.,We don't need it.
different_topic,0.3371468186378479,increase_weight_of_BA_thesis_in_final_grade,It would therefore be wise to adjust the required effort for final theses accordingly.,Supermarkets and shopping centres should be allowed to open any Sundays and holidays at their discretion.
different_topic,0.3272691655158997,increase_weight_of_BA_thesis_in_final_grade,It would therefore be wise to adjust the required effort for final theses accordingly.,"If there were higher fines for leaving dog dirt on pavements, there would presumably be less dog dirt,"
different_topic,0.46342011815623235,increase_weight_of_BA_thesis_in_final_grade,It would therefore be wise to adjust the required effort for final theses accordingly.,Germany should by no means introduce capital punishment.
different_topic,0.40099101740380994,increase_weight_of_BA_thesis_in_final_grade,It would therefore be wise to adjust the required effort for final theses accordingly.,"Considering what's on television these days, it would be appropriate to only have those people pay who actually (want to) follow the programming."
different_topic,0.42068163603544234,increase_weight_of_BA_thesis_in_final_grade,It would therefore be wise to adjust the required effort for final theses accordingly.,"If there must be rent increases, there should also be a cap to avoid nasty surprises."
different_topic,0.32570699136704206,increase_weight_of_BA_thesis_in_final_grade,It would therefore be wise to adjust the required effort for final theses accordingly.,German universities should on no account charge tuition fees.
different_topic,0.3471696481108665,increase_weight_of_BA_thesis_in_final_grade,It would therefore be wise to adjust the required effort for final theses accordingly.,Hence it is good when shops are not open on Sundays and public holidays.
different_topic,0.381951596055712,increase_weight_of_BA_thesis_in_final_grade,It would therefore be wise to adjust the required effort for final theses accordingly.,"Intelligence services should be more closely regulated by parliament,"
different_topic,0.4556108159678323,increase_weight_of_BA_thesis_in_final_grade,It would therefore be wise to adjust the required effort for final theses accordingly.,"BER should be re-conceptualized from scratch,"
different_topic,0.40000730752944946,increase_weight_of_BA_thesis_in_final_grade,It would therefore be wise to adjust the required effort for final theses accordingly.,the EU should not intervene in local politics.
different_topic,0.4234613946505955,increase_weight_of_BA_thesis_in_final_grade,It would therefore be wise to adjust the required effort for final theses accordingly.,"The implementation of retirement at 63 is no longer socially sustainable,"
different_topic,0.33796034504969913,increase_weight_of_BA_thesis_in_final_grade,It would therefore be wise to adjust the required effort for final theses accordingly.,That's why there ought to be one day a week when supermarkets and shopping centres stay closed.
different_topic,0.29557510408071375,increase_weight_of_BA_thesis_in_final_grade,It would therefore be wise to adjust the required effort for final theses accordingly.,everyone should chip in.
different_topic,0.3408958699022021,increase_weight_of_BA_thesis_in_final_grade,It would therefore be wise to adjust the required effort for final theses accordingly.,The state ought to prevent murder - not avenge it.
different_topic,0.50174194905493,increase_weight_of_BA_thesis_in_final_grade,It would therefore be wise to adjust the required effort for final theses accordingly.,A constant increase in rent upon a change of tenants hence cannot be desired by society.
different_topic,0.40260074701574117,increase_weight_of_BA_thesis_in_final_grade,It would therefore be wise to adjust the required effort for final theses accordingly.,It is quite clear that Sunday should remain a day of rest.
same_topic,0.3377704237188611,increase_weight_of_BA_thesis_in_final_grade,It would therefore be wise to adjust the required effort for final theses accordingly.,"The BA dissertation should, if not make up the entire grade, then at least constitute a larger share of it."
different_topic,0.4020923213525252,increase_weight_of_BA_thesis_in_final_grade,It would therefore be wise to adjust the required effort for final theses accordingly.,"Dog owners should pay higher fines for dog dirt left on pavements,"
different_topic,0.41888667084276676,increase_weight_of_BA_thesis_in_final_grade,It would therefore be wise to adjust the required effort for final theses accordingly.,"Still, the state needs the death penalty as a deterrent to horrific crimes."
different_topic,0.41592232953934444,increase_weight_of_BA_thesis_in_final_grade,It would therefore be wise to adjust the required effort for final theses accordingly.,The TV license fee should only be collected from those who actually make use of the programming of the public broadcasters.
different_topic,0.30230953693389895,increase_weight_of_BA_thesis_in_final_grade,It would therefore be wise to adjust the required effort for final theses accordingly.,No one should have the possibility to pick up the morning-after pill over the counter at the pharmacy.
different_topic,0.4449972235239469,increase_weight_of_BA_thesis_in_final_grade,It would therefore be wise to adjust the required effort for final theses accordingly.,Increasing penalties is therefore the right way.
different_topic,0.388183313257554,cap_rent_increases,Rent prices should be limited by a cap when there's a change of tenant.,Therefore no unproven and unrecognized treatments by naturopaths should be reimbursed by the insurance companies.
different_topic,0.5305456280708314,cap_rent_increases,Rent prices should be limited by a cap when there's a change of tenant.,Tax data that are not made available for free should therefore not be acquired by the state.
different_topic,0.3963100484439305,cap_rent_increases,Rent prices should be limited by a cap when there's a change of tenant.,computer games should also not be recognized as Olympic events.
different_topic,0.4237064237778003,cap_rent_increases,Rent prices should be limited by a cap when there's a change of tenant.,Tuition fees should not be charged in Germany.
different_topic,0.41145351231098176,cap_rent_increases,Rent prices should be limited by a cap when there's a change of tenant.,"No, the retirement age should be raised to 65 again."
different_topic,0.4190882603327433,cap_rent_increases,Rent prices should be limited by a cap when there's a change of tenant.,That's why Germany should not introduce capital punishment!
same_topic,0.5476231078306835,cap_rent_increases,Rent prices should be limited by a cap when there's a change of tenant.,A stop must be put to exorbitant rents by imposing a limit on rent increases when changing residences.
different_topic,0.44121259450912476,cap_rent_increases,Rent prices should be limited by a cap when there's a change of tenant.,A reduction in the amount of chemically produced medication per person is most certainly desirable.
different_topic,0.34750012755393983,cap_rent_increases,Rent prices should be limited by a cap when there's a change of tenant.,The statutory health insurance companies should also cover treatments with non-medical and alternative practitioners.
different_topic,0.3304535125692686,cap_rent_increases,Rent prices should be limited by a cap when there's a change of tenant.,The death penalty should be abandoned everywhere.
different_topic,0.47579100202111635,cap_rent_increases,Rent prices should be limited by a cap when there's a change of tenant.,The universities in Germany should not under any circumstances charge tuition fees.
different_topic,0.3869861841201782,cap_rent_increases,Rent prices should be limited by a cap when there's a change of tenant.,The TV/radio licence fee can only be required of all citizens/households equally.
different_topic,0.37417770062501615,cap_rent_increases,Rent prices should be limited by a cap when there's a change of tenant.,School uniforms should not be worn in our schools.
different_topic,0.40853741168975827,cap_rent_increases,Rent prices should be limited by a cap when there's a change of tenant.,"One should not re-introduce capital punishment in Germany,"
different_topic,0.43652499949230866,cap_rent_increases,Rent prices should be limited by a cap when there's a change of tenant.,There should be a higher fine for dog dirt on the pavement.
different_topic,0.3362352675513217,cap_rent_increases,Rent prices should be limited by a cap when there's a change of tenant.,"I find the peripheral housing development at Tempelhofer Feld right for urban planning reasons,"
different_topic,0.4156248110991258,cap_rent_increases,Rent prices should be limited by a cap when there's a change of tenant.,Tuition fees should not generally be charged by universities.
different_topic,0.3496273696422577,cap_rent_increases,Rent prices should be limited by a cap when there's a change of tenant.,The health insurance companies ought to be enabled to recognize a doctor's decision for natural treatment and also to cover it.
different_topic,0.383626328515155,cap_rent_increases,Rent prices should be limited by a cap when there's a change of tenant.,Video games ought to be included in the ranks of Olympic events.
different_topic,0.3453341354342068,cap_rent_increases,Rent prices should be limited by a cap when there's a change of tenant.,"including planning abilities, reaction time, and reasoning to name but a few."
different_topic,0.4074133208819798,cap_rent_increases,Rent prices should be limited by a cap when there's a change of tenant.,The morning-after pill ought to be available over-the-counter in pharmacies.
different_topic,0.42678689318043844,cap_rent_increases,Rent prices should be limited by a cap when there's a change of tenant.,School uniforms should be introduced in our schools again.
different_topic,0.39799466542899614,cap_rent_increases,Rent prices should be limited by a cap when there's a change of tenant.,The EU should exert influence on the political events in Ukraine.
different_topic,0.388762576015372,cap_rent_increases,Rent prices should be limited by a cap when there's a change of tenant.,There should be much higher fines for dog dirt left on pavements.
different_topic,0.34675490856170654,cap_rent_increases,Rent prices should be limited by a cap when there's a change of tenant.,Secret services must be more tightly regulated in order to prevent excessive surveillance.
different_topic,0.29370576950411,cap_rent_increases,Rent prices should be limited by a cap when there's a change of tenant.,dispensing it without medical advice would be inappropriate.
different_topic,0.3219734954833985,cap_rent_increases,Rent prices should be limited by a cap when there's a change of tenant.,For instance the morning-after pill could result in a decrease in the use of condoms and thus lead to an increase in new infections with Aids.
different_topic,0.2982001130779584,cap_rent_increases,Rent prices should be limited by a cap when there's a change of tenant.,As a central airport Berlin Tegel is particularly attractive for business travellers and should by all means remain operational.
different_topic,0.3917494912942251,cap_rent_increases,Rent prices should be limited by a cap when there's a change of tenant.,Acquiring CDs with tax data of tax delinquents is therefore out of the question.
different_topic,0.3012788593769074,cap_rent_increases,Rent prices should be limited by a cap when there's a change of tenant.,That's why intelligence services must be regulated in the framework of parliamentary oversight committees.
different_topic,0.34851183210100445,cap_rent_increases,Rent prices should be limited by a cap when there's a change of tenant.,The morning-after pill should only be prescribed after counselling by a physician or pharmacist.
different_topic,0.43181906739870707,cap_rent_increases,Rent prices should be limited by a cap when there's a change of tenant.,Therefore universities should not charge tuition fees in Germany.
different_topic,0.3793331342084067,cap_rent_increases,Rent prices should be limited by a cap when there's a change of tenant.,Due to the many random factors the bachelor thesis should not play a bigger role.
different_topic,0.4152064411079182,cap_rent_increases,Rent prices should be limited by a cap when there's a change of tenant.,Raising the relative retirement age on the basis of the physical fitness of the average citizen is fair.
different_topic,0.34759336948394776,cap_rent_increases,Rent prices should be limited by a cap when there's a change of tenant.,For these reasons supermarkets and shopping centres should not be allowed to be open for business on arbitrary Sundays and holidays.
different_topic,0.4278081595897675,cap_rent_increases,Rent prices should be limited by a cap when there's a change of tenant.,the statutory retirement age should in the future not remain at 63 years.
different_topic,0.3844609094990624,cap_rent_increases,Rent prices should be limited by a cap when there's a change of tenant.,That's why the statutory health insurance companies should not cover such treatments.
different_topic,0.33888755242029833,cap_rent_increases,Rent prices should be limited by a cap when there's a change of tenant.,"If however one could find a compromise between green space and housing, then Tempelhofer Feld should definitely be made available for residential construction."
different_topic,0.3663506756226222,cap_rent_increases,Rent prices should be limited by a cap when there's a change of tenant.,I argue categorically in favour of over-the-counter availability of the morning-after pill in pharmacies.
different_topic,0.3821323375616755,cap_rent_increases,Rent prices should be limited by a cap when there's a change of tenant.,the EU should intervene right away.
different_topic,0.31846688104712445,cap_rent_increases,Rent prices should be limited by a cap when there's a change of tenant.,"Especially now, as there is a lack of skilled labour, it's irresponsible for the economy and prosperity to retire at 63."
different_topic,0.35631531018477214,cap_rent_increases,Rent prices should be limited by a cap when there's a change of tenant.,It would be fair to make them into an Olympic event.
same_topic,0.5522091329097747,cap_rent_increases,Rent prices should be limited by a cap when there's a change of tenant.,A cap on rent increases upon tenant change is therefore not to be supported.
different_topic,0.33894453942775726,cap_rent_increases,Rent prices should be limited by a cap when there's a change of tenant.,Opening on Sundays and holidays would therefore help both customers and shops.
different_topic,0.25267525955482767,cap_rent_increases,Rent prices should be limited by a cap when there's a change of tenant.,Higher penalties for dog dirt are pointless as long as there is not enough personnel to enforce them.
different_topic,0.4601458749350379,cap_rent_increases,Rent prices should be limited by a cap when there's a change of tenant.,I am not of the opinion that the retirement age should be set at 63 years.
different_topic,0.3908374870524687,cap_rent_increases,Rent prices should be limited by a cap when there's a change of tenant.,"After the new BER Airport has been commissioned, Tegel should definitely be closed."
different_topic,0.42176653146743776,cap_rent_increases,Rent prices should be limited by a cap when there's a change of tenant.,Not everyone should be obliged to pay the TV & radio licence.
different_topic,0.4159339701428133,cap_rent_increases,Rent prices should be limited by a cap when there's a change of tenant.,Actually it would be justified if all German universities charged tuition fees.
different_topic,0.4841741859912872,cap_rent_increases,Rent prices should be limited by a cap when there's a change of tenant.,Current regulations for the calculation of the total grade should therefore be maintained.
different_topic,0.4663330018520355,cap_rent_increases,Rent prices should be limited by a cap when there's a change of tenant.,Supermarkets and shopping centres should be allowed to open on any Sundays and holidays.
different_topic,0.24343475920182686,cap_rent_increases,Rent prices should be limited by a cap when there's a change of tenant.,"Many European countries, for instance the Netherlands, Sweden and Great Britain, have already understood this and successfully adjusted the opening hours for retailers."
different_topic,0.2628275156021118,cap_rent_increases,Rent prices should be limited by a cap when there's a change of tenant.,We don't need it.
different_topic,0.4460576539454253,cap_rent_increases,Rent prices should be limited by a cap when there's a change of tenant.,Supermarkets and shopping centres should be allowed to open any Sundays and holidays at their discretion.
different_topic,0.32202582682172454,cap_rent_increases,Rent prices should be limited by a cap when there's a change of tenant.,"If there were higher fines for leaving dog dirt on pavements, there would presumably be less dog dirt,"
different_topic,0.3536272479428186,cap_rent_increases,Rent prices should be limited by a cap when there's a change of tenant.,Germany should by no means introduce capital punishment.
different_topic,0.32413413307883515,cap_rent_increases,Rent prices should be limited by a cap when there's a change of tenant.,"Considering what's on television these days, it would be appropriate to only have those people pay who actually (want to) follow the programming."
same_topic,0.5220013025559878,cap_rent_increases,Rent prices should be limited by a cap when there's a change of tenant.,"If there must be rent increases, there should also be a cap to avoid nasty surprises."
different_topic,0.4393725951512655,cap_rent_increases,Rent prices should be limited by a cap when there's a change of tenant.,German universities should on no account charge tuition fees.
different_topic,0.3386373676751789,cap_rent_increases,Rent prices should be limited by a cap when there's a change of tenant.,Hence it is good when shops are not open on Sundays and public holidays.
different_topic,0.39281244426965717,cap_rent_increases,Rent prices should be limited by a cap when there's a change of tenant.,"Intelligence services should be more closely regulated by parliament,"
different_topic,0.3432515962765767,cap_rent_increases,Rent prices should be limited by a cap when there's a change of tenant.,"BER should be re-conceptualized from scratch,"
different_topic,0.3684252523458922,cap_rent_increases,Rent prices should be limited by a cap when there's a change of tenant.,the EU should not intervene in local politics.
different_topic,0.35414561033248904,cap_rent_increases,Rent prices should be limited by a cap when there's a change of tenant.,"The implementation of retirement at 63 is no longer socially sustainable,"
different_topic,0.42103642095690186,cap_rent_increases,Rent prices should be limited by a cap when there's a change of tenant.,That's why there ought to be one day a week when supermarkets and shopping centres stay closed.
different_topic,0.4245112041632334,cap_rent_increases,Rent prices should be limited by a cap when there's a change of tenant.,everyone should chip in.
different_topic,0.3965737773821904,cap_rent_increases,Rent prices should be limited by a cap when there's a change of tenant.,The state ought to prevent murder - not avenge it.
same_topic,0.5400668873506432,cap_rent_increases,Rent prices should be limited by a cap when there's a change of tenant.,A constant increase in rent upon a change of tenants hence cannot be desired by society.
different_topic,0.3932278086157406,cap_rent_increases,Rent prices should be limited by a cap when there's a change of tenant.,It is quite clear that Sunday should remain a day of rest.
different_topic,0.3396660244023358,cap_rent_increases,Rent prices should be limited by a cap when there's a change of tenant.,"The BA dissertation should, if not make up the entire grade, then at least constitute a larger share of it."
different_topic,0.3879768663928622,cap_rent_increases,Rent prices should be limited by a cap when there's a change of tenant.,"Dog owners should pay higher fines for dog dirt left on pavements,"
different_topic,0.32943613330523175,cap_rent_increases,Rent prices should be limited by a cap when there's a change of tenant.,"Still, the state needs the death penalty as a deterrent to horrific crimes."
different_topic,0.4366633176803589,cap_rent_increases,Rent prices should be limited by a cap when there's a change of tenant.,The TV license fee should only be collected from those who actually make use of the programming of the public broadcasters.
different_topic,0.2910027702649434,cap_rent_increases,Rent prices should be limited by a cap when there's a change of tenant.,No one should have the possibility to pick up the morning-after pill over the counter at the pharmacy.
different_topic,0.40734044214089715,cap_rent_increases,Rent prices should be limited by a cap when there's a change of tenant.,Increasing penalties is therefore the right way.
different_topic,0.44482883148723185,health_insurance_cover_complementary_medicine,Therefore no unproven and unrecognized treatments by naturopaths should be reimbursed by the insurance companies.,Tax data that are not made available for free should therefore not be acquired by the state.
different_topic,0.501941467032713,health_insurance_cover_complementary_medicine,Therefore no unproven and unrecognized treatments by naturopaths should be reimbursed by the insurance companies.,computer games should also not be recognized as Olympic events.
different_topic,0.3619324779137969,health_insurance_cover_complementary_medicine,Therefore no unproven and unrecognized treatments by naturopaths should be reimbursed by the insurance companies.,Tuition fees should not be charged in Germany.
different_topic,0.4033591216025145,health_insurance_cover_complementary_medicine,Therefore no unproven and unrecognized treatments by naturopaths should be reimbursed by the insurance companies.,"No, the retirement age should be raised to 65 again."
different_topic,0.4266268180476295,health_insurance_cover_complementary_medicine,Therefore no unproven and unrecognized treatments by naturopaths should be reimbursed by the insurance companies.,That's why Germany should not introduce capital punishment!
different_topic,0.40591088079270865,health_insurance_cover_complementary_medicine,Therefore no unproven and unrecognized treatments by naturopaths should be reimbursed by the insurance companies.,A stop must be put to exorbitant rents by imposing a limit on rent increases when changing residences.
same_topic,0.4382044429128821,health_insurance_cover_complementary_medicine,Therefore no unproven and unrecognized treatments by naturopaths should be reimbursed by the insurance companies.,A reduction in the amount of chemically produced medication per person is most certainly desirable.
same_topic,0.5765591367431309,health_insurance_cover_complementary_medicine,Therefore no unproven and unrecognized treatments by naturopaths should be reimbursed by the insurance companies.,The statutory health insurance companies should also cover treatments with non-medical and alternative practitioners.
different_topic,0.3242859403292338,health_insurance_cover_complementary_medicine,Therefore no unproven and unrecognized treatments by naturopaths should be reimbursed by the insurance companies.,The death penalty should be abandoned everywhere.
different_topic,0.41424524150788783,health_insurance_cover_complementary_medicine,Therefore no unproven and unrecognized treatments by naturopaths should be reimbursed by the insurance companies.,The universities in Germany should not under any circumstances charge tuition fees.
different_topic,0.38857767568982166,health_insurance_cover_complementary_medicine,Therefore no unproven and unrecognized treatments by naturopaths should be reimbursed by the insurance companies.,The TV/radio licence fee can only be required of all citizens/households equally.
different_topic,0.355987973511219,health_insurance_cover_complementary_medicine,Therefore no unproven and unrecognized treatments by naturopaths should be reimbursed by the insurance companies.,School uniforms should not be worn in our schools.
different_topic,0.41635332339339787,health_insurance_cover_complementary_medicine,Therefore no unproven and unrecognized treatments by naturopaths should be reimbursed by the insurance companies.,"One should not re-introduce capital punishment in Germany,"
different_topic,0.41570004224777224,health_insurance_cover_complementary_medicine,Therefore no unproven and unrecognized treatments by naturopaths should be reimbursed by the insurance companies.,There should be a higher fine for dog dirt on the pavement.
different_topic,0.3928395387801256,health_insurance_cover_complementary_medicine,Therefore no unproven and unrecognized treatments by naturopaths should be reimbursed by the insurance companies.,"I find the peripheral housing development at Tempelhofer Feld right for urban planning reasons,"
different_topic,0.41874530445784336,health_insurance_cover_complementary_medicine,Therefore no unproven and unrecognized treatments by naturopaths should be reimbursed by the insurance companies.,Tuition fees should not generally be charged by universities.
same_topic,0.6350345145101132,health_insurance_cover_complementary_medicine,Therefore no unproven and unrecognized treatments by naturopaths should be reimbursed by the insurance companies.,The health insurance companies ought to be enabled to recognize a doctor's decision for natural treatment and also to cover it.
different_topic,0.3856248303371318,health_insurance_cover_complementary_medicine,Therefore no unproven and unrecognized treatments by naturopaths should be reimbursed by the insurance companies.,Video games ought to be included in the ranks of Olympic events.
different_topic,0.43967038542032244,health_insurance_cover_complementary_medicine,Therefore no unproven and unrecognized treatments by naturopaths should be reimbursed by the insurance companies.,"including planning abilities, reaction time, and reasoning to name but a few."
different_topic,0.371713815877835,health_insurance_cover_complementary_medicine,Therefore no unproven and unrecognized treatments by naturopaths should be reimbursed by the insurance companies.,The morning-after pill ought to be available over-the-counter in pharmacies.
different_topic,0.40690970420837397,health_insurance_cover_complementary_medicine,Therefore no unproven and unrecognized treatments by naturopaths should be reimbursed by the insurance companies.,School uniforms should be introduced in our schools again.
different_topic,0.4263819801179986,health_insurance_cover_complementary_medicine,Therefore no unproven and unrecognized treatments by naturopaths should be reimbursed by the insurance companies.,The EU should exert influence on the political events in Ukraine.
different_topic,0.3990173190832138,health_insurance_cover_complementary_medicine,Therefore no unproven and unrecognized treatments by naturopaths should be reimbursed by the insurance companies.,There should be much higher fines for dog dirt left on pavements.
different_topic,0.35512653535062616,health_insurance_cover_complementary_medicine,Therefore no unproven and unrecognized treatments by naturopaths should be reimbursed by the insurance companies.,Secret services must be more tightly regulated in order to prevent excessive surveillance.
different_topic,0.3214684069156647,health_insurance_cover_complementary_medicine,Therefore no unproven and unrecognized treatments by naturopaths should be reimbursed by the insurance companies.,dispensing it without medical advice would be inappropriate.
different_topic,0.3692278287240437,health_insurance_cover_complementary_medicine,Therefore no unproven and unrecognized treatments by naturopaths should be reimbursed by the insurance companies.,For instance the morning-after pill could result in a decrease in the use of condoms and thus lead to an increase in new infections with Aids.
different_topic,0.4118307376349413,health_insurance_cover_complementary_medicine,Therefore no unproven and unrecognized treatments by naturopaths should be reimbursed by the insurance companies.,As a central airport Berlin Tegel is particularly attractive for business travellers and should by all means remain operational.
different_topic,0.39533310702868873,health_insurance_cover_complementary_medicine,Therefore no unproven and unrecognized treatments by naturopaths should be reimbursed by the insurance companies.,Acquiring CDs with tax data of tax delinquents is therefore out of the question.
different_topic,0.3897946670651436,health_insurance_cover_complementary_medicine,Therefore no unproven and unrecognized treatments by naturopaths should be reimbursed by the insurance companies.,That's why intelligence services must be regulated in the framework of parliamentary oversight committees.
different_topic,0.4379791393876076,health_insurance_cover_complementary_medicine,Therefore no unproven and unrecognized treatments by naturopaths should be reimbursed by the insurance companies.,The morning-after pill should only be prescribed after counselling by a physician or pharmacist.
different_topic,0.3960950929257605,health_insurance_cover_complementary_medicine,Therefore no unproven and unrecognized treatments by naturopaths should be reimbursed by the insurance companies.,Therefore universities should not charge tuition fees in Germany.
different_topic,0.4085619213680426,health_insurance_cover_complementary_medicine,Therefore no unproven and unrecognized treatments by naturopaths should be reimbursed by the insurance companies.,Due to the many random factors the bachelor thesis should not play a bigger role.
different_topic,0.4264521270990372,health_insurance_cover_complementary_medicine,Therefore no unproven and unrecognized treatments by naturopaths should be reimbursed by the insurance companies.,Raising the relative retirement age on the basis of the physical fitness of the average citizen is fair.
different_topic,0.3449578615171569,health_insurance_cover_complementary_medicine,Therefore no unproven and unrecognized treatments by naturopaths should be reimbursed by the insurance companies.,For these reasons supermarkets and shopping centres should not be allowed to be open for business on arbitrary Sundays and holidays.
different_topic,0.45849704094555066,health_insurance_cover_complementary_medicine,Therefore no unproven and unrecognized treatments by naturopaths should be reimbursed by the insurance companies.,the statutory retirement age should in the future not remain at 63 years.
same_topic,0.6475280608449664,health_insurance_cover_complementary_medicine,Therefore no unproven and unrecognized treatments by naturopaths should be reimbursed by the insurance companies.,That's why the statutory health insurance companies should not cover such treatments.
different_topic,0.44903996145283737,health_insurance_cover_complementary_medicine,Therefore no unproven and unrecognized treatments by naturopaths should be reimbursed by the insurance companies.,"If however one could find a compromise between green space and housing, then Tempelhofer Feld should definitely be made available for residential construction."
different_topic,0.36723543317229657,health_insurance_cover_complementary_medicine,Therefore no unproven and unrecognized treatments by naturopaths should be reimbursed by the insurance companies.,I argue categorically in favour of over-the-counter availability of the morning-after pill in pharmacies.
different_topic,0.4551437760100645,health_insurance_cover_complementary_medicine,Therefore no unproven and unrecognized treatments by naturopaths should be reimbursed by the insurance companies.,the EU should intervene right away.
different_topic,0.33548656220619494,health_insurance_cover_complementary_medicine,Therefore no unproven and unrecognized treatments by naturopaths should be reimbursed by the insurance companies.,"Especially now, as there is a lack of skilled labour, it's irresponsible for the economy and prosperity to retire at 63."
different_topic,0.33913804218173027,health_insurance_cover_complementary_medicine,Therefore no unproven and unrecognized treatments by naturopaths should be reimbursed by the insurance companies.,It would be fair to make them into an Olympic event.
different_topic,0.38375956727110827,health_insurance_cover_complementary_medicine,Therefore no unproven and unrecognized treatments by naturopaths should be reimbursed by the insurance companies.,A cap on rent increases upon tenant change is therefore not to be supported.
different_topic,0.38731045049169793,health_insurance_cover_complementary_medicine,Therefore no unproven and unrecognized treatments by naturopaths should be reimbursed by the insurance companies.,Opening on Sundays and holidays would therefore help both customers and shops.
different_topic,0.3232120007276535,health_insurance_cover_complementary_medicine,Therefore no unproven and unrecognized treatments by naturopaths should be reimbursed by the insurance companies.,Higher penalties for dog dirt are pointless as long as there is not enough personnel to enforce them.
different_topic,0.40153535157442094,health_insurance_cover_complementary_medicine,Therefore no unproven and unrecognized treatments by naturopaths should be reimbursed by the insurance companies.,I am not of the opinion that the retirement age should be set at 63 years.
different_topic,0.5488801576197148,health_insurance_cover_complementary_medicine,Therefore no unproven and unrecognized treatments by naturopaths should be reimbursed by the insurance companies.,"After the new BER Airport has been commissioned, Tegel should definitely be closed."
different_topic,0.40581033461623717,health_insurance_cover_complementary_medicine,Therefore no unproven and unrecognized treatments by naturopaths should be reimbursed by the insurance companies.,Not everyone should be obliged to pay the TV & radio licence.
different_topic,0.3943003501743078,health_insurance_cover_complementary_medicine,Therefore no unproven and unrecognized treatments by naturopaths should be reimbursed by the insurance companies.,Actually it would be justified if all German universities charged tuition fees.
different_topic,0.42202963431676227,health_insurance_cover_complementary_medicine,Therefore no unproven and unrecognized treatments by naturopaths should be reimbursed by the insurance companies.,Current regulations for the calculation of the total grade should therefore be maintained.
different_topic,0.3725392484664917,health_insurance_cover_complementary_medicine,Therefore no unproven and unrecognized treatments by naturopaths should be reimbursed by the insurance companies.,Supermarkets and shopping centres should be allowed to open on any Sundays and holidays.
different_topic,0.34094978372255963,health_insurance_cover_complementary_medicine,Therefore no unproven and unrecognized treatments by naturopaths should be reimbursed by the insurance companies.,"Many European countries, for instance the Netherlands, Sweden and Great Britain, have already understood this and successfully adjusted the opening hours for retailers."
different_topic,0.3133193988066454,health_insurance_cover_complementary_medicine,Therefore no unproven and unrecognized treatments by naturopaths should be reimbursed by the insurance companies.,We don't need it.
different_topic,0.35869661432046157,health_insurance_cover_complementary_medicine,Therefore no unproven and unrecognized treatments by naturopaths should be reimbursed by the insurance companies.,Supermarkets and shopping centres should be allowed to open any Sundays and holidays at their discretion.
different_topic,0.35898641524491487,health_insurance_cover_complementary_medicine,Therefore no unproven and unrecognized treatments by naturopaths should be reimbursed by the insurance companies.,"If there were higher fines for leaving dog dirt on pavements, there would presumably be less dog dirt,"
different_topic,0.4031079227016085,health_insurance_cover_complementary_medicine,Therefore no unproven and unrecognized treatments by naturopaths should be reimbursed by the insurance companies.,Germany should by no means introduce capital punishment.
different_topic,0.43925935149192813,health_insurance_cover_complementary_medicine,Therefore no unproven and unrecognized treatments by naturopaths should be reimbursed by the insurance companies.,"Considering what's on television these days, it would be appropriate to only have those people pay who actually (want to) follow the programming."
different_topic,0.43798362395980145,health_insurance_cover_complementary_medicine,Therefore no unproven and unrecognized treatments by naturopaths should be reimbursed by the insurance companies.,"If there must be rent increases, there should also be a cap to avoid nasty surprises."
different_topic,0.3858862647579776,health_insurance_cover_complementary_medicine,Therefore no unproven and unrecognized treatments by naturopaths should be reimbursed by the insurance companies.,German universities should on no account charge tuition fees.
different_topic,0.37545211206782947,health_insurance_cover_complementary_medicine,Therefore no unproven and unrecognized treatments by naturopaths should be reimbursed by the insurance companies.,Hence it is good when shops are not open on Sundays and public holidays.
different_topic,0.42101322308830597,health_insurance_cover_complementary_medicine,Therefore no unproven and unrecognized treatments by naturopaths should be reimbursed by the insurance companies.,"Intelligence services should be more closely regulated by parliament,"
different_topic,0.44081467390060425,health_insurance_cover_complementary_medicine,Therefore no unproven and unrecognized treatments by naturopaths should be reimbursed by the insurance companies.,"BER should be re-conceptualized from scratch,"
different_topic,0.43605855107307434,health_insurance_cover_complementary_medicine,Therefore no unproven and unrecognized treatments by naturopaths should be reimbursed by the insurance companies.,the EU should not intervene in local politics.
different_topic,0.3595274920048921,health_insurance_cover_complementary_medicine,Therefore no unproven and unrecognized treatments by naturopaths should be reimbursed by the insurance companies.,"The implementation of retirement at 63 is no longer socially sustainable,"
different_topic,0.3673894370977695,health_insurance_cover_complementary_medicine,Therefore no unproven and unrecognized treatments by naturopaths should be reimbursed by the insurance companies.,That's why there ought to be one day a week when supermarkets and shopping centres stay closed.
different_topic,0.2786064624786377,health_insurance_cover_complementary_medicine,Therefore no unproven and unrecognized treatments by naturopaths should be reimbursed by the insurance companies.,everyone should chip in.
different_topic,0.3618391025811434,health_insurance_cover_complementary_medicine,Therefore no unproven and unrecognized treatments by naturopaths should be reimbursed by the insurance companies.,The state ought to prevent murder - not avenge it.
different_topic,0.43846975564956664,health_insurance_cover_complementary_medicine,Therefore no unproven and unrecognized treatments by naturopaths should be reimbursed by the insurance companies.,A constant increase in rent upon a change of tenants hence cannot be desired by society.
different_topic,0.5124850913882255,health_insurance_cover_complementary_medicine,Therefore no unproven and unrecognized treatments by naturopaths should be reimbursed by the insurance companies.,It is quite clear that Sunday should remain a day of rest.
different_topic,0.326799683769544,health_insurance_cover_complementary_medicine,Therefore no unproven and unrecognized treatments by naturopaths should be reimbursed by the insurance companies.,"The BA dissertation should, if not make up the entire grade, then at least constitute a larger share of it."
different_topic,0.43663986027240753,health_insurance_cover_complementary_medicine,Therefore no unproven and unrecognized treatments by naturopaths should be reimbursed by the insurance companies.,"Dog owners should pay higher fines for dog dirt left on pavements,"
different_topic,0.3814217382007175,health_insurance_cover_complementary_medicine,Therefore no unproven and unrecognized treatments by naturopaths should be reimbursed by the insurance companies.,"Still, the state needs the death penalty as a deterrent to horrific crimes."
different_topic,0.4879691225031148,health_insurance_cover_complementary_medicine,Therefore no unproven and unrecognized treatments by naturopaths should be reimbursed by the insurance companies.,The TV license fee should only be collected from those who actually make use of the programming of the public broadcasters.
different_topic,0.36339486528325965,health_insurance_cover_complementary_medicine,Therefore no unproven and unrecognized treatments by naturopaths should be reimbursed by the insurance companies.,No one should have the possibility to pick up the morning-after pill over the counter at the pharmacy.
different_topic,0.3017274856567383,health_insurance_cover_complementary_medicine,Therefore no unproven and unrecognized treatments by naturopaths should be reimbursed by the insurance companies.,Increasing penalties is therefore the right way.
different_topic,0.4306720634301504,buy_tax_evader_data_from_dubious_sources,Tax data that are not made available for free should therefore not be acquired by the state.,computer games should also not be recognized as Olympic events.
different_topic,0.40382327139377594,buy_tax_evader_data_from_dubious_sources,Tax data that are not made available for free should therefore not be acquired by the state.,Tuition fees should not be charged in Germany.
different_topic,0.41078874468803406,buy_tax_evader_data_from_dubious_sources,Tax data that are not made available for free should therefore not be acquired by the state.,"No, the retirement age should be raised to 65 again."
different_topic,0.5019928496330976,buy_tax_evader_data_from_dubious_sources,Tax data that are not made available for free should therefore not be acquired by the state.,That's why Germany should not introduce capital punishment!
different_topic,0.3745114724887045,buy_tax_evader_data_from_dubious_sources,Tax data that are not made available for free should therefore not be acquired by the state.,A stop must be put to exorbitant rents by imposing a limit on rent increases when changing residences.
different_topic,0.4557527929544449,buy_tax_evader_data_from_dubious_sources,Tax data that are not made available for free should therefore not be acquired by the state.,A reduction in the amount of chemically produced medication per person is most certainly desirable.
different_topic,0.3721760114034017,buy_tax_evader_data_from_dubious_sources,Tax data that are not made available for free should therefore not be acquired by the state.,The statutory health insurance companies should also cover treatments with non-medical and alternative practitioners.
different_topic,0.3155707418918609,buy_tax_evader_data_from_dubious_sources,Tax data that are not made available for free should therefore not be acquired by the state.,The death penalty should be abandoned everywhere.
different_topic,0.45553480088710785,buy_tax_evader_data_from_dubious_sources,Tax data that are not made available for free should therefore not be acquired by the state.,The universities in Germany should not under any circumstances charge tuition fees.
different_topic,0.39792730410893756,buy_tax_evader_data_from_dubious_sources,Tax data that are not made available for free should therefore not be acquired by the state.,The TV/radio licence fee can only be required of all citizens/households equally.
different_topic,0.3400801547936031,buy_tax_evader_data_from_dubious_sources,Tax data that are not made available for free should therefore not be acquired by the state.,School uniforms should not be worn in our schools.
different_topic,0.4139698576182127,buy_tax_evader_data_from_dubious_sources,Tax data that are not made available for free should therefore not be acquired by the state.,"One should not re-introduce capital punishment in Germany,"
different_topic,0.4166336870855755,buy_tax_evader_data_from_dubious_sources,Tax data that are not made available for free should therefore not be acquired by the state.,There should be a higher fine for dog dirt on the pavement.
different_topic,0.40093029141426084,buy_tax_evader_data_from_dubious_sources,Tax data that are not made available for free should therefore not be acquired by the state.,"I find the peripheral housing development at Tempelhofer Feld right for urban planning reasons,"
different_topic,0.44911847157137735,buy_tax_evader_data_from_dubious_sources,Tax data that are not made available for free should therefore not be acquired by the state.,Tuition fees should not generally be charged by universities.
different_topic,0.40349206470307847,buy_tax_evader_data_from_dubious_sources,Tax data that are not made available for free should therefore not be acquired by the state.,The health insurance companies ought to be enabled to recognize a doctor's decision for natural treatment and also to cover it.
different_topic,0.48025228281815846,buy_tax_evader_data_from_dubious_sources,Tax data that are not made available for free should therefore not be acquired by the state.,Video games ought to be included in the ranks of Olympic events.
different_topic,0.43911138839191866,buy_tax_evader_data_from_dubious_sources,Tax data that are not made available for free should therefore not be acquired by the state.,"including planning abilities, reaction time, and reasoning to name but a few."
different_topic,0.41553671522574,buy_tax_evader_data_from_dubious_sources,Tax data that are not made available for free should therefore not be acquired by the state.,The morning-after pill ought to be available over-the-counter in pharmacies.
different_topic,0.45056427319844566,buy_tax_evader_data_from_dubious_sources,Tax data that are not made available for free should therefore not be acquired by the state.,School uniforms should be introduced in our schools again.
different_topic,0.4207019227392533,buy_tax_evader_data_from_dubious_sources,Tax data that are not made available for free should therefore not be acquired by the state.,The EU should exert influence on the political events in Ukraine.
different_topic,0.38351781070232394,buy_tax_evader_data_from_dubious_sources,Tax data that are not made available for free should therefore not be acquired by the state.,There should be much higher fines for dog dirt left on pavements.
different_topic,0.3098337128758431,buy_tax_evader_data_from_dubious_sources,Tax data that are not made available for free should therefore not be acquired by the state.,Secret services must be more tightly regulated in order to prevent excessive surveillance.
different_topic,0.2602398283779621,buy_tax_evader_data_from_dubious_sources,Tax data that are not made available for free should therefore not be acquired by the state.,dispensing it without medical advice would be inappropriate.
different_topic,0.3155496395551241,buy_tax_evader_data_from_dubious_sources,Tax data that are not made available for free should therefore not be acquired by the state.,For instance the morning-after pill could result in a decrease in the use of condoms and thus lead to an increase in new infections with Aids.
different_topic,0.37558482408523564,buy_tax_evader_data_from_dubious_sources,Tax data that are not made available for free should therefore not be acquired by the state.,As a central airport Berlin Tegel is particularly attractive for business travellers and should by all means remain operational.
same_topic,0.5266302776964087,buy_tax_evader_data_from_dubious_sources,Tax data that are not made available for free should therefore not be acquired by the state.,Acquiring CDs with tax data of tax delinquents is therefore out of the question.
different_topic,0.3553215364615122,buy_tax_evader_data_from_dubious_sources,Tax data that are not made available for free should therefore not be acquired by the state.,That's why intelligence services must be regulated in the framework of parliamentary oversight committees.
different_topic,0.39166989109732886,buy_tax_evader_data_from_dubious_sources,Tax data that are not made available for free should therefore not be acquired by the state.,The morning-after pill should only be prescribed after counselling by a physician or pharmacist.
different_topic,0.43115996569395065,buy_tax_evader_data_from_dubious_sources,Tax data that are not made available for free should therefore not be acquired by the state.,Therefore universities should not charge tuition fees in Germany.
different_topic,0.35683940215544274,buy_tax_evader_data_from_dubious_sources,Tax data that are not made available for free should therefore not be acquired by the state.,Due to the many random factors the bachelor thesis should not play a bigger role.
different_topic,0.4194651726219389,buy_tax_evader_data_from_dubious_sources,Tax data that are not made available for free should therefore not be acquired by the state.,Raising the relative retirement age on the basis of the physical fitness of the average citizen is fair.
different_topic,0.37948392216975874,buy_tax_evader_data_from_dubious_sources,Tax data that are not made available for free should therefore not be acquired by the state.,For these reasons supermarkets and shopping centres should not be allowed to be open for business on arbitrary Sundays and holidays.
different_topic,0.44457512526285076,buy_tax_evader_data_from_dubious_sources,Tax data that are not made available for free should therefore not be acquired by the state.,the statutory retirement age should in the future not remain at 63 years.
different_topic,0.46279314944618627,buy_tax_evader_data_from_dubious_sources,Tax data that are not made available for free should therefore not be acquired by the state.,That's why the statutory health insurance companies should not cover such treatments.
different_topic,0.43075019121170044,buy_tax_evader_data_from_dubious_sources,Tax data that are not made available for free should therefore not be acquired by the state.,"If however one could find a compromise between green space and housing, then Tempelhofer Feld should definitely be made available for residential construction."
different_topic,0.43552062749862674,buy_tax_evader_data_from_dubious_sources,Tax data that are not made available for free should therefore not be acquired by the state.,I argue categorically in favour of over-the-counter availability of the morning-after pill in pharmacies.
different_topic,0.4006447225809098,buy_tax_evader_data_from_dubious_sources,Tax data that are not made available for free should therefore not be acquired by the state.,the EU should intervene right away.
different_topic,0.3438459411263466,buy_tax_evader_data_from_dubious_sources,Tax data that are not made available for free should therefore not be acquired by the state.,"Especially now, as there is a lack of skilled labour, it's irresponsible for the economy and prosperity to retire at 63."
different_topic,0.4380083850451878,buy_tax_evader_data_from_dubious_sources,Tax data that are not made available for free should therefore not be acquired by the state.,It would be fair to make them into an Olympic event.
different_topic,0.3423806684357779,buy_tax_evader_data_from_dubious_sources,Tax data that are not made available for free should therefore not be acquired by the state.,A cap on rent increases upon tenant change is therefore not to be supported.
different_topic,0.40634381771087646,buy_tax_evader_data_from_dubious_sources,Tax data that are not made available for free should therefore not be acquired by the state.,Opening on Sundays and holidays would therefore help both customers and shops.
different_topic,0.2531144789287022,buy_tax_evader_data_from_dubious_sources,Tax data that are not made available for free should therefore not be acquired by the state.,Higher penalties for dog dirt are pointless as long as there is not enough personnel to enforce them.
different_topic,0.45824459940195084,buy_tax_evader_data_from_dubious_sources,Tax data that are not made available for free should therefore not be acquired by the state.,I am not of the opinion that the retirement age should be set at 63 years.
different_topic,0.4794521911276711,buy_tax_evader_data_from_dubious_sources,Tax data that are not made available for free should therefore not be acquired by the state.,"After the new BER Airport has been commissioned, Tegel should definitely be closed."
different_topic,0.40181859862059355,buy_tax_evader_data_from_dubious_sources,Tax data that are not made available for free should therefore not be acquired by the state.,Not everyone should be obliged to pay the TV & radio licence.
different_topic,0.39678068624602425,buy_tax_evader_data_from_dubious_sources,Tax data that are not made available for free should therefore not be acquired by the state.,Actually it would be justified if all German universities charged tuition fees.
different_topic,0.4849183540791273,buy_tax_evader_data_from_dubious_sources,Tax data that are not made available for free should therefore not be acquired by the state.,Current regulations for the calculation of the total grade should therefore be maintained.
different_topic,0.4379579165707464,buy_tax_evader_data_from_dubious_sources,Tax data that are not made available for free should therefore not be acquired by the state.,Supermarkets and shopping centres should be allowed to open on any Sundays and holidays.
different_topic,0.27446707231657846,buy_tax_evader_data_from_dubious_sources,Tax data that are not made available for free should therefore not be acquired by the state.,"Many European countries, for instance the Netherlands, Sweden and Great Britain, have already understood this and successfully adjusted the opening hours for retailers."
different_topic,0.2310586625879461,buy_tax_evader_data_from_dubious_sources,Tax data that are not made available for free should therefore not be acquired by the state.,We don't need it.
different_topic,0.41970967004696524,buy_tax_evader_data_from_dubious_sources,Tax data that are not made available for free should therefore not be acquired by the state.,Supermarkets and shopping centres should be allowed to open any Sundays and holidays at their discretion.
different_topic,0.32229595184326176,buy_tax_evader_data_from_dubious_sources,Tax data that are not made available for free should therefore not be acquired by the state.,"If there were higher fines for leaving dog dirt on pavements, there would presumably be less dog dirt,"
different_topic,0.43284279578610474,buy_tax_evader_data_from_dubious_sources,Tax data that are not made available for free should therefore not be acquired by the state.,Germany should by no means introduce capital punishment.
different_topic,0.3447175596071326,buy_tax_evader_data_from_dubious_sources,Tax data that are not made available for free should therefore not be acquired by the state.,"Considering what's on television these days, it would be appropriate to only have those people pay who actually (want to) follow the programming."
different_topic,0.37869916260242464,buy_tax_evader_data_from_dubious_sources,Tax data that are not made available for free should therefore not be acquired by the state.,"If there must be rent increases, there should also be a cap to avoid nasty surprises."
different_topic,0.4401186453178525,buy_tax_evader_data_from_dubious_sources,Tax data that are not made available for free should therefore not be acquired by the state.,German universities should on no account charge tuition fees.
different_topic,0.4110909759998322,buy_tax_evader_data_from_dubious_sources,Tax data that are not made available for free should therefore not be acquired by the state.,Hence it is good when shops are not open on Sundays and public holidays.
different_topic,0.4212440479369391,buy_tax_evader_data_from_dubious_sources,Tax data that are not made available for free should therefore not be acquired by the state.,"Intelligence services should be more closely regulated by parliament,"
different_topic,0.331786756004606,buy_tax_evader_data_from_dubious_sources,Tax data that are not made available for free should therefore not be acquired by the state.,"BER should be re-conceptualized from scratch,"
different_topic,0.393371262720653,buy_tax_evader_data_from_dubious_sources,Tax data that are not made available for free should therefore not be acquired by the state.,the EU should not intervene in local politics.
different_topic,0.38383891468956355,buy_tax_evader_data_from_dubious_sources,Tax data that are not made available for free should therefore not be acquired by the state.,"The implementation of retirement at 63 is no longer socially sustainable,"
different_topic,0.43947216123342514,buy_tax_evader_data_from_dubious_sources,Tax data that are not made available for free should therefore not be acquired by the state.,That's why there ought to be one day a week when supermarkets and shopping centres stay closed.
different_topic,0.3218130595408953,buy_tax_evader_data_from_dubious_sources,Tax data that are not made available for free should therefore not be acquired by the state.,everyone should chip in.
different_topic,0.4532250889710017,buy_tax_evader_data_from_dubious_sources,Tax data that are not made available for free should therefore not be acquired by the state.,The state ought to prevent murder - not avenge it.
different_topic,0.3874522977405124,buy_tax_evader_data_from_dubious_sources,Tax data that are not made available for free should therefore not be acquired by the state.,A constant increase in rent upon a change of tenants hence cannot be desired by society.
different_topic,0.4415371219317118,buy_tax_evader_data_from_dubious_sources,Tax data that are not made available for free should therefore not be acquired by the state.,It is quite clear that Sunday should remain a day of rest.
different_topic,0.3313568724053247,buy_tax_evader_data_from_dubious_sources,Tax data that are not made available for free should therefore not be acquired by the state.,"The BA dissertation should, if not make up the entire grade, then at least constitute a larger share of it."
different_topic,0.402579350904985,buy_tax_evader_data_from_dubious_sources,Tax data that are not made available for free should therefore not be acquired by the state.,"Dog owners should pay higher fines for dog dirt left on pavements,"
different_topic,0.3837023419328034,buy_tax_evader_data_from_dubious_sources,Tax data that are not made available for free should therefore not be acquired by the state.,"Still, the state needs the death penalty as a deterrent to horrific crimes."
different_topic,0.44316208078747704,buy_tax_evader_data_from_dubious_sources,Tax data that are not made available for free should therefore not be acquired by the state.,The TV license fee should only be collected from those who actually make use of the programming of the public broadcasters.
different_topic,0.3187552428245544,buy_tax_evader_data_from_dubious_sources,Tax data that are not made available for free should therefore not be acquired by the state.,No one should have the possibility to pick up the morning-after pill over the counter at the pharmacy.
different_topic,0.31764512795668387,buy_tax_evader_data_from_dubious_sources,Tax data that are not made available for free should therefore not be acquired by the state.,Increasing penalties is therefore the right way.
different_topic,0.463487966129413,make_video_games_olympic,computer games should also not be recognized as Olympic events.,Tuition fees should not be charged in Germany.
different_topic,0.4161437273025513,make_video_games_olympic,computer games should also not be recognized as Olympic events.,"No, the retirement age should be raised to 65 again."
different_topic,0.6278524676958721,make_video_games_olympic,computer games should also not be recognized as Olympic events.,That's why Germany should not introduce capital punishment!
different_topic,0.3916901813613044,make_video_games_olympic,computer games should also not be recognized as Olympic events.,A stop must be put to exorbitant rents by imposing a limit on rent increases when changing residences.
different_topic,0.3741252547816226,make_video_games_olympic,computer games should also not be recognized as Olympic events.,A reduction in the amount of chemically produced medication per person is most certainly desirable.
different_topic,0.41828223019838334,make_video_games_olympic,computer games should also not be recognized as Olympic events.,The statutory health insurance companies should also cover treatments with non-medical and alternative practitioners.
different_topic,0.4411538143952688,make_video_games_olympic,computer games should also not be recognized as Olympic events.,The death penalty should be abandoned everywhere.
different_topic,0.46084417315090404,make_video_games_olympic,computer games should also not be recognized as Olympic events.,The universities in Germany should not under any circumstances charge tuition fees.
different_topic,0.3437063455581665,make_video_games_olympic,computer games should also not be recognized as Olympic events.,The TV/radio licence fee can only be required of all citizens/households equally.
different_topic,0.3998200274430788,make_video_games_olympic,computer games should also not be recognized as Olympic events.,School uniforms should not be worn in our schools.
different_topic,0.5956873973210652,make_video_games_olympic,computer games should also not be recognized as Olympic events.,"One should not re-introduce capital punishment in Germany,"
different_topic,0.592478548779207,make_video_games_olympic,computer games should also not be recognized as Olympic events.,There should be a higher fine for dog dirt on the pavement.
different_topic,0.4627747410222104,make_video_games_olympic,computer games should also not be recognized as Olympic events.,"I find the peripheral housing development at Tempelhofer Feld right for urban planning reasons,"
different_topic,0.37075974562993413,make_video_games_olympic,computer games should also not be recognized as Olympic events.,Tuition fees should not generally be charged by universities.
different_topic,0.4777150124311447,make_video_games_olympic,computer games should also not be recognized as Olympic events.,The health insurance companies ought to be enabled to recognize a doctor's decision for natural treatment and also to cover it.
same_topic,0.6855980551668576,make_video_games_olympic,computer games should also not be recognized as Olympic events.,Video games ought to be included in the ranks of Olympic events.
same_topic,0.5403088681838092,make_video_games_olympic,computer games should also not be recognized as Olympic events.,"including planning abilities, reaction time, and reasoning to name but a few."
different_topic,0.32851115862528485,make_video_games_olympic,computer games should also not be recognized as Olympic events.,The morning-after pill ought to be available over-the-counter in pharmacies.
different_topic,0.5081493982246944,make_video_games_olympic,computer games should also not be recognized as Olympic events.,School uniforms should be introduced in our schools again.
different_topic,0.5887668412178755,make_video_games_olympic,computer games should also not be recognized as Olympic events.,The EU should exert influence on the political events in Ukraine.
different_topic,0.5647964948102048,make_video_games_olympic,computer games should also not be recognized as Olympic events.,There should be much higher fines for dog dirt left on pavements.
different_topic,0.41078207994762217,make_video_games_olympic,computer games should also not be recognized as Olympic events.,Secret services must be more tightly regulated in order to prevent excessive surveillance.
different_topic,0.4426409614582857,make_video_games_olympic,computer games should also not be recognized as Olympic events.,dispensing it without medical advice would be inappropriate.
different_topic,0.2838076591491699,make_video_games_olympic,computer games should also not be recognized as Olympic events.,For instance the morning-after pill could result in a decrease in the use of condoms and thus lead to an increase in new infections with Aids.
different_topic,0.4760123193264008,make_video_games_olympic,computer games should also not be recognized as Olympic events.,As a central airport Berlin Tegel is particularly attractive for business travellers and should by all means remain operational.
different_topic,0.47169986036088735,make_video_games_olympic,computer games should also not be recognized as Olympic events.,Acquiring CDs with tax data of tax delinquents is therefore out of the question.
different_topic,0.3915544257444494,make_video_games_olympic,computer games should also not be recognized as Olympic events.,That's why intelligence services must be regulated in the framework of parliamentary oversight committees.
different_topic,0.33135972420374554,make_video_games_olympic,computer games should also not be recognized as Olympic events.,The morning-after pill should only be prescribed after counselling by a physician or pharmacist.
different_topic,0.5493158976236979,make_video_games_olympic,computer games should also not be recognized as Olympic events.,Therefore universities should not charge tuition fees in Germany.
different_topic,0.4848466430391584,make_video_games_olympic,computer games should also not be recognized as Olympic events.,Due to the many random factors the bachelor thesis should not play a bigger role.
different_topic,0.37933438315111045,make_video_games_olympic,computer games should also not be recognized as Olympic events.,Raising the relative retirement age on the basis of the physical fitness of the average citizen is fair.
different_topic,0.34998541831970215,make_video_games_olympic,computer games should also not be recognized as Olympic events.,For these reasons supermarkets and shopping centres should not be allowed to be open for business on arbitrary Sundays and holidays.
different_topic,0.41365174651145936,make_video_games_olympic,computer games should also not be recognized as Olympic events.,the statutory retirement age should in the future not remain at 63 years.
different_topic,0.5831433633963267,make_video_games_olympic,computer games should also not be recognized as Olympic events.,That's why the statutory health insurance companies should not cover such treatments.
different_topic,0.45782525092363363,make_video_games_olympic,computer games should also not be recognized as Olympic events.,"If however one could find a compromise between green space and housing, then Tempelhofer Feld should definitely be made available for residential construction."
different_topic,0.3113558813929558,make_video_games_olympic,computer games should also not be recognized as Olympic events.,I argue categorically in favour of over-the-counter availability of the morning-after pill in pharmacies.
different_topic,0.6885835560304778,make_video_games_olympic,computer games should also not be recognized as Olympic events.,the EU should intervene right away.
different_topic,0.35582249320071674,make_video_games_olympic,computer games should also not be recognized as Olympic events.,"Especially now, as there is a lack of skilled labour, it's irresponsible for the economy and prosperity to retire at 63."
same_topic,0.6641401648521423,make_video_games_olympic,computer games should also not be recognized as Olympic events.,It would be fair to make them into an Olympic event.
different_topic,0.3743300765752792,make_video_games_olympic,computer games should also not be recognized as Olympic events.,A cap on rent increases upon tenant change is therefore not to be supported.
different_topic,0.4025979846715928,make_video_games_olympic,computer games should also not be recognized as Olympic events.,Opening on Sundays and holidays would therefore help both customers and shops.
different_topic,0.32810248048217205,make_video_games_olympic,computer games should also not be recognized as Olympic events.,Higher penalties for dog dirt are pointless as long as there is not enough personnel to enforce them.
different_topic,0.4260403023046606,make_video_games_olympic,computer games should also not be recognized as Olympic events.,I am not of the opinion that the retirement age should be set at 63 years.
different_topic,0.5539730331476997,make_video_games_olympic,computer games should also not be recognized as Olympic events.,"After the new BER Airport has been commissioned, Tegel should definitely be closed."
different_topic,0.5009666283925375,make_video_games_olympic,computer games should also not be recognized as Olympic events.,Not everyone should be obliged to pay the TV & radio licence.
different_topic,0.4796925081926233,make_video_games_olympic,computer games should also not be recognized as Olympic events.,Actually it would be justified if all German universities charged tuition fees.
different_topic,0.4968285878499349,make_video_games_olympic,computer games should also not be recognized as Olympic events.,Current regulations for the calculation of the total grade should therefore be maintained.
different_topic,0.338430789383975,make_video_games_olympic,computer games should also not be recognized as Olympic events.,Supermarkets and shopping centres should be allowed to open on any Sundays and holidays.
different_topic,0.387848593570568,make_video_games_olympic,computer games should also not be recognized as Olympic events.,"Many European countries, for instance the Netherlands, Sweden and Great Britain, have already understood this and successfully adjusted the opening hours for retailers."
different_topic,0.5002217411994934,make_video_games_olympic,computer games should also not be recognized as Olympic events.,We don't need it.
different_topic,0.3237164072368456,make_video_games_olympic,computer games should also not be recognized as Olympic events.,Supermarkets and shopping centres should be allowed to open any Sundays and holidays at their discretion.
different_topic,0.4471305683255195,make_video_games_olympic,computer games should also not be recognized as Olympic events.,"If there were higher fines for leaving dog dirt on pavements, there would presumably be less dog dirt,"
different_topic,0.5191330115000408,make_video_games_olympic,computer games should also not be recognized as Olympic events.,Germany should by no means introduce capital punishment.
different_topic,0.42964448712088843,make_video_games_olympic,computer games should also not be recognized as Olympic events.,"Considering what's on television these days, it would be appropriate to only have those people pay who actually (want to) follow the programming."
different_topic,0.4721845702121132,make_video_games_olympic,computer games should also not be recognized as Olympic events.,"If there must be rent increases, there should also be a cap to avoid nasty surprises."
different_topic,0.4611272652943929,make_video_games_olympic,computer games should also not be recognized as Olympic events.,German universities should on no account charge tuition fees.
different_topic,0.38281500339508057,make_video_games_olympic,computer games should also not be recognized as Olympic events.,Hence it is good when shops are not open on Sundays and public holidays.
different_topic,0.5177931755781173,make_video_games_olympic,computer games should also not be recognized as Olympic events.,"Intelligence services should be more closely regulated by parliament,"
different_topic,0.6101181621734912,make_video_games_olympic,computer games should also not be recognized as Olympic events.,"BER should be re-conceptualized from scratch,"
different_topic,0.6405817912175106,make_video_games_olympic,computer games should also not be recognized as Olympic events.,the EU should not intervene in local politics.
different_topic,0.3503397762775421,make_video_games_olympic,computer games should also not be recognized as Olympic events.,"The implementation of retirement at 63 is no longer socially sustainable,"
different_topic,0.417442015979601,make_video_games_olympic,computer games should also not be recognized as Olympic events.,That's why there ought to be one day a week when supermarkets and shopping centres stay closed.
different_topic,0.41962725793321926,make_video_games_olympic,computer games should also not be recognized as Olympic events.,everyone should chip in.
different_topic,0.44926069333003116,make_video_games_olympic,computer games should also not be recognized as Olympic events.,The state ought to prevent murder - not avenge it.
different_topic,0.40741583179025087,make_video_games_olympic,computer games should also not be recognized as Olympic events.,A constant increase in rent upon a change of tenants hence cannot be desired by society.
different_topic,0.5396807088571436,make_video_games_olympic,computer games should also not be recognized as Olympic events.,It is quite clear that Sunday should remain a day of rest.
different_topic,0.3885048075958535,make_video_games_olympic,computer games should also not be recognized as Olympic events.,"The BA dissertation should, if not make up the entire grade, then at least constitute a larger share of it."
different_topic,0.5014461080233256,make_video_games_olympic,computer games should also not be recognized as Olympic events.,"Dog owners should pay higher fines for dog dirt left on pavements,"
different_topic,0.4765951077143351,make_video_games_olympic,computer games should also not be recognized as Olympic events.,"Still, the state needs the death penalty as a deterrent to horrific crimes."
different_topic,0.4313429147005081,make_video_games_olympic,computer games should also not be recognized as Olympic events.,The TV license fee should only be collected from those who actually make use of the programming of the public broadcasters.
different_topic,0.3633593941728274,make_video_games_olympic,computer games should also not be recognized as Olympic events.,No one should have the possibility to pick up the morning-after pill over the counter at the pharmacy.
different_topic,0.47676776846249896,make_video_games_olympic,computer games should also not be recognized as Olympic events.,Increasing penalties is therefore the right way.
different_topic,0.37643024795933777,charge_tuition_fees,Tuition fees should not be charged in Germany.,"No, the retirement age should be raised to 65 again."
different_topic,0.5708629616669246,charge_tuition_fees,Tuition fees should not be charged in Germany.,That's why Germany should not introduce capital punishment!
different_topic,0.41478573925354906,charge_tuition_fees,Tuition fees should not be charged in Germany.,A stop must be put to exorbitant rents by imposing a limit on rent increases when changing residences.
different_topic,0.29328003194597035,charge_tuition_fees,Tuition fees should not be charged in Germany.,A reduction in the amount of chemically produced medication per person is most certainly desirable.
different_topic,0.30330341740658406,charge_tuition_fees,Tuition fees should not be charged in Germany.,The statutory health insurance companies should also cover treatments with non-medical and alternative practitioners.
different_topic,0.4468533992767334,charge_tuition_fees,Tuition fees should not be charged in Germany.,The death penalty should be abandoned everywhere.
same_topic,0.7499999999999999,charge_tuition_fees,Tuition fees should not be charged in Germany.,The universities in Germany should not under any circumstances charge tuition fees.
different_topic,0.36682122004659556,charge_tuition_fees,Tuition fees should not be charged in Germany.,The TV/radio licence fee can only be required of all citizens/households equally.
different_topic,0.3874393701553345,charge_tuition_fees,Tuition fees should not be charged in Germany.,School uniforms should not be worn in our schools.
different_topic,0.5708629616669246,charge_tuition_fees,Tuition fees should not be charged in Germany.,"One should not re-introduce capital punishment in Germany,"
different_topic,0.3594626784324646,charge_tuition_fees,Tuition fees should not be charged in Germany.,There should be a higher fine for dog dirt on the pavement.
different_topic,0.4090120105279817,charge_tuition_fees,Tuition fees should not be charged in Germany.,"I find the peripheral housing development at Tempelhofer Feld right for urban planning reasons,"
same_topic,0.7665124212702116,charge_tuition_fees,Tuition fees should not be charged in Germany.,Tuition fees should not generally be charged by universities.
different_topic,0.32752881473616546,charge_tuition_fees,Tuition fees should not be charged in Germany.,The health insurance companies ought to be enabled to recognize a doctor's decision for natural treatment and also to cover it.
different_topic,0.4679965927050663,charge_tuition_fees,Tuition fees should not be charged in Germany.,Video games ought to be included in the ranks of Olympic events.
different_topic,0.36654879897832876,charge_tuition_fees,Tuition fees should not be charged in Germany.,"including planning abilities, reaction time, and reasoning to name but a few."
different_topic,0.3638840973377228,charge_tuition_fees,Tuition fees should not be charged in Germany.,The morning-after pill ought to be available over-the-counter in pharmacies.
different_topic,0.4249811195410215,charge_tuition_fees,Tuition fees should not be charged in Germany.,School uniforms should be introduced in our schools again.
different_topic,0.5314470668633778,charge_tuition_fees,Tuition fees should not be charged in Germany.,The EU should exert influence on the political events in Ukraine.
different_topic,0.31857334574063617,charge_tuition_fees,Tuition fees should not be charged in Germany.,There should be much higher fines for dog dirt left on pavements.
different_topic,0.26395339767138165,charge_tuition_fees,Tuition fees should not be charged in Germany.,Secret services must be more tightly regulated in order to prevent excessive surveillance.
different_topic,0.3131497990001332,charge_tuition_fees,Tuition fees should not be charged in Germany.,dispensing it without medical advice would be inappropriate.
different_topic,0.28450622657934826,charge_tuition_fees,Tuition fees should not be charged in Germany.,For instance the morning-after pill could result in a decrease in the use of condoms and thus lead to an increase in new infections with Aids.
different_topic,0.3167797819427822,charge_tuition_fees,Tuition fees should not be charged in Germany.,As a central airport Berlin Tegel is particularly attractive for business travellers and should by all means remain operational.
different_topic,0.3127317603896646,charge_tuition_fees,Tuition fees should not be charged in Germany.,Acquiring CDs with tax data of tax delinquents is therefore out of the question.
different_topic,0.26498315297067165,charge_tuition_fees,Tuition fees should not be charged in Germany.,That's why intelligence services must be regulated in the framework of parliamentary oversight committees.
different_topic,0.38170004785060885,charge_tuition_fees,Tuition fees should not be charged in Germany.,The morning-after pill should only be prescribed after counselling by a physician or pharmacist.
same_topic,0.8571428571428571,charge_tuition_fees,Tuition fees should not be charged in Germany.,Therefore universities should not charge tuition fees in Germany.
different_topic,0.32194018363952637,charge_tuition_fees,Tuition fees should not be charged in Germany.,Due to the many random factors the bachelor thesis should not play a bigger role.
different_topic,0.30361182428896427,charge_tuition_fees,Tuition fees should not be charged in Germany.,Raising the relative retirement age on the basis of the physical fitness of the average citizen is fair.
different_topic,0.308743305504322,charge_tuition_fees,Tuition fees should not be charged in Germany.,For these reasons supermarkets and shopping centres should not be allowed to be open for business on arbitrary Sundays and holidays.
different_topic,0.3634795954352931,charge_tuition_fees,Tuition fees should not be charged in Germany.,the statutory retirement age should in the future not remain at 63 years.
different_topic,0.4075315340476877,charge_tuition_fees,Tuition fees should not be charged in Germany.,That's why the statutory health insurance companies should not cover such treatments.
different_topic,0.3239399738933729,charge_tuition_fees,Tuition fees should not be charged in Germany.,"If however one could find a compromise between green space and housing, then Tempelhofer Feld should definitely be made available for residential construction."
different_topic,0.3329515508983446,charge_tuition_fees,Tuition fees should not be charged in Germany.,I argue categorically in favour of over-the-counter availability of the morning-after pill in pharmacies.
different_topic,0.49523295118258553,charge_tuition_fees,Tuition fees should not be charged in Germany.,the EU should intervene right away.
different_topic,0.29334435950626025,charge_tuition_fees,Tuition fees should not be charged in Germany.,"Especially now, as there is a lack of skilled labour, it's irresponsible for the economy and prosperity to retire at 63."
different_topic,0.4130430531998475,charge_tuition_fees,Tuition fees should not be charged in Germany.,It would be fair to make them into an Olympic event.
different_topic,0.2792594385774512,charge_tuition_fees,Tuition fees should not be charged in Germany.,A cap on rent increases upon tenant change is therefore not to be supported.
different_topic,0.3205735965778953,charge_tuition_fees,Tuition fees should not be charged in Germany.,Opening on Sundays and holidays would therefore help both customers and shops.
different_topic,0.19282689690589905,charge_tuition_fees,Tuition fees should not be charged in Germany.,Higher penalties for dog dirt are pointless as long as there is not enough personnel to enforce them.
different_topic,0.449539627879858,charge_tuition_fees,Tuition fees should not be charged in Germany.,I am not of the opinion that the retirement age should be set at 63 years.
different_topic,0.3995462693274021,charge_tuition_fees,Tuition fees should not be charged in Germany.,"After the new BER Airport has been commissioned, Tegel should definitely be closed."
different_topic,0.49211346677371437,charge_tuition_fees,Tuition fees should not be charged in Germany.,Not everyone should be obliged to pay the TV & radio licence.
same_topic,0.7002445533871651,charge_tuition_fees,Tuition fees should not be charged in Germany.,Actually it would be justified if all German universities charged tuition fees.
different_topic,0.4457157403230667,charge_tuition_fees,Tuition fees should not be charged in Germany.,Current regulations for the calculation of the total grade should therefore be maintained.
different_topic,0.3513347137541998,charge_tuition_fees,Tuition fees should not be charged in Germany.,Supermarkets and shopping centres should be allowed to open on any Sundays and holidays.
different_topic,0.3026432864941084,charge_tuition_fees,Tuition fees should not be charged in Germany.,"Many European countries, for instance the Netherlands, Sweden and Great Britain, have already understood this and successfully adjusted the opening hours for retailers."
different_topic,0.3172890742619832,charge_tuition_fees,Tuition fees should not be charged in Germany.,We don't need it.
different_topic,0.3353649540380998,charge_tuition_fees,Tuition fees should not be charged in Germany.,Supermarkets and shopping centres should be allowed to open any Sundays and holidays at their discretion.
different_topic,0.25706343547157623,charge_tuition_fees,Tuition fees should not be charged in Germany.,"If there were higher fines for leaving dog dirt on pavements, there would presumably be less dog dirt,"
different_topic,0.47183420377619123,charge_tuition_fees,Tuition fees should not be charged in Germany.,Germany should by no means introduce capital punishment.
different_topic,0.3005933137167067,charge_tuition_fees,Tuition fees should not be charged in Germany.,"Considering what's on television these days, it would be appropriate to only have those people pay who actually (want to) follow the programming."
different_topic,0.32047386633025277,charge_tuition_fees,Tuition fees should not be charged in Germany.,"If there must be rent increases, there should also be a cap to avoid nasty surprises."
same_topic,0.8571428571428571,charge_tuition_fees,Tuition fees should not be charged in Germany.,German universities should on no account charge tuition fees.
different_topic,0.3504814671145544,charge_tuition_fees,Tuition fees should not be charged in Germany.,Hence it is good when shops are not open on Sundays and public holidays.
different_topic,0.3744702778364482,charge_tuition_fees,Tuition fees should not be charged in Germany.,"Intelligence services should be more closely regulated by parliament,"
different_topic,0.49177806327740353,charge_tuition_fees,Tuition fees should not be charged in Germany.,"BER should be re-conceptualized from scratch,"
different_topic,0.5746319107711315,charge_tuition_fees,Tuition fees should not be charged in Germany.,the EU should not intervene in local politics.
different_topic,0.3729698061943055,charge_tuition_fees,Tuition fees should not be charged in Germany.,"The implementation of retirement at 63 is no longer socially sustainable,"
different_topic,0.30808043479919434,charge_tuition_fees,Tuition fees should not be charged in Germany.,That's why there ought to be one day a week when supermarkets and shopping centres stay closed.
different_topic,0.384865765883164,charge_tuition_fees,Tuition fees should not be charged in Germany.,everyone should chip in.
different_topic,0.43750283618768054,charge_tuition_fees,Tuition fees should not be charged in Germany.,The state ought to prevent murder - not avenge it.
different_topic,0.3265080004930496,charge_tuition_fees,Tuition fees should not be charged in Germany.,A constant increase in rent upon a change of tenants hence cannot be desired by society.
different_topic,0.4355813339352608,charge_tuition_fees,Tuition fees should not be charged in Germany.,It is quite clear that Sunday should remain a day of rest.
different_topic,0.2806682357421288,charge_tuition_fees,Tuition fees should not be charged in Germany.,"The BA dissertation should, if not make up the entire grade, then at least constitute a larger share of it."
different_topic,0.3392769783735275,charge_tuition_fees,Tuition fees should not be charged in Germany.,"Dog owners should pay higher fines for dog dirt left on pavements,"
different_topic,0.3959704722676958,charge_tuition_fees,Tuition fees should not be charged in Germany.,"Still, the state needs the death penalty as a deterrent to horrific crimes."
different_topic,0.41596982981029307,charge_tuition_fees,Tuition fees should not be charged in Germany.,The TV license fee should only be collected from those who actually make use of the programming of the public broadcasters.
different_topic,0.3081081120864205,charge_tuition_fees,Tuition fees should not be charged in Germany.,No one should have the possibility to pick up the morning-after pill over the counter at the pharmacy.
different_topic,0.3850809173150496,charge_tuition_fees,Tuition fees should not be charged in Germany.,Increasing penalties is therefore the right way.
different_topic,0.48271298408508306,keep_retirement_at_63,"No, the retirement age should be raised to 65 again.",That's why Germany should not introduce capital punishment!
different_topic,0.46970848614970845,keep_retirement_at_63,"No, the retirement age should be raised to 65 again.",A stop must be put to exorbitant rents by imposing a limit on rent increases when changing residences.
different_topic,0.5180688297748566,keep_retirement_at_63,"No, the retirement age should be raised to 65 again.",A reduction in the amount of chemically produced medication per person is most certainly desirable.
different_topic,0.3815491230298693,keep_retirement_at_63,"No, the retirement age should be raised to 65 again.",The statutory health insurance companies should also cover treatments with non-medical and alternative practitioners.
different_topic,0.31893109612994724,keep_retirement_at_63,"No, the retirement age should be raised to 65 again.",The death penalty should be abandoned everywhere.
different_topic,0.492959825888924,keep_retirement_at_63,"No, the retirement age should be raised to 65 again.",The universities in Germany should not under any circumstances charge tuition fees.
different_topic,0.5036425687945806,keep_retirement_at_63,"No, the retirement age should be raised to 65 again.",The TV/radio licence fee can only be required of all citizens/households equally.
different_topic,0.28953138621229874,keep_retirement_at_63,"No, the retirement age should be raised to 65 again.",School uniforms should not be worn in our schools.
different_topic,0.487412637188321,keep_retirement_at_63,"No, the retirement age should be raised to 65 again.","One should not re-introduce capital punishment in Germany,"
different_topic,0.5121309588784756,keep_retirement_at_63,"No, the retirement age should be raised to 65 again.",There should be a higher fine for dog dirt on the pavement.
different_topic,0.4497893989086152,keep_retirement_at_63,"No, the retirement age should be raised to 65 again.","I find the peripheral housing development at Tempelhofer Feld right for urban planning reasons,"
different_topic,0.34263144041362564,keep_retirement_at_63,"No, the retirement age should be raised to 65 again.",Tuition fees should not generally be charged by universities.
different_topic,0.44000453179558885,keep_retirement_at_63,"No, the retirement age should be raised to 65 again.",The health insurance companies ought to be enabled to recognize a doctor's decision for natural treatment and also to cover it.
different_topic,0.4065268456935882,keep_retirement_at_63,"No, the retirement age should be raised to 65 again.",Video games ought to be included in the ranks of Olympic events.
different_topic,0.4360947855140852,keep_retirement_at_63,"No, the retirement age should be raised to 65 again.","including planning abilities, reaction time, and reasoning to name but a few."
different_topic,0.5299604822088171,keep_retirement_at_63,"No, the retirement age should be raised to 65 again.",The morning-after pill ought to be available over-the-counter in pharmacies.
different_topic,0.3947237104177475,keep_retirement_at_63,"No, the retirement age should be raised to 65 again.",School uniforms should be introduced in our schools again.
different_topic,0.4221372252160852,keep_retirement_at_63,"No, the retirement age should be raised to 65 again.",The EU should exert influence on the political events in Ukraine.
different_topic,0.5281368935108185,keep_retirement_at_63,"No, the retirement age should be raised to 65 again.",There should be much higher fines for dog dirt left on pavements.
different_topic,0.4453500786423683,keep_retirement_at_63,"No, the retirement age should be raised to 65 again.",Secret services must be more tightly regulated in order to prevent excessive surveillance.
different_topic,0.2650695434874959,keep_retirement_at_63,"No, the retirement age should be raised to 65 again.",dispensing it without medical advice would be inappropriate.
different_topic,0.4143074323092738,keep_retirement_at_63,"No, the retirement age should be raised to 65 again.",For instance the morning-after pill could result in a decrease in the use of condoms and thus lead to an increase in new infections with Aids.
different_topic,0.4919348975022633,keep_retirement_at_63,"No, the retirement age should be raised to 65 again.",As a central airport Berlin Tegel is particularly attractive for business travellers and should by all means remain operational.
different_topic,0.4662610447655121,keep_retirement_at_63,"No, the retirement age should be raised to 65 again.",Acquiring CDs with tax data of tax delinquents is therefore out of the question.
different_topic,0.38120494070260424,keep_retirement_at_63,"No, the retirement age should be raised to 65 again.",That's why intelligence services must be regulated in the framework of parliamentary oversight committees.
different_topic,0.48153308089132657,keep_retirement_at_63,"No, the retirement age should be raised to 65 again.",The morning-after pill should only be prescribed after counselling by a physician or pharmacist.
different_topic,0.45312553076517015,keep_retirement_at_63,"No, the retirement age should be raised to 65 again.",Therefore universities should not charge tuition fees in Germany.
different_topic,0.5399385160870023,keep_retirement_at_63,"No, the retirement age should be raised to 65 again.",Due to the many random factors the bachelor thesis should not play a bigger role.
same_topic,0.5743017974107162,keep_retirement_at_63,"No, the retirement age should be raised to 65 again.",Raising the relative retirement age on the basis of the physical fitness of the average citizen is fair.
different_topic,0.48105039711921443,keep_retirement_at_63,"No, the retirement age should be raised to 65 again.",For these reasons supermarkets and shopping centres should not be allowed to be open for business on arbitrary Sundays and holidays.
same_topic,0.72696397625483,keep_retirement_at_63,"No, the retirement age should be raised to 65 again.",the statutory retirement age should in the future not remain at 63 years.
different_topic,0.4812709527711074,keep_retirement_at_63,"No, the retirement age should be raised to 65 again.",That's why the statutory health insurance companies should not cover such treatments.
different_topic,0.4872291386127472,keep_retirement_at_63,"No, the retirement age should be raised to 65 again.","If however one could find a compromise between green space and housing, then Tempelhofer Feld should definitely be made available for residential construction."
different_topic,0.537289398908615,keep_retirement_at_63,"No, the retirement age should be raised to 65 again.",I argue categorically in favour of over-the-counter availability of the morning-after pill in pharmacies.
different_topic,0.48939253985881803,keep_retirement_at_63,"No, the retirement age should be raised to 65 again.",the EU should intervene right away.
same_topic,0.6605386602981337,keep_retirement_at_63,"No, the retirement age should be raised to 65 again.","Especially now, as there is a lack of skilled labour, it's irresponsible for the economy and prosperity to retire at 63."
different_topic,0.37914404743596125,keep_retirement_at_63,"No, the retirement age should be raised to 65 again.",It would be fair to make them into an Olympic event.
different_topic,0.5987363457679749,keep_retirement_at_63,"No, the retirement age should be raised to 65 again.",A cap on rent increases upon tenant change is therefore not to be supported.
different_topic,0.4867018587314166,keep_retirement_at_63,"No, the retirement age should be raised to 65 again.",Opening on Sundays and holidays would therefore help both customers and shops.
different_topic,0.43701406952106586,keep_retirement_at_63,"No, the retirement age should be raised to 65 again.",Higher penalties for dog dirt are pointless as long as there is not enough personnel to enforce them.
same_topic,0.7749226689338684,keep_retirement_at_63,"No, the retirement age should be raised to 65 again.",I am not of the opinion that the retirement age should be set at 63 years.
different_topic,0.40253409095432446,keep_retirement_at_63,"No, the retirement age should be raised to 65 again.","After the new BER Airport has been commissioned, Tegel should definitely be closed."
different_topic,0.4896303684938522,keep_retirement_at_63,"No, the retirement age should be raised to 65 again.",Not everyone should be obliged to pay the TV & radio licence.
different_topic,0.4816717168559198,keep_retirement_at_63,"No, the retirement age should be raised to 65 again.",Actually it would be justified if all German universities charged tuition fees.
different_topic,0.4532131552696228,keep_retirement_at_63,"No, the retirement age should be raised to 65 again.",Current regulations for the calculation of the total grade should therefore be maintained.
different_topic,0.5285318387406213,keep_retirement_at_63,"No, the retirement age should be raised to 65 again.",Supermarkets and shopping centres should be allowed to open on any Sundays and holidays.
different_topic,0.38814115117896686,keep_retirement_at_63,"No, the retirement age should be raised to 65 again.","Many European countries, for instance the Netherlands, Sweden and Great Britain, have already understood this and successfully adjusted the opening hours for retailers."
different_topic,0.2507937625050544,keep_retirement_at_63,"No, the retirement age should be raised to 65 again.",We don't need it.
different_topic,0.5228660980175281,keep_retirement_at_63,"No, the retirement age should be raised to 65 again.",Supermarkets and shopping centres should be allowed to open any Sundays and holidays at their discretion.
different_topic,0.5270385553439458,keep_retirement_at_63,"No, the retirement age should be raised to 65 again.","If there were higher fines for leaving dog dirt on pavements, there would presumably be less dog dirt,"
different_topic,0.6044219757119815,keep_retirement_at_63,"No, the retirement age should be raised to 65 again.",Germany should by no means introduce capital punishment.
different_topic,0.5217752302331584,keep_retirement_at_63,"No, the retirement age should be raised to 65 again.","Considering what's on television these days, it would be appropriate to only have those people pay who actually (want to) follow the programming."
different_topic,0.5070207357406616,keep_retirement_at_63,"No, the retirement age should be raised to 65 again.","If there must be rent increases, there should also be a cap to avoid nasty surprises."
different_topic,0.40066936754045035,keep_retirement_at_63,"No, the retirement age should be raised to 65 again.",German universities should on no account charge tuition fees.
different_topic,0.4927894079685211,keep_retirement_at_63,"No, the retirement age should be raised to 65 again.",Hence it is good when shops are not open on Sundays and public holidays.
different_topic,0.5856125217217666,keep_retirement_at_63,"No, the retirement age should be raised to 65 again.","Intelligence services should be more closely regulated by parliament,"
different_topic,0.358190666688116,keep_retirement_at_63,"No, the retirement age should be raised to 65 again.","BER should be re-conceptualized from scratch,"
different_topic,0.34299115758193166,keep_retirement_at_63,"No, the retirement age should be raised to 65 again.",the EU should not intervene in local politics.
same_topic,0.7750686017366556,keep_retirement_at_63,"No, the retirement age should be raised to 65 again.","The implementation of retirement at 63 is no longer socially sustainable,"
different_topic,0.6381250496568351,keep_retirement_at_63,"No, the retirement age should be raised to 65 again.",That's why there ought to be one day a week when supermarkets and shopping centres stay closed.
different_topic,0.3702022979656855,keep_retirement_at_63,"No, the retirement age should be raised to 65 again.",everyone should chip in.
different_topic,0.3523126934704028,keep_retirement_at_63,"No, the retirement age should be raised to 65 again.",The state ought to prevent murder - not avenge it.
different_topic,0.42091053465138306,keep_retirement_at_63,"No, the retirement age should be raised to 65 again.",A constant increase in rent upon a change of tenants hence cannot be desired by society.
different_topic,0.5482308657273003,keep_retirement_at_63,"No, the retirement age should be raised to 65 again.",It is quite clear that Sunday should remain a day of rest.
different_topic,0.5261886896509114,keep_retirement_at_63,"No, the retirement age should be raised to 65 again.","The BA dissertation should, if not make up the entire grade, then at least constitute a larger share of it."
different_topic,0.5503971339375884,keep_retirement_at_63,"No, the retirement age should be raised to 65 again.","Dog owners should pay higher fines for dog dirt left on pavements,"
different_topic,0.3719631632169088,keep_retirement_at_63,"No, the retirement age should be raised to 65 again.","Still, the state needs the death penalty as a deterrent to horrific crimes."
different_topic,0.5498133438925904,keep_retirement_at_63,"No, the retirement age should be raised to 65 again.",The TV license fee should only be collected from those who actually make use of the programming of the public broadcasters.
different_topic,0.5288567225138346,keep_retirement_at_63,"No, the retirement age should be raised to 65 again.",No one should have the possibility to pick up the morning-after pill over the counter at the pharmacy.
different_topic,0.4331619375281864,keep_retirement_at_63,"No, the retirement age should be raised to 65 again.",Increasing penalties is therefore the right way.
different_topic,0.4585103235746685,introduce_capital_punishment,That's why Germany should not introduce capital punishment!,A stop must be put to exorbitant rents by imposing a limit on rent increases when changing residences.
different_topic,0.4501963406801224,introduce_capital_punishment,That's why Germany should not introduce capital punishment!,A reduction in the amount of chemically produced medication per person is most certainly desirable.
different_topic,0.39810640187490554,introduce_capital_punishment,That's why Germany should not introduce capital punishment!,The statutory health insurance companies should also cover treatments with non-medical and alternative practitioners.
same_topic,0.48922205429810744,introduce_capital_punishment,That's why Germany should not introduce capital punishment!,The death penalty should be abandoned everywhere.
different_topic,0.5827245083120134,introduce_capital_punishment,That's why Germany should not introduce capital punishment!,The universities in Germany should not under any circumstances charge tuition fees.
different_topic,0.3880971868832906,introduce_capital_punishment,That's why Germany should not introduce capital punishment!,The TV/radio licence fee can only be required of all citizens/households equally.
different_topic,0.37635315741811476,introduce_capital_punishment,That's why Germany should not introduce capital punishment!,School uniforms should not be worn in our schools.
same_topic,0.8788013365119696,introduce_capital_punishment,That's why Germany should not introduce capital punishment!,"One should not re-introduce capital punishment in Germany,"
different_topic,0.4887604514757793,introduce_capital_punishment,That's why Germany should not introduce capital punishment!,There should be a higher fine for dog dirt on the pavement.
different_topic,0.5883472502231598,introduce_capital_punishment,That's why Germany should not introduce capital punishment!,"I find the peripheral housing development at Tempelhofer Feld right for urban planning reasons,"
different_topic,0.38865435549191063,introduce_capital_punishment,That's why Germany should not introduce capital punishment!,Tuition fees should not generally be charged by universities.
different_topic,0.39354327746800016,introduce_capital_punishment,That's why Germany should not introduce capital punishment!,The health insurance companies ought to be enabled to recognize a doctor's decision for natural treatment and also to cover it.
different_topic,0.6673123220602671,introduce_capital_punishment,That's why Germany should not introduce capital punishment!,Video games ought to be included in the ranks of Olympic events.
different_topic,0.6466974715391794,introduce_capital_punishment,That's why Germany should not introduce capital punishment!,"including planning abilities, reaction time, and reasoning to name but a few."
different_topic,0.38955151492899115,introduce_capital_punishment,That's why Germany should not introduce capital punishment!,The morning-after pill ought to be available over-the-counter in pharmacies.
different_topic,0.5333924372990926,introduce_capital_punishment,That's why Germany should not introduce capital punishment!,School uniforms should be introduced in our schools again.
different_topic,0.7035680378184599,introduce_capital_punishment,That's why Germany should not introduce capital punishment!,The EU should exert influence on the political events in Ukraine.
different_topic,0.5069081902503967,introduce_capital_punishment,That's why Germany should not introduce capital punishment!,There should be much higher fines for dog dirt left on pavements.
different_topic,0.4005810171365738,introduce_capital_punishment,That's why Germany should not introduce capital punishment!,Secret services must be more tightly regulated in order to prevent excessive surveillance.
different_topic,0.33972786463653815,introduce_capital_punishment,That's why Germany should not introduce capital punishment!,dispensing it without medical advice would be inappropriate.
different_topic,0.3474831581115722,introduce_capital_punishment,That's why Germany should not introduce capital punishment!,For instance the morning-after pill could result in a decrease in the use of condoms and thus lead to an increase in new infections with Aids.
different_topic,0.4431929039955139,introduce_capital_punishment,That's why Germany should not introduce capital punishment!,As a central airport Berlin Tegel is particularly attractive for business travellers and should by all means remain operational.
different_topic,0.45662336129891246,introduce_capital_punishment,That's why Germany should not introduce capital punishment!,Acquiring CDs with tax data of tax delinquents is therefore out of the question.
different_topic,0.4354839424292246,introduce_capital_punishment,That's why Germany should not introduce capital punishment!,That's why intelligence services must be regulated in the framework of parliamentary oversight committees.
different_topic,0.3886450393633409,introduce_capital_punishment,That's why Germany should not introduce capital punishment!,The morning-after pill should only be prescribed after counselling by a physician or pharmacist.
different_topic,0.647224185988307,introduce_capital_punishment,That's why Germany should not introduce capital punishment!,Therefore universities should not charge tuition fees in Germany.
different_topic,0.4987699741666968,introduce_capital_punishment,That's why Germany should not introduce capital punishment!,Due to the many random factors the bachelor thesis should not play a bigger role.
different_topic,0.34320071008470326,introduce_capital_punishment,That's why Germany should not introduce capital punishment!,Raising the relative retirement age on the basis of the physical fitness of the average citizen is fair.
different_topic,0.4604897613708789,introduce_capital_punishment,That's why Germany should not introduce capital punishment!,For these reasons supermarkets and shopping centres should not be allowed to be open for business on arbitrary Sundays and holidays.
different_topic,0.4429775817053659,introduce_capital_punishment,That's why Germany should not introduce capital punishment!,the statutory retirement age should in the future not remain at 63 years.
different_topic,0.5978726054492749,introduce_capital_punishment,That's why Germany should not introduce capital punishment!,That's why the statutory health insurance companies should not cover such treatments.
different_topic,0.5213683724403381,introduce_capital_punishment,That's why Germany should not introduce capital punishment!,"If however one could find a compromise between green space and housing, then Tempelhofer Feld should definitely be made available for residential construction."
different_topic,0.38071742534637454,introduce_capital_punishment,That's why Germany should not introduce capital punishment!,I argue categorically in favour of over-the-counter availability of the morning-after pill in pharmacies.
different_topic,0.6717121430672706,introduce_capital_punishment,That's why Germany should not introduce capital punishment!,the EU should intervene right away.
different_topic,0.38789520412683487,introduce_capital_punishment,That's why Germany should not introduce capital punishment!,"Especially now, as there is a lack of skilled labour, it's irresponsible for the economy and prosperity to retire at 63."
different_topic,0.6906820663384029,introduce_capital_punishment,That's why Germany should not introduce capital punishment!,It would be fair to make them into an Olympic event.
different_topic,0.4216477814174833,introduce_capital_punishment,That's why Germany should not introduce capital punishment!,A cap on rent increases upon tenant change is therefore not to be supported.
different_topic,0.4395188930488768,introduce_capital_punishment,That's why Germany should not introduce capital punishment!,Opening on Sundays and holidays would therefore help both customers and shops.
different_topic,0.35013130732945036,introduce_capital_punishment,That's why Germany should not introduce capital punishment!,Higher penalties for dog dirt are pointless as long as there is not enough personnel to enforce them.
different_topic,0.4590189887417687,introduce_capital_punishment,That's why Germany should not introduce capital punishment!,I am not of the opinion that the retirement age should be set at 63 years.
different_topic,0.49434931907388907,introduce_capital_punishment,That's why Germany should not introduce capital punishment!,"After the new BER Airport has been commissioned, Tegel should definitely be closed."
different_topic,0.5904353931546211,introduce_capital_punishment,That's why Germany should not introduce capital punishment!,Not everyone should be obliged to pay the TV & radio licence.
different_topic,0.6125241981612312,introduce_capital_punishment,That's why Germany should not introduce capital punishment!,Actually it would be justified if all German universities charged tuition fees.
different_topic,0.5608961582183838,introduce_capital_punishment,That's why Germany should not introduce capital punishment!,Current regulations for the calculation of the total grade should therefore be maintained.
different_topic,0.42268161929172016,introduce_capital_punishment,That's why Germany should not introduce capital punishment!,Supermarkets and shopping centres should be allowed to open on any Sundays and holidays.
different_topic,0.44010751588003977,introduce_capital_punishment,That's why Germany should not introduce capital punishment!,"Many European countries, for instance the Netherlands, Sweden and Great Britain, have already understood this and successfully adjusted the opening hours for retailers."
same_topic,0.36071776260029187,introduce_capital_punishment,That's why Germany should not introduce capital punishment!,We don't need it.
different_topic,0.40506988515456516,introduce_capital_punishment,That's why Germany should not introduce capital punishment!,Supermarkets and shopping centres should be allowed to open any Sundays and holidays at their discretion.
different_topic,0.41048951625823976,introduce_capital_punishment,That's why Germany should not introduce capital punishment!,"If there were higher fines for leaving dog dirt on pavements, there would presumably be less dog dirt,"
same_topic,0.7825487161937513,introduce_capital_punishment,That's why Germany should not introduce capital punishment!,Germany should by no means introduce capital punishment.
different_topic,0.44442247566969495,introduce_capital_punishment,That's why Germany should not introduce capital punishment!,"Considering what's on television these days, it would be appropriate to only have those people pay who actually (want to) follow the programming."
different_topic,0.4635578036308289,introduce_capital_punishment,That's why Germany should not introduce capital punishment!,"If there must be rent increases, there should also be a cap to avoid nasty surprises."
different_topic,0.5568033438175917,introduce_capital_punishment,That's why Germany should not introduce capital punishment!,German universities should on no account charge tuition fees.
different_topic,0.49588318616151805,introduce_capital_punishment,That's why Germany should not introduce capital punishment!,Hence it is good when shops are not open on Sundays and public holidays.
different_topic,0.5480531936600095,introduce_capital_punishment,That's why Germany should not introduce capital punishment!,"Intelligence services should be more closely regulated by parliament,"
different_topic,0.5317315352814538,introduce_capital_punishment,That's why Germany should not introduce capital punishment!,"BER should be re-conceptualized from scratch,"
different_topic,0.6114927572863442,introduce_capital_punishment,That's why Germany should not introduce capital punishment!,the EU should not intervene in local politics.
different_topic,0.4385140453066145,introduce_capital_punishment,That's why Germany should not introduce capital punishment!,"The implementation of retirement at 63 is no longer socially sustainable,"
different_topic,0.4982889170447985,introduce_capital_punishment,That's why Germany should not introduce capital punishment!,That's why there ought to be one day a week when supermarkets and shopping centres stay closed.
different_topic,0.3693539465849216,introduce_capital_punishment,That's why Germany should not introduce capital punishment!,everyone should chip in.
same_topic,0.4627872407436371,introduce_capital_punishment,That's why Germany should not introduce capital punishment!,The state ought to prevent murder - not avenge it.
different_topic,0.4543318119313982,introduce_capital_punishment,That's why Germany should not introduce capital punishment!,A constant increase in rent upon a change of tenants hence cannot be desired by society.
different_topic,0.5398094637526406,introduce_capital_punishment,That's why Germany should not introduce capital punishment!,It is quite clear that Sunday should remain a day of rest.
different_topic,0.45678311373506275,introduce_capital_punishment,That's why Germany should not introduce capital punishment!,"The BA dissertation should, if not make up the entire grade, then at least constitute a larger share of it."
different_topic,0.447873129086061,introduce_capital_punishment,That's why Germany should not introduce capital punishment!,"Dog owners should pay higher fines for dog dirt left on pavements,"
same_topic,0.5194468833506107,introduce_capital_punishment,That's why Germany should not introduce capital punishment!,"Still, the state needs the death penalty as a deterrent to horrific crimes."
different_topic,0.48529627209617976,introduce_capital_punishment,That's why Germany should not introduce capital punishment!,The TV license fee should only be collected from those who actually make use of the programming of the public broadcasters.
different_topic,0.45170026540756225,introduce_capital_punishment,That's why Germany should not introduce capital punishment!,No one should have the possibility to pick up the morning-after pill over the counter at the pharmacy.
different_topic,0.5824834291751569,introduce_capital_punishment,That's why Germany should not introduce capital punishment!,Increasing penalties is therefore the right way.
different_topic,0.5109694626020348,cap_rent_increases,A stop must be put to exorbitant rents by imposing a limit on rent increases when changing residences.,A reduction in the amount of chemically produced medication per person is most certainly desirable.
different_topic,0.42597559839487076,cap_rent_increases,A stop must be put to exorbitant rents by imposing a limit on rent increases when changing residences.,The statutory health insurance companies should also cover treatments with non-medical and alternative practitioners.
different_topic,0.29254547879099846,cap_rent_increases,A stop must be put to exorbitant rents by imposing a limit on rent increases when changing residences.,The death penalty should be abandoned everywhere.
different_topic,0.5669406822749546,cap_rent_increases,A stop must be put to exorbitant rents by imposing a limit on rent increases when changing residences.,The universities in Germany should not under any circumstances charge tuition fees.
different_topic,0.4758887576560179,cap_rent_increases,A stop must be put to exorbitant rents by imposing a limit on rent increases when changing residences.,The TV/radio licence fee can only be required of all citizens/households equally.
different_topic,0.2614271149915807,cap_rent_increases,A stop must be put to exorbitant rents by imposing a limit on rent increases when changing residences.,School uniforms should not be worn in our schools.
different_topic,0.42732634356147364,cap_rent_increases,A stop must be put to exorbitant rents by imposing a limit on rent increases when changing residences.,"One should not re-introduce capital punishment in Germany,"
different_topic,0.43845588465531665,cap_rent_increases,A stop must be put to exorbitant rents by imposing a limit on rent increases when changing residences.,There should be a higher fine for dog dirt on the pavement.
different_topic,0.4656037208826646,cap_rent_increases,A stop must be put to exorbitant rents by imposing a limit on rent increases when changing residences.,"I find the peripheral housing development at Tempelhofer Feld right for urban planning reasons,"
different_topic,0.37813836336135864,cap_rent_increases,A stop must be put to exorbitant rents by imposing a limit on rent increases when changing residences.,Tuition fees should not generally be charged by universities.
different_topic,0.41158842792113626,cap_rent_increases,A stop must be put to exorbitant rents by imposing a limit on rent increases when changing residences.,The health insurance companies ought to be enabled to recognize a doctor's decision for natural treatment and also to cover it.
different_topic,0.3762828893959522,cap_rent_increases,A stop must be put to exorbitant rents by imposing a limit on rent increases when changing residences.,Video games ought to be included in the ranks of Olympic events.
different_topic,0.4580935112067631,cap_rent_increases,A stop must be put to exorbitant rents by imposing a limit on rent increases when changing residences.,"including planning abilities, reaction time, and reasoning to name but a few."
different_topic,0.3596596163511276,cap_rent_increases,A stop must be put to exorbitant rents by imposing a limit on rent increases when changing residences.,The morning-after pill ought to be available over-the-counter in pharmacies.
different_topic,0.35535481737719643,cap_rent_increases,A stop must be put to exorbitant rents by imposing a limit on rent increases when changing residences.,School uniforms should be introduced in our schools again.
different_topic,0.4207884564995765,cap_rent_increases,A stop must be put to exorbitant rents by imposing a limit on rent increases when changing residences.,The EU should exert influence on the political events in Ukraine.
different_topic,0.4716359791548356,cap_rent_increases,A stop must be put to exorbitant rents by imposing a limit on rent increases when changing residences.,There should be much higher fines for dog dirt left on pavements.
different_topic,0.481405835274769,cap_rent_increases,A stop must be put to exorbitant rents by imposing a limit on rent increases when changing residences.,Secret services must be more tightly regulated in order to prevent excessive surveillance.
different_topic,0.2846180088818073,cap_rent_increases,A stop must be put to exorbitant rents by imposing a limit on rent increases when changing residences.,dispensing it without medical advice would be inappropriate.
different_topic,0.4149750512221764,cap_rent_increases,A stop must be put to exorbitant rents by imposing a limit on rent increases when changing residences.,For instance the morning-after pill could result in a decrease in the use of condoms and thus lead to an increase in new infections with Aids.
different_topic,0.334010688321931,cap_rent_increases,A stop must be put to exorbitant rents by imposing a limit on rent increases when changing residences.,As a central airport Berlin Tegel is particularly attractive for business travellers and should by all means remain operational.
different_topic,0.5200466974215074,cap_rent_increases,A stop must be put to exorbitant rents by imposing a limit on rent increases when changing residences.,Acquiring CDs with tax data of tax delinquents is therefore out of the question.
different_topic,0.4775694126174563,cap_rent_increases,A stop must be put to exorbitant rents by imposing a limit on rent increases when changing residences.,That's why intelligence services must be regulated in the framework of parliamentary oversight committees.
different_topic,0.39479578733444215,cap_rent_increases,A stop must be put to exorbitant rents by imposing a limit on rent increases when changing residences.,The morning-after pill should only be prescribed after counselling by a physician or pharmacist.
different_topic,0.5070362592998304,cap_rent_increases,A stop must be put to exorbitant rents by imposing a limit on rent increases when changing residences.,Therefore universities should not charge tuition fees in Germany.
different_topic,0.48297763109207154,cap_rent_increases,A stop must be put to exorbitant rents by imposing a limit on rent increases when changing residences.,Due to the many random factors the bachelor thesis should not play a bigger role.
different_topic,0.4150174799419585,cap_rent_increases,A stop must be put to exorbitant rents by imposing a limit on rent increases when changing residences.,Raising the relative retirement age on the basis of the physical fitness of the average citizen is fair.
different_topic,0.4500439167022705,cap_rent_increases,A stop must be put to exorbitant rents by imposing a limit on rent increases when changing residences.,For these reasons supermarkets and shopping centres should not be allowed to be open for business on arbitrary Sundays and holidays.
different_topic,0.4862356508771578,cap_rent_increases,A stop must be put to exorbitant rents by imposing a limit on rent increases when changing residences.,the statutory retirement age should in the future not remain at 63 years.
different_topic,0.4757684242318977,cap_rent_increases,A stop must be put to exorbitant rents by imposing a limit on rent increases when changing residences.,That's why the statutory health insurance companies should not cover such treatments.
different_topic,0.438546216913632,cap_rent_increases,A stop must be put to exorbitant rents by imposing a limit on rent increases when changing residences.,"If however one could find a compromise between green space and housing, then Tempelhofer Feld should definitely be made available for residential construction."
different_topic,0.3616735296589988,cap_rent_increases,A stop must be put to exorbitant rents by imposing a limit on rent increases when changing residences.,I argue categorically in favour of over-the-counter availability of the morning-after pill in pharmacies.
different_topic,0.36241653478807867,cap_rent_increases,A stop must be put to exorbitant rents by imposing a limit on rent increases when changing residences.,the EU should intervene right away.
different_topic,0.45244141750865513,cap_rent_increases,A stop must be put to exorbitant rents by imposing a limit on rent increases when changing residences.,"Especially now, as there is a lack of skilled labour, it's irresponsible for the economy and prosperity to retire at 63."
different_topic,0.4123765317832722,cap_rent_increases,A stop must be put to exorbitant rents by imposing a limit on rent increases when changing residences.,It would be fair to make them into an Olympic event.
same_topic,0.5859941250334183,cap_rent_increases,A stop must be put to exorbitant rents by imposing a limit on rent increases when changing residences.,A cap on rent increases upon tenant change is therefore not to be supported.
different_topic,0.43387998888889945,cap_rent_increases,A stop must be put to exorbitant rents by imposing a limit on rent increases when changing residences.,Opening on Sundays and holidays would therefore help both customers and shops.
different_topic,0.3640665094698629,cap_rent_increases,A stop must be put to exorbitant rents by imposing a limit on rent increases when changing residences.,Higher penalties for dog dirt are pointless as long as there is not enough personnel to enforce them.
different_topic,0.43987334271272027,cap_rent_increases,A stop must be put to exorbitant rents by imposing a limit on rent increases when changing residences.,I am not of the opinion that the retirement age should be set at 63 years.
different_topic,0.3849240257626488,cap_rent_increases,A stop must be put to exorbitant rents by imposing a limit on rent increases when changing residences.,"After the new BER Airport has been commissioned, Tegel should definitely be closed."
different_topic,0.39356628530903864,cap_rent_increases,A stop must be put to exorbitant rents by imposing a limit on rent increases when changing residences.,Not everyone should be obliged to pay the TV & radio licence.
different_topic,0.5610683574562981,cap_rent_increases,A stop must be put to exorbitant rents by imposing a limit on rent increases when changing residences.,Actually it would be justified if all German universities charged tuition fees.
different_topic,0.4531124547908181,cap_rent_increases,A stop must be put to exorbitant rents by imposing a limit on rent increases when changing residences.,Current regulations for the calculation of the total grade should therefore be maintained.
different_topic,0.45189649898272294,cap_rent_increases,A stop must be put to exorbitant rents by imposing a limit on rent increases when changing residences.,Supermarkets and shopping centres should be allowed to open on any Sundays and holidays.
different_topic,0.3317088177127223,cap_rent_increases,A stop must be put to exorbitant rents by imposing a limit on rent increases when changing residences.,"Many European countries, for instance the Netherlands, Sweden and Great Britain, have already understood this and successfully adjusted the opening hours for retailers."
different_topic,0.26723068526812965,cap_rent_increases,A stop must be put to exorbitant rents by imposing a limit on rent increases when changing residences.,We don't need it.
different_topic,0.4427260348090419,cap_rent_increases,A stop must be put to exorbitant rents by imposing a limit on rent increases when changing residences.,Supermarkets and shopping centres should be allowed to open any Sundays and holidays at their discretion.
different_topic,0.4157867963824954,cap_rent_increases,A stop must be put to exorbitant rents by imposing a limit on rent increases when changing residences.,"If there were higher fines for leaving dog dirt on pavements, there would presumably be less dog dirt,"
different_topic,0.3980540538376028,cap_rent_increases,A stop must be put to exorbitant rents by imposing a limit on rent increases when changing residences.,Germany should by no means introduce capital punishment.
different_topic,0.4910215024764721,cap_rent_increases,A stop must be put to exorbitant rents by imposing a limit on rent increases when changing residences.,"Considering what's on television these days, it would be appropriate to only have those people pay who actually (want to) follow the programming."
same_topic,0.6145421435003694,cap_rent_increases,A stop must be put to exorbitant rents by imposing a limit on rent increases when changing residences.,"If there must be rent increases, there should also be a cap to avoid nasty surprises."
different_topic,0.44192772790005336,cap_rent_increases,A stop must be put to exorbitant rents by imposing a limit on rent increases when changing residences.,German universities should on no account charge tuition fees.
different_topic,0.4432507448870203,cap_rent_increases,A stop must be put to exorbitant rents by imposing a limit on rent increases when changing residences.,Hence it is good when shops are not open on Sundays and public holidays.
different_topic,0.4350205088655154,cap_rent_increases,A stop must be put to exorbitant rents by imposing a limit on rent increases when changing residences.,"Intelligence services should be more closely regulated by parliament,"
different_topic,0.31158628007944894,cap_rent_increases,A stop must be put to exorbitant rents by imposing a limit on rent increases when changing residences.,"BER should be re-conceptualized from scratch,"
different_topic,0.30722880714079914,cap_rent_increases,A stop must be put to exorbitant rents by imposing a limit on rent increases when changing residences.,the EU should not intervene in local politics.
different_topic,0.46914122998714447,cap_rent_increases,A stop must be put to exorbitant rents by imposing a limit on rent increases when changing residences.,"The implementation of retirement at 63 is no longer socially sustainable,"
different_topic,0.4735861199873465,cap_rent_increases,A stop must be put to exorbitant rents by imposing a limit on rent increases when changing residences.,That's why there ought to be one day a week when supermarkets and shopping centres stay closed.
different_topic,0.26388625148683786,cap_rent_increases,A stop must be put to exorbitant rents by imposing a limit on rent increases when changing residences.,everyone should chip in.
different_topic,0.3168659105020411,cap_rent_increases,A stop must be put to exorbitant rents by imposing a limit on rent increases when changing residences.,The state ought to prevent murder - not avenge it.
same_topic,0.6807019171260652,cap_rent_increases,A stop must be put to exorbitant rents by imposing a limit on rent increases when changing residences.,A constant increase in rent upon a change of tenants hence cannot be desired by society.
different_topic,0.38963490582647775,cap_rent_increases,A stop must be put to exorbitant rents by imposing a limit on rent increases when changing residences.,It is quite clear that Sunday should remain a day of rest.
different_topic,0.420537285266384,cap_rent_increases,A stop must be put to exorbitant rents by imposing a limit on rent increases when changing residences.,"The BA dissertation should, if not make up the entire grade, then at least constitute a larger share of it."
different_topic,0.4570713484287262,cap_rent_increases,A stop must be put to exorbitant rents by imposing a limit on rent increases when changing residences.,"Dog owners should pay higher fines for dog dirt left on pavements,"
different_topic,0.3752805841596503,cap_rent_increases,A stop must be put to exorbitant rents by imposing a limit on rent increases when changing residences.,"Still, the state needs the death penalty as a deterrent to horrific crimes."
different_topic,0.5039755863447983,cap_rent_increases,A stop must be put to exorbitant rents by imposing a limit on rent increases when changing residences.,The TV license fee should only be collected from those who actually make use of the programming of the public broadcasters.
different_topic,0.37727784684726173,cap_rent_increases,A stop must be put to exorbitant rents by imposing a limit on rent increases when changing residences.,No one should have the possibility to pick up the morning-after pill over the counter at the pharmacy.
different_topic,0.4815830029547214,cap_rent_increases,A stop must be put to exorbitant rents by imposing a limit on rent increases when changing residences.,Increasing penalties is therefore the right way.
same_topic,0.44913447067141526,health_insurance_cover_complementary_medicine,A reduction in the amount of chemically produced medication per person is most certainly desirable.,The statutory health insurance companies should also cover treatments with non-medical and alternative practitioners.
different_topic,0.20891251984764547,health_insurance_cover_complementary_medicine,A reduction in the amount of chemically produced medication per person is most certainly desirable.,The death penalty should be abandoned everywhere.
different_topic,0.414777860045433,health_insurance_cover_complementary_medicine,A reduction in the amount of chemically produced medication per person is most certainly desirable.,The universities in Germany should not under any circumstances charge tuition fees.
different_topic,0.500397721529007,health_insurance_cover_complementary_medicine,A reduction in the amount of chemically produced medication per person is most certainly desirable.,The TV/radio licence fee can only be required of all citizens/households equally.
different_topic,0.3224080469873217,health_insurance_cover_complementary_medicine,A reduction in the amount of chemically produced medication per person is most certainly desirable.,School uniforms should not be worn in our schools.
different_topic,0.3806324273347855,health_insurance_cover_complementary_medicine,A reduction in the amount of chemically produced medication per person is most certainly desirable.,"One should not re-introduce capital punishment in Germany,"
different_topic,0.530881400812756,health_insurance_cover_complementary_medicine,A reduction in the amount of chemically produced medication per person is most certainly desirable.,There should be a higher fine for dog dirt on the pavement.
different_topic,0.4140786702434222,health_insurance_cover_complementary_medicine,A reduction in the amount of chemically produced medication per person is most certainly desirable.,"I find the peripheral housing development at Tempelhofer Feld right for urban planning reasons,"
different_topic,0.2841499530606799,health_insurance_cover_complementary_medicine,A reduction in the amount of chemically produced medication per person is most certainly desirable.,Tuition fees should not generally be charged by universities.
same_topic,0.47165967151522636,health_insurance_cover_complementary_medicine,A reduction in the amount of chemically produced medication per person is most certainly desirable.,The health insurance companies ought to be enabled to recognize a doctor's decision for natural treatment and also to cover it.
different_topic,0.35774572428904083,health_insurance_cover_complementary_medicine,A reduction in the amount of chemically produced medication per person is most certainly desirable.,Video games ought to be included in the ranks of Olympic events.
different_topic,0.45709440112113947,health_insurance_cover_complementary_medicine,A reduction in the amount of chemically produced medication per person is most certainly desirable.,"including planning abilities, reaction time, and reasoning to name but a few."
different_topic,0.48586440315613383,health_insurance_cover_complementary_medicine,A reduction in the amount of chemically produced medication per person is most certainly desirable.,The morning-after pill ought to be available over-the-counter in pharmacies.
different_topic,0.4096285136122453,health_insurance_cover_complementary_medicine,A reduction in the amount of chemically produced medication per person is most certainly desirable.,School uniforms should be introduced in our schools again.
different_topic,0.40826777333305,health_insurance_cover_complementary_medicine,A reduction in the amount of chemically produced medication per person is most certainly desirable.,The EU should exert influence on the political events in Ukraine.
different_topic,0.5322442576289177,health_insurance_cover_complementary_medicine,A reduction in the amount of chemically produced medication per person is most certainly desirable.,There should be much higher fines for dog dirt left on pavements.
different_topic,0.49307177898784477,health_insurance_cover_complementary_medicine,A reduction in the amount of chemically produced medication per person is most certainly desirable.,Secret services must be more tightly regulated in order to prevent excessive surveillance.
different_topic,0.30141279495814266,health_insurance_cover_complementary_medicine,A reduction in the amount of chemically produced medication per person is most certainly desirable.,dispensing it without medical advice would be inappropriate.
different_topic,0.5401948233445485,health_insurance_cover_complementary_medicine,A reduction in the amount of chemically produced medication per person is most certainly desirable.,For instance the morning-after pill could result in a decrease in the use of condoms and thus lead to an increase in new infections with Aids.
different_topic,0.509499216901845,health_insurance_cover_complementary_medicine,A reduction in the amount of chemically produced medication per person is most certainly desirable.,As a central airport Berlin Tegel is particularly attractive for business travellers and should by all means remain operational.
different_topic,0.47410384727560956,health_insurance_cover_complementary_medicine,A reduction in the amount of chemically produced medication per person is most certainly desirable.,Acquiring CDs with tax data of tax delinquents is therefore out of the question.
different_topic,0.34105969152667304,health_insurance_cover_complementary_medicine,A reduction in the amount of chemically produced medication per person is most certainly desirable.,That's why intelligence services must be regulated in the framework of parliamentary oversight committees.
different_topic,0.5611845610233454,health_insurance_cover_complementary_medicine,A reduction in the amount of chemically produced medication per person is most certainly desirable.,The morning-after pill should only be prescribed after counselling by a physician or pharmacist.
different_topic,0.3406600669026375,health_insurance_cover_complementary_medicine,A reduction in the amount of chemically produced medication per person is most certainly desirable.,Therefore universities should not charge tuition fees in Germany.
different_topic,0.5304201692342758,health_insurance_cover_complementary_medicine,A reduction in the amount of chemically produced medication per person is most certainly desirable.,Due to the many random factors the bachelor thesis should not play a bigger role.
different_topic,0.45644081180745905,health_insurance_cover_complementary_medicine,A reduction in the amount of chemically produced medication per person is most certainly desirable.,Raising the relative retirement age on the basis of the physical fitness of the average citizen is fair.
different_topic,0.4437697251637776,health_insurance_cover_complementary_medicine,A reduction in the amount of chemically produced medication per person is most certainly desirable.,For these reasons supermarkets and shopping centres should not be allowed to be open for business on arbitrary Sundays and holidays.
different_topic,0.6558606791496276,health_insurance_cover_complementary_medicine,A reduction in the amount of chemically produced medication per person is most certainly desirable.,the statutory retirement age should in the future not remain at 63 years.
same_topic,0.46543627977371216,health_insurance_cover_complementary_medicine,A reduction in the amount of chemically produced medication per person is most certainly desirable.,That's why the statutory health insurance companies should not cover such treatments.
different_topic,0.4656745698945276,health_insurance_cover_complementary_medicine,A reduction in the amount of chemically produced medication per person is most certainly desirable.,"If however one could find a compromise between green space and housing, then Tempelhofer Feld should definitely be made available for residential construction."
different_topic,0.467156445157939,health_insurance_cover_complementary_medicine,A reduction in the amount of chemically produced medication per person is most certainly desirable.,I argue categorically in favour of over-the-counter availability of the morning-after pill in pharmacies.
different_topic,0.43770700065713186,health_insurance_cover_complementary_medicine,A reduction in the amount of chemically produced medication per person is most certainly desirable.,the EU should intervene right away.
different_topic,0.5245270643915448,health_insurance_cover_complementary_medicine,A reduction in the amount of chemically produced medication per person is most certainly desirable.,"Especially now, as there is a lack of skilled labour, it's irresponsible for the economy and prosperity to retire at 63."
different_topic,0.3684448533587986,health_insurance_cover_complementary_medicine,A reduction in the amount of chemically produced medication per person is most certainly desirable.,It would be fair to make them into an Olympic event.
different_topic,0.5436031532287599,health_insurance_cover_complementary_medicine,A reduction in the amount of chemically produced medication per person is most certainly desirable.,A cap on rent increases upon tenant change is therefore not to be supported.
different_topic,0.5371524727344513,health_insurance_cover_complementary_medicine,A reduction in the amount of chemically produced medication per person is most certainly desirable.,Opening on Sundays and holidays would therefore help both customers and shops.
different_topic,0.42306656856089825,health_insurance_cover_complementary_medicine,A reduction in the amount of chemically produced medication per person is most certainly desirable.,Higher penalties for dog dirt are pointless as long as there is not enough personnel to enforce them.
different_topic,0.4893066002563997,health_insurance_cover_complementary_medicine,A reduction in the amount of chemically produced medication per person is most certainly desirable.,I am not of the opinion that the retirement age should be set at 63 years.
different_topic,0.3835821192372929,health_insurance_cover_complementary_medicine,A reduction in the amount of chemically produced medication per person is most certainly desirable.,"After the new BER Airport has been commissioned, Tegel should definitely be closed."
different_topic,0.33101775795221333,health_insurance_cover_complementary_medicine,A reduction in the amount of chemically produced medication per person is most certainly desirable.,Not everyone should be obliged to pay the TV & radio licence.
different_topic,0.42212706668810407,health_insurance_cover_complementary_medicine,A reduction in the amount of chemically produced medication per person is most certainly desirable.,Actually it would be justified if all German universities charged tuition fees.
different_topic,0.45776490271091463,health_insurance_cover_complementary_medicine,A reduction in the amount of chemically produced medication per person is most certainly desirable.,Current regulations for the calculation of the total grade should therefore be maintained.
different_topic,0.561692703653265,health_insurance_cover_complementary_medicine,A reduction in the amount of chemically produced medication per person is most certainly desirable.,Supermarkets and shopping centres should be allowed to open on any Sundays and holidays.
different_topic,0.3479458643123508,health_insurance_cover_complementary_medicine,A reduction in the amount of chemically produced medication per person is most certainly desirable.,"Many European countries, for instance the Netherlands, Sweden and Great Britain, have already understood this and successfully adjusted the opening hours for retailers."
different_topic,0.19444644053777058,health_insurance_cover_complementary_medicine,A reduction in the amount of chemically produced medication per person is most certainly desirable.,We don't need it.
different_topic,0.5416322499513627,health_insurance_cover_complementary_medicine,A reduction in the amount of chemically produced medication per person is most certainly desirable.,Supermarkets and shopping centres should be allowed to open any Sundays and holidays at their discretion.
different_topic,0.4674150902649452,health_insurance_cover_complementary_medicine,A reduction in the amount of chemically produced medication per person is most certainly desirable.,"If there were higher fines for leaving dog dirt on pavements, there would presumably be less dog dirt,"
different_topic,0.5409509772839753,health_insurance_cover_complementary_medicine,A reduction in the amount of chemically produced medication per person is most certainly desirable.,Germany should by no means introduce capital punishment.
different_topic,0.49568864813557384,health_insurance_cover_complementary_medicine,A reduction in the amount of chemically produced medication per person is most certainly desirable.,"Considering what's on television these days, it would be appropriate to only have those people pay who actually (want to) follow the programming."
different_topic,0.5727318624655405,health_insurance_cover_complementary_medicine,A reduction in the amount of chemically produced medication per person is most certainly desirable.,"If there must be rent increases, there should also be a cap to avoid nasty surprises."
different_topic,0.335016842186451,health_insurance_cover_complementary_medicine,A reduction in the amount of chemically produced medication per person is most certainly desirable.,German universities should on no account charge tuition fees.
different_topic,0.4896633249397079,health_insurance_cover_complementary_medicine,A reduction in the amount of chemically produced medication per person is most certainly desirable.,Hence it is good when shops are not open on Sundays and public holidays.
different_topic,0.5345910900831222,health_insurance_cover_complementary_medicine,A reduction in the amount of chemically produced medication per person is most certainly desirable.,"Intelligence services should be more closely regulated by parliament,"
different_topic,0.3016069266531202,health_insurance_cover_complementary_medicine,A reduction in the amount of chemically produced medication per person is most certainly desirable.,"BER should be re-conceptualized from scratch,"
different_topic,0.33074410756429035,health_insurance_cover_complementary_medicine,A reduction in the amount of chemically produced medication per person is most certainly desirable.,the EU should not intervene in local politics.
different_topic,0.558635160923004,health_insurance_cover_complementary_medicine,A reduction in the amount of chemically produced medication per person is most certainly desirable.,"The implementation of retirement at 63 is no longer socially sustainable,"
different_topic,0.5800468240465436,health_insurance_cover_complementary_medicine,A reduction in the amount of chemically produced medication per person is most certainly desirable.,That's why there ought to be one day a week when supermarkets and shopping centres stay closed.
different_topic,0.335086044143228,health_insurance_cover_complementary_medicine,A reduction in the amount of chemically produced medication per person is most certainly desirable.,everyone should chip in.
different_topic,0.2766304653551844,health_insurance_cover_complementary_medicine,A reduction in the amount of chemically produced medication per person is most certainly desirable.,The state ought to prevent murder - not avenge it.
different_topic,0.5393582338636572,health_insurance_cover_complementary_medicine,A reduction in the amount of chemically produced medication per person is most certainly desirable.,A constant increase in rent upon a change of tenants hence cannot be desired by society.
different_topic,0.5404478006742217,health_insurance_cover_complementary_medicine,A reduction in the amount of chemically produced medication per person is most certainly desirable.,It is quite clear that Sunday should remain a day of rest.
different_topic,0.5031229620799422,health_insurance_cover_complementary_medicine,A reduction in the amount of chemically produced medication per person is most certainly desirable.,"The BA dissertation should, if not make up the entire grade, then at least constitute a larger share of it."
different_topic,0.5667800547984929,health_insurance_cover_complementary_medicine,A reduction in the amount of chemically produced medication per person is most certainly desirable.,"Dog owners should pay higher fines for dog dirt left on pavements,"
different_topic,0.30442412942647934,health_insurance_cover_complementary_medicine,A reduction in the amount of chemically produced medication per person is most certainly desirable.,"Still, the state needs the death penalty as a deterrent to horrific crimes."
different_topic,0.5313952994346619,health_insurance_cover_complementary_medicine,A reduction in the amount of chemically produced medication per person is most certainly desirable.,The TV license fee should only be collected from those who actually make use of the programming of the public broadcasters.
different_topic,0.4824615840254159,health_insurance_cover_complementary_medicine,A reduction in the amount of chemically produced medication per person is most certainly desirable.,No one should have the possibility to pick up the morning-after pill over the counter at the pharmacy.
different_topic,0.3404700685949887,health_insurance_cover_complementary_medicine,A reduction in the amount of chemically produced medication per person is most certainly desirable.,Increasing penalties is therefore the right way.
different_topic,0.2688398063182831,health_insurance_cover_complementary_medicine,The statutory health insurance companies should also cover treatments with non-medical and alternative practitioners.,The death penalty should be abandoned everywhere.
different_topic,0.4071499143281709,health_insurance_cover_complementary_medicine,The statutory health insurance companies should also cover treatments with non-medical and alternative practitioners.,The universities in Germany should not under any circumstances charge tuition fees.
different_topic,0.41976434680131763,health_insurance_cover_complementary_medicine,The statutory health insurance companies should also cover treatments with non-medical and alternative practitioners.,The TV/radio licence fee can only be required of all citizens/households equally.
different_topic,0.29956277734354925,health_insurance_cover_complementary_medicine,The statutory health insurance companies should also cover treatments with non-medical and alternative practitioners.,School uniforms should not be worn in our schools.
different_topic,0.386546512444814,health_insurance_cover_complementary_medicine,The statutory health insurance companies should also cover treatments with non-medical and alternative practitioners.,"One should not re-introduce capital punishment in Germany,"
different_topic,0.413739482993665,health_insurance_cover_complementary_medicine,The statutory health insurance companies should also cover treatments with non-medical and alternative practitioners.,There should be a higher fine for dog dirt on the pavement.
different_topic,0.4092418241500854,health_insurance_cover_complementary_medicine,The statutory health insurance companies should also cover treatments with non-medical and alternative practitioners.,"I find the peripheral housing development at Tempelhofer Feld right for urban planning reasons,"
different_topic,0.27459207961433807,health_insurance_cover_complementary_medicine,The statutory health insurance companies should also cover treatments with non-medical and alternative practitioners.,Tuition fees should not generally be charged by universities.
same_topic,0.7934035612986639,health_insurance_cover_complementary_medicine,The statutory health insurance companies should also cover treatments with non-medical and alternative practitioners.,The health insurance companies ought to be enabled to recognize a doctor's decision for natural treatment and also to cover it.
different_topic,0.32470238804817203,health_insurance_cover_complementary_medicine,The statutory health insurance companies should also cover treatments with non-medical and alternative practitioners.,Video games ought to be included in the ranks of Olympic events.
different_topic,0.41013431030771,health_insurance_cover_complementary_medicine,The statutory health insurance companies should also cover treatments with non-medical and alternative practitioners.,"including planning abilities, reaction time, and reasoning to name but a few."
different_topic,0.4035244429552996,health_insurance_cover_complementary_medicine,The statutory health insurance companies should also cover treatments with non-medical and alternative practitioners.,The morning-after pill ought to be available over-the-counter in pharmacies.
different_topic,0.36683976352214814,health_insurance_cover_complementary_medicine,The statutory health insurance companies should also cover treatments with non-medical and alternative practitioners.,School uniforms should be introduced in our schools again.
different_topic,0.39370402693748474,health_insurance_cover_complementary_medicine,The statutory health insurance companies should also cover treatments with non-medical and alternative practitioners.,The EU should exert influence on the political events in Ukraine.
different_topic,0.4218751640617847,health_insurance_cover_complementary_medicine,The statutory health insurance companies should also cover treatments with non-medical and alternative practitioners.,There should be much higher fines for dog dirt left on pavements.
different_topic,0.39164385139942176,health_insurance_cover_complementary_medicine,The statutory health insurance companies should also cover treatments with non-medical and alternative practitioners.,Secret services must be more tightly regulated in order to prevent excessive surveillance.
different_topic,0.2985105858080917,health_insurance_cover_complementary_medicine,The statutory health insurance companies should also cover treatments with non-medical and alternative practitioners.,dispensing it without medical advice would be inappropriate.
different_topic,0.4721355303641288,health_insurance_cover_complementary_medicine,The statutory health insurance companies should also cover treatments with non-medical and alternative practitioners.,For instance the morning-after pill could result in a decrease in the use of condoms and thus lead to an increase in new infections with Aids.
different_topic,0.4441813290119171,health_insurance_cover_complementary_medicine,The statutory health insurance companies should also cover treatments with non-medical and alternative practitioners.,As a central airport Berlin Tegel is particularly attractive for business travellers and should by all means remain operational.
different_topic,0.40681053573886555,health_insurance_cover_complementary_medicine,The statutory health insurance companies should also cover treatments with non-medical and alternative practitioners.,Acquiring CDs with tax data of tax delinquents is therefore out of the question.
different_topic,0.38017659472382587,health_insurance_cover_complementary_medicine,The statutory health insurance companies should also cover treatments with non-medical and alternative practitioners.,That's why intelligence services must be regulated in the framework of parliamentary oversight committees.
different_topic,0.4536358857596362,health_insurance_cover_complementary_medicine,The statutory health insurance companies should also cover treatments with non-medical and alternative practitioners.,The morning-after pill should only be prescribed after counselling by a physician or pharmacist.
different_topic,0.343064322358086,health_insurance_cover_complementary_medicine,The statutory health insurance companies should also cover treatments with non-medical and alternative practitioners.,Therefore universities should not charge tuition fees in Germany.
different_topic,0.462062641426369,health_insurance_cover_complementary_medicine,The statutory health insurance companies should also cover treatments with non-medical and alternative practitioners.,Due to the many random factors the bachelor thesis should not play a bigger role.
different_topic,0.3663989564646845,health_insurance_cover_complementary_medicine,The statutory health insurance companies should also cover treatments with non-medical and alternative practitioners.,Raising the relative retirement age on the basis of the physical fitness of the average citizen is fair.
different_topic,0.44625241910257646,health_insurance_cover_complementary_medicine,The statutory health insurance companies should also cover treatments with non-medical and alternative practitioners.,For these reasons supermarkets and shopping centres should not be allowed to be open for business on arbitrary Sundays and holidays.
different_topic,0.4668456037313892,health_insurance_cover_complementary_medicine,The statutory health insurance companies should also cover treatments with non-medical and alternative practitioners.,the statutory retirement age should in the future not remain at 63 years.
same_topic,0.7203922358651955,health_insurance_cover_complementary_medicine,The statutory health insurance companies should also cover treatments with non-medical and alternative practitioners.,That's why the statutory health insurance companies should not cover such treatments.
different_topic,0.43591032723585765,health_insurance_cover_complementary_medicine,The statutory health insurance companies should also cover treatments with non-medical and alternative practitioners.,"If however one could find a compromise between green space and housing, then Tempelhofer Feld should definitely be made available for residential construction."
different_topic,0.4300893326600393,health_insurance_cover_complementary_medicine,The statutory health insurance companies should also cover treatments with non-medical and alternative practitioners.,I argue categorically in favour of over-the-counter availability of the morning-after pill in pharmacies.
different_topic,0.3275783643126488,health_insurance_cover_complementary_medicine,The statutory health insurance companies should also cover treatments with non-medical and alternative practitioners.,the EU should intervene right away.
different_topic,0.4181186772626022,health_insurance_cover_complementary_medicine,The statutory health insurance companies should also cover treatments with non-medical and alternative practitioners.,"Especially now, as there is a lack of skilled labour, it's irresponsible for the economy and prosperity to retire at 63."
different_topic,0.3022243537400899,health_insurance_cover_complementary_medicine,The statutory health insurance companies should also cover treatments with non-medical and alternative practitioners.,It would be fair to make them into an Olympic event.
different_topic,0.34141521843580097,health_insurance_cover_complementary_medicine,The statutory health insurance companies should also cover treatments with non-medical and alternative practitioners.,A cap on rent increases upon tenant change is therefore not to be supported.
different_topic,0.44687609704068076,health_insurance_cover_complementary_medicine,The statutory health insurance companies should also cover treatments with non-medical and alternative practitioners.,Opening on Sundays and holidays would therefore help both customers and shops.
different_topic,0.3566369920065909,health_insurance_cover_complementary_medicine,The statutory health insurance companies should also cover treatments with non-medical and alternative practitioners.,Higher penalties for dog dirt are pointless as long as there is not enough personnel to enforce them.
different_topic,0.3389221629046876,health_insurance_cover_complementary_medicine,The statutory health insurance companies should also cover treatments with non-medical and alternative practitioners.,I am not of the opinion that the retirement age should be set at 63 years.
different_topic,0.468762272078058,health_insurance_cover_complementary_medicine,The statutory health insurance companies should also cover treatments with non-medical and alternative practitioners.,"After the new BER Airport has been commissioned, Tegel should definitely be closed."
different_topic,0.3907643173422132,health_insurance_cover_complementary_medicine,The statutory health insurance companies should also cover treatments with non-medical and alternative practitioners.,Not everyone should be obliged to pay the TV & radio licence.
different_topic,0.35491845222271007,health_insurance_cover_complementary_medicine,The statutory health insurance companies should also cover treatments with non-medical and alternative practitioners.,Actually it would be justified if all German universities charged tuition fees.
different_topic,0.37604098944436937,health_insurance_cover_complementary_medicine,The statutory health insurance companies should also cover treatments with non-medical and alternative practitioners.,Current regulations for the calculation of the total grade should therefore be maintained.
different_topic,0.43004680957112995,health_insurance_cover_complementary_medicine,The statutory health insurance companies should also cover treatments with non-medical and alternative practitioners.,Supermarkets and shopping centres should be allowed to open on any Sundays and holidays.
different_topic,0.4118904679110556,health_insurance_cover_complementary_medicine,The statutory health insurance companies should also cover treatments with non-medical and alternative practitioners.,"Many European countries, for instance the Netherlands, Sweden and Great Britain, have already understood this and successfully adjusted the opening hours for retailers."
different_topic,0.2022106610238552,health_insurance_cover_complementary_medicine,The statutory health insurance companies should also cover treatments with non-medical and alternative practitioners.,We don't need it.
different_topic,0.42757778332151214,health_insurance_cover_complementary_medicine,The statutory health insurance companies should also cover treatments with non-medical and alternative practitioners.,Supermarkets and shopping centres should be allowed to open any Sundays and holidays at their discretion.
different_topic,0.43355728189150494,health_insurance_cover_complementary_medicine,The statutory health insurance companies should also cover treatments with non-medical and alternative practitioners.,"If there were higher fines for leaving dog dirt on pavements, there would presumably be less dog dirt,"
different_topic,0.38264571301018196,health_insurance_cover_complementary_medicine,The statutory health insurance companies should also cover treatments with non-medical and alternative practitioners.,Germany should by no means introduce capital punishment.
different_topic,0.42593942795481,health_insurance_cover_complementary_medicine,The statutory health insurance companies should also cover treatments with non-medical and alternative practitioners.,"Considering what's on television these days, it would be appropriate to only have those people pay who actually (want to) follow the programming."
different_topic,0.4993409518897534,health_insurance_cover_complementary_medicine,The statutory health insurance companies should also cover treatments with non-medical and alternative practitioners.,"If there must be rent increases, there should also be a cap to avoid nasty surprises."
different_topic,0.3295397957166036,health_insurance_cover_complementary_medicine,The statutory health insurance companies should also cover treatments with non-medical and alternative practitioners.,German universities should on no account charge tuition fees.
different_topic,0.39154682144522673,health_insurance_cover_complementary_medicine,The statutory health insurance companies should also cover treatments with non-medical and alternative practitioners.,Hence it is good when shops are not open on Sundays and public holidays.
different_topic,0.44762079725758386,health_insurance_cover_complementary_medicine,The statutory health insurance companies should also cover treatments with non-medical and alternative practitioners.,"Intelligence services should be more closely regulated by parliament,"
different_topic,0.3196779913023898,health_insurance_cover_complementary_medicine,The statutory health insurance companies should also cover treatments with non-medical and alternative practitioners.,"BER should be re-conceptualized from scratch,"
different_topic,0.3062419201198377,health_insurance_cover_complementary_medicine,The statutory health insurance companies should also cover treatments with non-medical and alternative practitioners.,the EU should not intervene in local politics.
different_topic,0.3332727662502573,health_insurance_cover_complementary_medicine,The statutory health insurance companies should also cover treatments with non-medical and alternative practitioners.,"The implementation of retirement at 63 is no longer socially sustainable,"
different_topic,0.44814518710662576,health_insurance_cover_complementary_medicine,The statutory health insurance companies should also cover treatments with non-medical and alternative practitioners.,That's why there ought to be one day a week when supermarkets and shopping centres stay closed.
different_topic,0.23826466004053748,health_insurance_cover_complementary_medicine,The statutory health insurance companies should also cover treatments with non-medical and alternative practitioners.,everyone should chip in.
different_topic,0.3048889621307975,health_insurance_cover_complementary_medicine,The statutory health insurance companies should also cover treatments with non-medical and alternative practitioners.,The state ought to prevent murder - not avenge it.
different_topic,0.38758685407431226,health_insurance_cover_complementary_medicine,The statutory health insurance companies should also cover treatments with non-medical and alternative practitioners.,A constant increase in rent upon a change of tenants hence cannot be desired by society.
different_topic,0.43862778774422145,health_insurance_cover_complementary_medicine,The statutory health insurance companies should also cover treatments with non-medical and alternative practitioners.,It is quite clear that Sunday should remain a day of rest.
different_topic,0.3807299678975885,health_insurance_cover_complementary_medicine,The statutory health insurance companies should also cover treatments with non-medical and alternative practitioners.,"The BA dissertation should, if not make up the entire grade, then at least constitute a larger share of it."
different_topic,0.4487518579871566,health_insurance_cover_complementary_medicine,The statutory health insurance companies should also cover treatments with non-medical and alternative practitioners.,"Dog owners should pay higher fines for dog dirt left on pavements,"
different_topic,0.32459270102637156,health_insurance_cover_complementary_medicine,The statutory health insurance companies should also cover treatments with non-medical and alternative practitioners.,"Still, the state needs the death penalty as a deterrent to horrific crimes."
different_topic,0.4808442225823036,health_insurance_cover_complementary_medicine,The statutory health insurance companies should also cover treatments with non-medical and alternative practitioners.,The TV license fee should only be collected from those who actually make use of the programming of the public broadcasters.
different_topic,0.42179587682088215,health_insurance_cover_complementary_medicine,The statutory health insurance companies should also cover treatments with non-medical and alternative practitioners.,No one should have the possibility to pick up the morning-after pill over the counter at the pharmacy.
different_topic,0.29234182172351414,health_insurance_cover_complementary_medicine,The statutory health insurance companies should also cover treatments with non-medical and alternative practitioners.,Increasing penalties is therefore the right way.
different_topic,0.35032639503479,introduce_capital_punishment,The death penalty should be abandoned everywhere.,The universities in Germany should not under any circumstances charge tuition fees.
different_topic,0.2846883800294664,introduce_capital_punishment,The death penalty should be abandoned everywhere.,The TV/radio licence fee can only be required of all citizens/households equally.
different_topic,0.3652883575043895,introduce_capital_punishment,The death penalty should be abandoned everywhere.,School uniforms should not be worn in our schools.
same_topic,0.5321449224765485,introduce_capital_punishment,The death penalty should be abandoned everywhere.,"One should not re-introduce capital punishment in Germany,"
different_topic,0.341311514377594,introduce_capital_punishment,The death penalty should be abandoned everywhere.,There should be a higher fine for dog dirt on the pavement.
different_topic,0.2642636825056637,introduce_capital_punishment,The death penalty should be abandoned everywhere.,"I find the peripheral housing development at Tempelhofer Feld right for urban planning reasons,"
different_topic,0.36017043482173583,introduce_capital_punishment,The death penalty should be abandoned everywhere.,Tuition fees should not generally be charged by universities.
different_topic,0.2750243478351169,introduce_capital_punishment,The death penalty should be abandoned everywhere.,The health insurance companies ought to be enabled to recognize a doctor's decision for natural treatment and also to cover it.
different_topic,0.43865326046943665,introduce_capital_punishment,The death penalty should be abandoned everywhere.,Video games ought to be included in the ranks of Olympic events.
different_topic,0.30370240211486815,introduce_capital_punishment,The death penalty should be abandoned everywhere.,"including planning abilities, reaction time, and reasoning to name but a few."
different_topic,0.3100450038909912,introduce_capital_punishment,The death penalty should be abandoned everywhere.,The morning-after pill ought to be available over-the-counter in pharmacies.
different_topic,0.41101267685492837,introduce_capital_punishment,The death penalty should be abandoned everywhere.,School uniforms should be introduced in our schools again.
different_topic,0.3825084226472037,introduce_capital_punishment,The death penalty should be abandoned everywhere.,The EU should exert influence on the political events in Ukraine.
different_topic,0.33849812956417313,introduce_capital_punishment,The death penalty should be abandoned everywhere.,There should be much higher fines for dog dirt left on pavements.
different_topic,0.29070571590872374,introduce_capital_punishment,The death penalty should be abandoned everywhere.,Secret services must be more tightly regulated in order to prevent excessive surveillance.
different_topic,0.36768336296081544,introduce_capital_punishment,The death penalty should be abandoned everywhere.,dispensing it without medical advice would be inappropriate.
different_topic,0.20724235410275665,introduce_capital_punishment,The death penalty should be abandoned everywhere.,For instance the morning-after pill could result in a decrease in the use of condoms and thus lead to an increase in new infections with Aids.
different_topic,0.2740909389474175,introduce_capital_punishment,The death penalty should be abandoned everywhere.,As a central airport Berlin Tegel is particularly attractive for business travellers and should by all means remain operational.
different_topic,0.26252709329128265,introduce_capital_punishment,The death penalty should be abandoned everywhere.,Acquiring CDs with tax data of tax delinquents is therefore out of the question.
different_topic,0.2759756604830424,introduce_capital_punishment,The death penalty should be abandoned everywhere.,That's why intelligence services must be regulated in the framework of parliamentary oversight committees.
different_topic,0.3146168024916398,introduce_capital_punishment,The death penalty should be abandoned everywhere.,The morning-after pill should only be prescribed after counselling by a physician or pharmacist.
different_topic,0.4065194313342755,introduce_capital_punishment,The death penalty should be abandoned everywhere.,Therefore universities should not charge tuition fees in Germany.
different_topic,0.2903888664747539,introduce_capital_punishment,The death penalty should be abandoned everywhere.,Due to the many random factors the bachelor thesis should not play a bigger role.
different_topic,0.25389027198155717,introduce_capital_punishment,The death penalty should be abandoned everywhere.,Raising the relative retirement age on the basis of the physical fitness of the average citizen is fair.
different_topic,0.2567078782164532,introduce_capital_punishment,The death penalty should be abandoned everywhere.,For these reasons supermarkets and shopping centres should not be allowed to be open for business on arbitrary Sundays and holidays.
different_topic,0.27856671147876316,introduce_capital_punishment,The death penalty should be abandoned everywhere.,the statutory retirement age should in the future not remain at 63 years.
different_topic,0.3330732136964798,introduce_capital_punishment,The death penalty should be abandoned everywhere.,That's why the statutory health insurance companies should not cover such treatments.
different_topic,0.2909433489496058,introduce_capital_punishment,The death penalty should be abandoned everywhere.,"If however one could find a compromise between green space and housing, then Tempelhofer Feld should definitely be made available for residential construction."
different_topic,0.30029551549391315,introduce_capital_punishment,The death penalty should be abandoned everywhere.,I argue categorically in favour of over-the-counter availability of the morning-after pill in pharmacies.
different_topic,0.4624854226907094,introduce_capital_punishment,The death penalty should be abandoned everywhere.,the EU should intervene right away.
different_topic,0.22011540049598333,introduce_capital_punishment,The death penalty should be abandoned everywhere.,"Especially now, as there is a lack of skilled labour, it's irresponsible for the economy and prosperity to retire at 63."
different_topic,0.3757445324550976,introduce_capital_punishment,The death penalty should be abandoned everywhere.,It would be fair to make them into an Olympic event.
different_topic,0.27167830533451504,introduce_capital_punishment,The death penalty should be abandoned everywhere.,A cap on rent increases upon tenant change is therefore not to be supported.
different_topic,0.22272063626183403,introduce_capital_punishment,The death penalty should be abandoned everywhere.,Opening on Sundays and holidays would therefore help both customers and shops.
different_topic,0.24273616790771488,introduce_capital_punishment,The death penalty should be abandoned everywhere.,Higher penalties for dog dirt are pointless as long as there is not enough personnel to enforce them.
different_topic,0.38644475539525347,introduce_capital_punishment,The death penalty should be abandoned everywhere.,I am not of the opinion that the retirement age should be set at 63 years.
different_topic,0.3669297655423482,introduce_capital_punishment,The death penalty should be abandoned everywhere.,"After the new BER Airport has been commissioned, Tegel should definitely be closed."
different_topic,0.5262056451577407,introduce_capital_punishment,The death penalty should be abandoned everywhere.,Not everyone should be obliged to pay the TV & radio licence.
different_topic,0.36313164234161377,introduce_capital_punishment,The death penalty should be abandoned everywhere.,Actually it would be justified if all German universities charged tuition fees.
different_topic,0.3700608840355506,introduce_capital_punishment,The death penalty should be abandoned everywhere.,Current regulations for the calculation of the total grade should therefore be maintained.
different_topic,0.24886534810066224,introduce_capital_punishment,The death penalty should be abandoned everywhere.,Supermarkets and shopping centres should be allowed to open on any Sundays and holidays.
different_topic,0.22742729663848874,introduce_capital_punishment,The death penalty should be abandoned everywhere.,"Many European countries, for instance the Netherlands, Sweden and Great Britain, have already understood this and successfully adjusted the opening hours for retailers."
same_topic,0.3839508146047592,introduce_capital_punishment,The death penalty should be abandoned everywhere.,We don't need it.
different_topic,0.23802469315982996,introduce_capital_punishment,The death penalty should be abandoned everywhere.,Supermarkets and shopping centres should be allowed to open any Sundays and holidays at their discretion.
different_topic,0.26156674731861457,introduce_capital_punishment,The death penalty should be abandoned everywhere.,"If there were higher fines for leaving dog dirt on pavements, there would presumably be less dog dirt,"
same_topic,0.385777372866869,introduce_capital_punishment,The death penalty should be abandoned everywhere.,Germany should by no means introduce capital punishment.
different_topic,0.287405851483345,introduce_capital_punishment,The death penalty should be abandoned everywhere.,"Considering what's on television these days, it would be appropriate to only have those people pay who actually (want to) follow the programming."
different_topic,0.3184219107908361,introduce_capital_punishment,The death penalty should be abandoned everywhere.,"If there must be rent increases, there should also be a cap to avoid nasty surprises."
different_topic,0.37810672246492827,introduce_capital_punishment,The death penalty should be abandoned everywhere.,German universities should on no account charge tuition fees.
different_topic,0.259159571984235,introduce_capital_punishment,The death penalty should be abandoned everywhere.,Hence it is good when shops are not open on Sundays and public holidays.
different_topic,0.29323333336247337,introduce_capital_punishment,The death penalty should be abandoned everywhere.,"Intelligence services should be more closely regulated by parliament,"
different_topic,0.4613111073320562,introduce_capital_punishment,The death penalty should be abandoned everywhere.,"BER should be re-conceptualized from scratch,"
different_topic,0.4638209749351848,introduce_capital_punishment,The death penalty should be abandoned everywhere.,the EU should not intervene in local politics.
different_topic,0.24442113439242047,introduce_capital_punishment,The death penalty should be abandoned everywhere.,"The implementation of retirement at 63 is no longer socially sustainable,"
different_topic,0.26490237883159096,introduce_capital_punishment,The death penalty should be abandoned everywhere.,That's why there ought to be one day a week when supermarkets and shopping centres stay closed.
different_topic,0.4771097339689731,introduce_capital_punishment,The death penalty should be abandoned everywhere.,everyone should chip in.
same_topic,0.4928009510040284,introduce_capital_punishment,The death penalty should be abandoned everywhere.,The state ought to prevent murder - not avenge it.
different_topic,0.30116476615269977,introduce_capital_punishment,The death penalty should be abandoned everywhere.,A constant increase in rent upon a change of tenants hence cannot be desired by society.
different_topic,0.340121587117513,introduce_capital_punishment,The death penalty should be abandoned everywhere.,It is quite clear that Sunday should remain a day of rest.
different_topic,0.2319170355796814,introduce_capital_punishment,The death penalty should be abandoned everywhere.,"The BA dissertation should, if not make up the entire grade, then at least constitute a larger share of it."
different_topic,0.2960321965970491,introduce_capital_punishment,The death penalty should be abandoned everywhere.,"Dog owners should pay higher fines for dog dirt left on pavements,"
same_topic,0.5639755817560049,introduce_capital_punishment,The death penalty should be abandoned everywhere.,"Still, the state needs the death penalty as a deterrent to horrific crimes."
different_topic,0.2908046709166633,introduce_capital_punishment,The death penalty should be abandoned everywhere.,The TV license fee should only be collected from those who actually make use of the programming of the public broadcasters.
different_topic,0.28011889484795655,introduce_capital_punishment,The death penalty should be abandoned everywhere.,No one should have the possibility to pick up the morning-after pill over the counter at the pharmacy.
different_topic,0.45275020599365234,introduce_capital_punishment,The death penalty should be abandoned everywhere.,Increasing penalties is therefore the right way.
different_topic,0.5195746007172958,charge_tuition_fees,The universities in Germany should not under any circumstances charge tuition fees.,The TV/radio licence fee can only be required of all citizens/households equally.
different_topic,0.324158638715744,charge_tuition_fees,The universities in Germany should not under any circumstances charge tuition fees.,School uniforms should not be worn in our schools.
different_topic,0.5541922019587623,charge_tuition_fees,The universities in Germany should not under any circumstances charge tuition fees.,"One should not re-introduce capital punishment in Germany,"
different_topic,0.40255424920469524,charge_tuition_fees,The universities in Germany should not under any circumstances charge tuition fees.,There should be a higher fine for dog dirt on the pavement.
different_topic,0.47862111302939336,charge_tuition_fees,The universities in Germany should not under any circumstances charge tuition fees.,"I find the peripheral housing development at Tempelhofer Feld right for urban planning reasons,"
same_topic,0.6825265958905221,charge_tuition_fees,The universities in Germany should not under any circumstances charge tuition fees.,Tuition fees should not generally be charged by universities.
different_topic,0.4129498348287914,charge_tuition_fees,The universities in Germany should not under any circumstances charge tuition fees.,The health insurance companies ought to be enabled to recognize a doctor's decision for natural treatment and also to cover it.
different_topic,0.4446890248971827,charge_tuition_fees,The universities in Germany should not under any circumstances charge tuition fees.,Video games ought to be included in the ranks of Olympic events.
different_topic,0.4395835369825363,charge_tuition_fees,The universities in Germany should not under any circumstances charge tuition fees.,"including planning abilities, reaction time, and reasoning to name but a few."
different_topic,0.4121995382010937,charge_tuition_fees,The universities in Germany should not under any circumstances charge tuition fees.,The morning-after pill ought to be available over-the-counter in pharmacies.
different_topic,0.39537327079211965,charge_tuition_fees,The universities in Germany should not under any circumstances charge tuition fees.,School uniforms should be introduced in our schools again.
different_topic,0.5785425509277143,charge_tuition_fees,The universities in Germany should not under any circumstances charge tuition fees.,The EU should exert influence on the political events in Ukraine.
different_topic,0.3909817845983939,charge_tuition_fees,The universities in Germany should not under any circumstances charge tuition fees.,There should be much higher fines for dog dirt left on pavements.
different_topic,0.3560600578784942,charge_tuition_fees,The universities in Germany should not under any circumstances charge tuition fees.,Secret services must be more tightly regulated in order to prevent excessive surveillance.
different_topic,0.2614252358675003,charge_tuition_fees,The universities in Germany should not under any circumstances charge tuition fees.,dispensing it without medical advice would be inappropriate.
different_topic,0.3601790155683245,charge_tuition_fees,The universities in Germany should not under any circumstances charge tuition fees.,For instance the morning-after pill could result in a decrease in the use of condoms and thus lead to an increase in new infections with Aids.
different_topic,0.39195577965842354,charge_tuition_fees,The universities in Germany should not under any circumstances charge tuition fees.,As a central airport Berlin Tegel is particularly attractive for business travellers and should by all means remain operational.
different_topic,0.4141925346283686,charge_tuition_fees,The universities in Germany should not under any circumstances charge tuition fees.,Acquiring CDs with tax data of tax delinquents is therefore out of the question.
different_topic,0.3034141033887863,charge_tuition_fees,The universities in Germany should not under any circumstances charge tuition fees.,That's why intelligence services must be regulated in the framework of parliamentary oversight committees.
different_topic,0.46602348734935123,charge_tuition_fees,The universities in Germany should not under any circumstances charge tuition fees.,The morning-after pill should only be prescribed after counselling by a physician or pharmacist.
same_topic,0.8306671016746097,charge_tuition_fees,The universities in Germany should not under any circumstances charge tuition fees.,Therefore universities should not charge tuition fees in Germany.
different_topic,0.40803815548618627,charge_tuition_fees,The universities in Germany should not under any circumstances charge tuition fees.,Due to the many random factors the bachelor thesis should not play a bigger role.
different_topic,0.4048908784985542,charge_tuition_fees,The universities in Germany should not under any circumstances charge tuition fees.,Raising the relative retirement age on the basis of the physical fitness of the average citizen is fair.
different_topic,0.43758287600108553,charge_tuition_fees,The universities in Germany should not under any circumstances charge tuition fees.,For these reasons supermarkets and shopping centres should not be allowed to be open for business on arbitrary Sundays and holidays.
different_topic,0.5368414372205734,charge_tuition_fees,The universities in Germany should not under any circumstances charge tuition fees.,the statutory retirement age should in the future not remain at 63 years.
different_topic,0.46861927971864736,charge_tuition_fees,The universities in Germany should not under any circumstances charge tuition fees.,That's why the statutory health insurance companies should not cover such treatments.
different_topic,0.4127480487028758,charge_tuition_fees,The universities in Germany should not under any circumstances charge tuition fees.,"If however one could find a compromise between green space and housing, then Tempelhofer Feld should definitely be made available for residential construction."
different_topic,0.41501790726626353,charge_tuition_fees,The universities in Germany should not under any circumstances charge tuition fees.,I argue categorically in favour of over-the-counter availability of the morning-after pill in pharmacies.
different_topic,0.4440973431748503,charge_tuition_fees,The universities in Germany should not under any circumstances charge tuition fees.,the EU should intervene right away.
different_topic,0.40218269824981695,charge_tuition_fees,The universities in Germany should not under any circumstances charge tuition fees.,"Especially now, as there is a lack of skilled labour, it's irresponsible for the economy and prosperity to retire at 63."
different_topic,0.3955422565340995,charge_tuition_fees,The universities in Germany should not under any circumstances charge tuition fees.,It would be fair to make them into an Olympic event.
different_topic,0.389034364534461,charge_tuition_fees,The universities in Germany should not under any circumstances charge tuition fees.,A cap on rent increases upon tenant change is therefore not to be supported.
different_topic,0.4095374682675237,charge_tuition_fees,The universities in Germany should not under any circumstances charge tuition fees.,Opening on Sundays and holidays would therefore help both customers and shops.
different_topic,0.27933587034543356,charge_tuition_fees,The universities in Germany should not under any circumstances charge tuition fees.,Higher penalties for dog dirt are pointless as long as there is not enough personnel to enforce them.
different_topic,0.5243139740079641,charge_tuition_fees,The universities in Germany should not under any circumstances charge tuition fees.,I am not of the opinion that the retirement age should be set at 63 years.
different_topic,0.45101016759872437,charge_tuition_fees,The universities in Germany should not under any circumstances charge tuition fees.,"After the new BER Airport has been commissioned, Tegel should definitely be closed."
different_topic,0.4934285506606102,charge_tuition_fees,The universities in Germany should not under any circumstances charge tuition fees.,Not everyone should be obliged to pay the TV & radio licence.
same_topic,0.8717413872480393,charge_tuition_fees,The universities in Germany should not under any circumstances charge tuition fees.,Actually it would be justified if all German universities charged tuition fees.
different_topic,0.4481588155031205,charge_tuition_fees,The universities in Germany should not under any circumstances charge tuition fees.,Current regulations for the calculation of the total grade should therefore be maintained.
different_topic,0.47030381679534916,charge_tuition_fees,The universities in Germany should not under any circumstances charge tuition fees.,Supermarkets and shopping centres should be allowed to open on any Sundays and holidays.
different_topic,0.35910289883613583,charge_tuition_fees,The universities in Germany should not under any circumstances charge tuition fees.,"Many European countries, for instance the Netherlands, Sweden and Great Britain, have already understood this and successfully adjusted the opening hours for retailers."
different_topic,0.2449175761296199,charge_tuition_fees,The universities in Germany should not under any circumstances charge tuition fees.,We don't need it.
different_topic,0.46660324701896083,charge_tuition_fees,The universities in Germany should not under any circumstances charge tuition fees.,Supermarkets and shopping centres should be allowed to open any Sundays and holidays at their discretion.
different_topic,0.33758595033928196,charge_tuition_fees,The universities in Germany should not under any circumstances charge tuition fees.,"If there were higher fines for leaving dog dirt on pavements, there would presumably be less dog dirt,"
different_topic,0.5105932291064943,charge_tuition_fees,The universities in Germany should not under any circumstances charge tuition fees.,Germany should by no means introduce capital punishment.
different_topic,0.44812979549169546,charge_tuition_fees,The universities in Germany should not under any circumstances charge tuition fees.,"Considering what's on television these days, it would be appropriate to only have those people pay who actually (want to) follow the programming."
different_topic,0.4200692197138613,charge_tuition_fees,The universities in Germany should not under any circumstances charge tuition fees.,"If there must be rent increases, there should also be a cap to avoid nasty surprises."
same_topic,0.8580934272872078,charge_tuition_fees,The universities in Germany should not under any circumstances charge tuition fees.,German universities should on no account charge tuition fees.
different_topic,0.4384831623597578,charge_tuition_fees,The universities in Germany should not under any circumstances charge tuition fees.,Hence it is good when shops are not open on Sundays and public holidays.
different_topic,0.4306812467782394,charge_tuition_fees,The universities in Germany should not under any circumstances charge tuition fees.,"Intelligence services should be more closely regulated by parliament,"
different_topic,0.40826448611915117,charge_tuition_fees,The universities in Germany should not under any circumstances charge tuition fees.,"BER should be re-conceptualized from scratch,"
different_topic,0.4719033464789391,charge_tuition_fees,The universities in Germany should not under any circumstances charge tuition fees.,the EU should not intervene in local politics.
different_topic,0.4715981269660203,charge_tuition_fees,The universities in Germany should not under any circumstances charge tuition fees.,"The implementation of retirement at 63 is no longer socially sustainable,"
different_topic,0.42255548330453724,charge_tuition_fees,The universities in Germany should not under any circumstances charge tuition fees.,That's why there ought to be one day a week when supermarkets and shopping centres stay closed.
different_topic,0.3148540849486987,charge_tuition_fees,The universities in Germany should not under any circumstances charge tuition fees.,everyone should chip in.
different_topic,0.3951627649366855,charge_tuition_fees,The universities in Germany should not under any circumstances charge tuition fees.,The state ought to prevent murder - not avenge it.
different_topic,0.45520512461662294,charge_tuition_fees,The universities in Germany should not under any circumstances charge tuition fees.,A constant increase in rent upon a change of tenants hence cannot be desired by society.
different_topic,0.48758663088083265,charge_tuition_fees,The universities in Germany should not under any circumstances charge tuition fees.,It is quite clear that Sunday should remain a day of rest.
different_topic,0.37640887697537745,charge_tuition_fees,The universities in Germany should not under any circumstances charge tuition fees.,"The BA dissertation should, if not make up the entire grade, then at least constitute a larger share of it."
different_topic,0.4313732981681824,charge_tuition_fees,The universities in Germany should not under any circumstances charge tuition fees.,"Dog owners should pay higher fines for dog dirt left on pavements,"
different_topic,0.3901225626468659,charge_tuition_fees,The universities in Germany should not under any circumstances charge tuition fees.,"Still, the state needs the death penalty as a deterrent to horrific crimes."
different_topic,0.5555212672637857,charge_tuition_fees,The universities in Germany should not under any circumstances charge tuition fees.,The TV license fee should only be collected from those who actually make use of the programming of the public broadcasters.
different_topic,0.3782452896789268,charge_tuition_fees,The universities in Germany should not under any circumstances charge tuition fees.,No one should have the possibility to pick up the morning-after pill over the counter at the pharmacy.
different_topic,0.34742874701817833,charge_tuition_fees,The universities in Germany should not under any circumstances charge tuition fees.,Increasing penalties is therefore the right way.
different_topic,0.2994411587715149,public_broadcasting_fees_on_demand,The TV/radio licence fee can only be required of all citizens/households equally.,School uniforms should not be worn in our schools.
different_topic,0.3743471418108259,public_broadcasting_fees_on_demand,The TV/radio licence fee can only be required of all citizens/households equally.,"One should not re-introduce capital punishment in Germany,"
different_topic,0.3745378709357718,public_broadcasting_fees_on_demand,The TV/radio licence fee can only be required of all citizens/households equally.,There should be a higher fine for dog dirt on the pavement.
different_topic,0.45616259217262267,public_broadcasting_fees_on_demand,The TV/radio licence fee can only be required of all citizens/households equally.,"I find the peripheral housing development at Tempelhofer Feld right for urban planning reasons,"
different_topic,0.33278802664656393,public_broadcasting_fees_on_demand,The TV/radio licence fee can only be required of all citizens/households equally.,Tuition fees should not generally be charged by universities.
different_topic,0.45975446414489013,public_broadcasting_fees_on_demand,The TV/radio licence fee can only be required of all citizens/households equally.,The health insurance companies ought to be enabled to recognize a doctor's decision for natural treatment and also to cover it.
different_topic,0.34043263196945195,public_broadcasting_fees_on_demand,The TV/radio licence fee can only be required of all citizens/households equally.,Video games ought to be included in the ranks of Olympic events.
different_topic,0.42650566282479657,public_broadcasting_fees_on_demand,The TV/radio licence fee can only be required of all citizens/households equally.,"including planning abilities, reaction time, and reasoning to name but a few."
different_topic,0.40700056321091127,public_broadcasting_fees_on_demand,The TV/radio licence fee can only be required of all citizens/households equally.,The morning-after pill ought to be available over-the-counter in pharmacies.
different_topic,0.36384560167789454,public_broadcasting_fees_on_demand,The TV/radio licence fee can only be required of all citizens/households equally.,School uniforms should be introduced in our schools again.
different_topic,0.3953209790316495,public_broadcasting_fees_on_demand,The TV/radio licence fee can only be required of all citizens/households equally.,The EU should exert influence on the political events in Ukraine.
different_topic,0.3912204366922378,public_broadcasting_fees_on_demand,The TV/radio licence fee can only be required of all citizens/households equally.,There should be much higher fines for dog dirt left on pavements.
different_topic,0.38099505901336667,public_broadcasting_fees_on_demand,The TV/radio licence fee can only be required of all citizens/households equally.,Secret services must be more tightly regulated in order to prevent excessive surveillance.
different_topic,0.27416167077091,public_broadcasting_fees_on_demand,The TV/radio licence fee can only be required of all citizens/households equally.,dispensing it without medical advice would be inappropriate.
different_topic,0.44028682862558677,public_broadcasting_fees_on_demand,The TV/radio licence fee can only be required of all citizens/households equally.,For instance the morning-after pill could result in a decrease in the use of condoms and thus lead to an increase in new infections with Aids.
different_topic,0.482556825876236,public_broadcasting_fees_on_demand,The TV/radio licence fee can only be required of all citizens/households equally.,As a central airport Berlin Tegel is particularly attractive for business travellers and should by all means remain operational.
different_topic,0.45579174160957336,public_broadcasting_fees_on_demand,The TV/radio licence fee can only be required of all citizens/households equally.,Acquiring CDs with tax data of tax delinquents is therefore out of the question.
different_topic,0.3298883943454079,public_broadcasting_fees_on_demand,The TV/radio licence fee can only be required of all citizens/households equally.,That's why intelligence services must be regulated in the framework of parliamentary oversight committees.
different_topic,0.5057782503189865,public_broadcasting_fees_on_demand,The TV/radio licence fee can only be required of all citizens/households equally.,The morning-after pill should only be prescribed after counselling by a physician or pharmacist.
different_topic,0.4037775496641795,public_broadcasting_fees_on_demand,The TV/radio licence fee can only be required of all citizens/households equally.,Therefore universities should not charge tuition fees in Germany.
different_topic,0.43093063875480936,public_broadcasting_fees_on_demand,The TV/radio licence fee can only be required of all citizens/households equally.,Due to the many random factors the bachelor thesis should not play a bigger role.
different_topic,0.46094888578290527,public_broadcasting_fees_on_demand,The TV/radio licence fee can only be required of all citizens/households equally.,Raising the relative retirement age on the basis of the physical fitness of the average citizen is fair.
different_topic,0.4421177093059786,public_broadcasting_fees_on_demand,The TV/radio licence fee can only be required of all citizens/households equally.,For these reasons supermarkets and shopping centres should not be allowed to be open for business on arbitrary Sundays and holidays.
different_topic,0.5211245262852082,public_broadcasting_fees_on_demand,The TV/radio licence fee can only be required of all citizens/households equally.,the statutory retirement age should in the future not remain at 63 years.
different_topic,0.4394759411613147,public_broadcasting_fees_on_demand,The TV/radio licence fee can only be required of all citizens/households equally.,That's why the statutory health insurance companies should not cover such treatments.
different_topic,0.4317546059687932,public_broadcasting_fees_on_demand,The TV/radio licence fee can only be required of all citizens/households equally.,"If however one could find a compromise between green space and housing, then Tempelhofer Feld should definitely be made available for residential construction."
different_topic,0.408921472231547,public_broadcasting_fees_on_demand,The TV/radio licence fee can only be required of all citizens/households equally.,I argue categorically in favour of over-the-counter availability of the morning-after pill in pharmacies.
different_topic,0.3285597965121269,public_broadcasting_fees_on_demand,The TV/radio licence fee can only be required of all citizens/households equally.,the EU should intervene right away.
different_topic,0.49405039204605694,public_broadcasting_fees_on_demand,The TV/radio licence fee can only be required of all citizens/households equally.,"Especially now, as there is a lack of skilled labour, it's irresponsible for the economy and prosperity to retire at 63."
different_topic,0.33133960083911296,public_broadcasting_fees_on_demand,The TV/radio licence fee can only be required of all citizens/households equally.,It would be fair to make them into an Olympic event.
different_topic,0.41992578025047594,public_broadcasting_fees_on_demand,The TV/radio licence fee can only be required of all citizens/households equally.,A cap on rent increases upon tenant change is therefore not to be supported.
different_topic,0.4783343833226424,public_broadcasting_fees_on_demand,The TV/radio licence fee can only be required of all citizens/households equally.,Opening on Sundays and holidays would therefore help both customers and shops.
different_topic,0.33851047402078455,public_broadcasting_fees_on_demand,The TV/radio licence fee can only be required of all citizens/households equally.,Higher penalties for dog dirt are pointless as long as there is not enough personnel to enforce them.
different_topic,0.46692939297012664,public_broadcasting_fees_on_demand,The TV/radio licence fee can only be required of all citizens/households equally.,I am not of the opinion that the retirement age should be set at 63 years.
different_topic,0.3755835476128951,public_broadcasting_fees_on_demand,The TV/radio licence fee can only be required of all citizens/households equally.,"After the new BER Airport has been commissioned, Tegel should definitely be closed."
same_topic,0.6474165320396424,public_broadcasting_fees_on_demand,The TV/radio licence fee can only be required of all citizens/households equally.,Not everyone should be obliged to pay the TV & radio licence.
different_topic,0.537013828754425,public_broadcasting_fees_on_demand,The TV/radio licence fee can only be required of all citizens/households equally.,Actually it would be justified if all German universities charged tuition fees.
different_topic,0.38172899825232365,public_broadcasting_fees_on_demand,The TV/radio licence fee can only be required of all citizens/households equally.,Current regulations for the calculation of the total grade should therefore be maintained.
different_topic,0.4975508164082254,public_broadcasting_fees_on_demand,The TV/radio licence fee can only be required of all citizens/households equally.,Supermarkets and shopping centres should be allowed to open on any Sundays and holidays.
different_topic,0.3606545356186953,public_broadcasting_fees_on_demand,The TV/radio licence fee can only be required of all citizens/households equally.,"Many European countries, for instance the Netherlands, Sweden and Great Britain, have already understood this and successfully adjusted the opening hours for retailers."
different_topic,0.19717765226960182,public_broadcasting_fees_on_demand,The TV/radio licence fee can only be required of all citizens/households equally.,We don't need it.
different_topic,0.537501335144043,public_broadcasting_fees_on_demand,The TV/radio licence fee can only be required of all citizens/households equally.,Supermarkets and shopping centres should be allowed to open any Sundays and holidays at their discretion.
different_topic,0.350465913116932,public_broadcasting_fees_on_demand,The TV/radio licence fee can only be required of all citizens/households equally.,"If there were higher fines for leaving dog dirt on pavements, there would presumably be less dog dirt,"
different_topic,0.41235099794964,public_broadcasting_fees_on_demand,The TV/radio licence fee can only be required of all citizens/households equally.,Germany should by no means introduce capital punishment.
same_topic,0.6184663666146142,public_broadcasting_fees_on_demand,The TV/radio licence fee can only be required of all citizens/households equally.,"Considering what's on television these days, it would be appropriate to only have those people pay who actually (want to) follow the programming."
different_topic,0.4013318693637848,public_broadcasting_fees_on_demand,The TV/radio licence fee can only be required of all citizens/households equally.,"If there must be rent increases, there should also be a cap to avoid nasty surprises."
different_topic,0.41037311582338243,public_broadcasting_fees_on_demand,The TV/radio licence fee can only be required of all citizens/households equally.,German universities should on no account charge tuition fees.
different_topic,0.4655111372470856,public_broadcasting_fees_on_demand,The TV/radio licence fee can only be required of all citizens/households equally.,Hence it is good when shops are not open on Sundays and public holidays.
different_topic,0.4160389069181222,public_broadcasting_fees_on_demand,The TV/radio licence fee can only be required of all citizens/households equally.,"Intelligence services should be more closely regulated by parliament,"
different_topic,0.2836393337500723,public_broadcasting_fees_on_demand,The TV/radio licence fee can only be required of all citizens/households equally.,"BER should be re-conceptualized from scratch,"
different_topic,0.30052825024253443,public_broadcasting_fees_on_demand,The TV/radio licence fee can only be required of all citizens/households equally.,the EU should not intervene in local politics.
different_topic,0.5323804897757677,public_broadcasting_fees_on_demand,The TV/radio licence fee can only be required of all citizens/households equally.,"The implementation of retirement at 63 is no longer socially sustainable,"
different_topic,0.4753386902398077,public_broadcasting_fees_on_demand,The TV/radio licence fee can only be required of all citizens/households equally.,That's why there ought to be one day a week when supermarkets and shopping centres stay closed.
same_topic,0.2742942124605179,public_broadcasting_fees_on_demand,The TV/radio licence fee can only be required of all citizens/households equally.,everyone should chip in.
different_topic,0.3116969340725949,public_broadcasting_fees_on_demand,The TV/radio licence fee can only be required of all citizens/households equally.,The state ought to prevent murder - not avenge it.
different_topic,0.4491909573907438,public_broadcasting_fees_on_demand,The TV/radio licence fee can only be required of all citizens/households equally.,A constant increase in rent upon a change of tenants hence cannot be desired by society.
different_topic,0.4403298600860264,public_broadcasting_fees_on_demand,The TV/radio licence fee can only be required of all citizens/households equally.,It is quite clear that Sunday should remain a day of rest.
different_topic,0.3924252725008762,public_broadcasting_fees_on_demand,The TV/radio licence fee can only be required of all citizens/households equally.,"The BA dissertation should, if not make up the entire grade, then at least constitute a larger share of it."
different_topic,0.46020013811411686,public_broadcasting_fees_on_demand,The TV/radio licence fee can only be required of all citizens/households equally.,"Dog owners should pay higher fines for dog dirt left on pavements,"
different_topic,0.36214970123200185,public_broadcasting_fees_on_demand,The TV/radio licence fee can only be required of all citizens/households equally.,"Still, the state needs the death penalty as a deterrent to horrific crimes."
same_topic,0.6744082421064377,public_broadcasting_fees_on_demand,The TV/radio licence fee can only be required of all citizens/households equally.,The TV license fee should only be collected from those who actually make use of the programming of the public broadcasters.
different_topic,0.43182455499966943,public_broadcasting_fees_on_demand,The TV/radio licence fee can only be required of all citizens/households equally.,No one should have the possibility to pick up the morning-after pill over the counter at the pharmacy.
different_topic,0.31738232241736514,public_broadcasting_fees_on_demand,The TV/radio licence fee can only be required of all citizens/households equally.,Increasing penalties is therefore the right way.
different_topic,0.3534839642899377,school_uniforms,School uniforms should not be worn in our schools.,"One should not re-introduce capital punishment in Germany,"
different_topic,0.3716191127896309,school_uniforms,School uniforms should not be worn in our schools.,There should be a higher fine for dog dirt on the pavement.
different_topic,0.2384574678209093,school_uniforms,School uniforms should not be worn in our schools.,"I find the peripheral housing development at Tempelhofer Feld right for urban planning reasons,"
different_topic,0.3691085229317347,school_uniforms,School uniforms should not be worn in our schools.,Tuition fees should not generally be charged by universities.
different_topic,0.3001087621638649,school_uniforms,School uniforms should not be worn in our schools.,The health insurance companies ought to be enabled to recognize a doctor's decision for natural treatment and also to cover it.
different_topic,0.42653937981678886,school_uniforms,School uniforms should not be worn in our schools.,Video games ought to be included in the ranks of Olympic events.
different_topic,0.28153643384575844,school_uniforms,School uniforms should not be worn in our schools.,"including planning abilities, reaction time, and reasoning to name but a few."
different_topic,0.26499284356832503,school_uniforms,School uniforms should not be worn in our schools.,The morning-after pill ought to be available over-the-counter in pharmacies.
same_topic,0.8173968425163856,school_uniforms,School uniforms should not be worn in our schools.,School uniforms should be introduced in our schools again.
different_topic,0.3222842375437418,school_uniforms,School uniforms should not be worn in our schools.,The EU should exert influence on the political events in Ukraine.
different_topic,0.33605620927280844,school_uniforms,School uniforms should not be worn in our schools.,There should be much higher fines for dog dirt left on pavements.
different_topic,0.25027573108673096,school_uniforms,School uniforms should not be worn in our schools.,Secret services must be more tightly regulated in order to prevent excessive surveillance.
different_topic,0.387670827860182,school_uniforms,School uniforms should not be worn in our schools.,dispensing it without medical advice would be inappropriate.
different_topic,0.2211783565580845,school_uniforms,School uniforms should not be worn in our schools.,For instance the morning-after pill could result in a decrease in the use of condoms and thus lead to an increase in new infections with Aids.
different_topic,0.28749131638070813,school_uniforms,School uniforms should not be worn in our schools.,As a central airport Berlin Tegel is particularly attractive for business travellers and should by all means remain operational.
different_topic,0.26936328235794516,school_uniforms,School uniforms should not be worn in our schools.,Acquiring CDs with tax data of tax delinquents is therefore out of the question.
different_topic,0.233900373801589,school_uniforms,School uniforms should not be worn in our schools.,That's why intelligence services must be regulated in the framework of parliamentary oversight committees.
different_topic,0.3152509018778801,school_uniforms,School uniforms should not be worn in our schools.,The morning-after pill should only be prescribed after counselling by a physician or pharmacist.
different_topic,0.3477275861161096,school_uniforms,School uniforms should not be worn in our schools.,Therefore universities should not charge tuition fees in Germany.
different_topic,0.2823482617735863,school_uniforms,School uniforms should not be worn in our schools.,Due to the many random factors the bachelor thesis should not play a bigger role.
different_topic,0.29612392373383045,school_uniforms,School uniforms should not be worn in our schools.,Raising the relative retirement age on the basis of the physical fitness of the average citizen is fair.
different_topic,0.2342854229112466,school_uniforms,School uniforms should not be worn in our schools.,For these reasons supermarkets and shopping centres should not be allowed to be open for business on arbitrary Sundays and holidays.
different_topic,0.29982010314339086,school_uniforms,School uniforms should not be worn in our schools.,the statutory retirement age should in the future not remain at 63 years.
different_topic,0.3342464215615216,school_uniforms,School uniforms should not be worn in our schools.,That's why the statutory health insurance companies should not cover such treatments.
different_topic,0.2456005474795466,school_uniforms,School uniforms should not be worn in our schools.,"If however one could find a compromise between green space and housing, then Tempelhofer Feld should definitely be made available for residential construction."
different_topic,0.24742353351219837,school_uniforms,School uniforms should not be worn in our schools.,I argue categorically in favour of over-the-counter availability of the morning-after pill in pharmacies.
different_topic,0.37579875840590554,school_uniforms,School uniforms should not be worn in our schools.,the EU should intervene right away.
different_topic,0.21682046082886786,school_uniforms,School uniforms should not be worn in our schools.,"Especially now, as there is a lack of skilled labour, it's irresponsible for the economy and prosperity to retire at 63."
different_topic,0.36913993457953137,school_uniforms,School uniforms should not be worn in our schools.,It would be fair to make them into an Olympic event.
different_topic,0.24329558171724017,school_uniforms,School uniforms should not be worn in our schools.,A cap on rent increases upon tenant change is therefore not to be supported.
different_topic,0.22016616087210802,school_uniforms,School uniforms should not be worn in our schools.,Opening on Sundays and holidays would therefore help both customers and shops.
different_topic,0.18886645252888018,school_uniforms,School uniforms should not be worn in our schools.,Higher penalties for dog dirt are pointless as long as there is not enough personnel to enforce them.
different_topic,0.33698673546314245,school_uniforms,School uniforms should not be worn in our schools.,I am not of the opinion that the retirement age should be set at 63 years.
different_topic,0.31638113409280777,school_uniforms,School uniforms should not be worn in our schools.,"After the new BER Airport has been commissioned, Tegel should definitely be closed."
different_topic,0.36100900598934715,school_uniforms,School uniforms should not be worn in our schools.,Not everyone should be obliged to pay the TV & radio licence.
different_topic,0.2869974058121443,school_uniforms,School uniforms should not be worn in our schools.,Actually it would be justified if all German universities charged tuition fees.
different_topic,0.4871668538876942,school_uniforms,School uniforms should not be worn in our schools.,Current regulations for the calculation of the total grade should therefore be maintained.
different_topic,0.2745755768957592,school_uniforms,School uniforms should not be worn in our schools.,Supermarkets and shopping centres should be allowed to open on any Sundays and holidays.
different_topic,0.21119142610293168,school_uniforms,School uniforms should not be worn in our schools.,"Many European countries, for instance the Netherlands, Sweden and Great Britain, have already understood this and successfully adjusted the opening hours for retailers."
different_topic,0.43099398083157003,school_uniforms,School uniforms should not be worn in our schools.,We don't need it.
different_topic,0.2620948688550429,school_uniforms,School uniforms should not be worn in our schools.,Supermarkets and shopping centres should be allowed to open any Sundays and holidays at their discretion.
different_topic,0.26300052197083185,school_uniforms,School uniforms should not be worn in our schools.,"If there were higher fines for leaving dog dirt on pavements, there would presumably be less dog dirt,"
different_topic,0.3765011079171125,school_uniforms,School uniforms should not be worn in our schools.,Germany should by no means introduce capital punishment.
different_topic,0.29206698281424387,school_uniforms,School uniforms should not be worn in our schools.,"Considering what's on television these days, it would be appropriate to only have those people pay who actually (want to) follow the programming."
different_topic,0.30711618728107876,school_uniforms,School uniforms should not be worn in our schools.,"If there must be rent increases, there should also be a cap to avoid nasty surprises."
different_topic,0.33650726079940796,school_uniforms,School uniforms should not be worn in our schools.,German universities should on no account charge tuition fees.
different_topic,0.23180850181314677,school_uniforms,School uniforms should not be worn in our schools.,Hence it is good when shops are not open on Sundays and public holidays.
different_topic,0.2948120001115297,school_uniforms,School uniforms should not be worn in our schools.,"Intelligence services should be more closely regulated by parliament,"
different_topic,0.4644141246875127,school_uniforms,School uniforms should not be worn in our schools.,"BER should be re-conceptualized from scratch,"
different_topic,0.36650270223617554,school_uniforms,School uniforms should not be worn in our schools.,the EU should not intervene in local politics.
different_topic,0.293091523019891,school_uniforms,School uniforms should not be worn in our schools.,"The implementation of retirement at 63 is no longer socially sustainable,"
different_topic,0.2606214935129339,school_uniforms,School uniforms should not be worn in our schools.,That's why there ought to be one day a week when supermarkets and shopping centres stay closed.
different_topic,0.3812825618819757,school_uniforms,School uniforms should not be worn in our schools.,everyone should chip in.
different_topic,0.38548735405008,school_uniforms,School uniforms should not be worn in our schools.,The state ought to prevent murder - not avenge it.
different_topic,0.3485474921762943,school_uniforms,School uniforms should not be worn in our schools.,A constant increase in rent upon a change of tenants hence cannot be desired by society.
different_topic,0.33805312402546406,school_uniforms,School uniforms should not be worn in our schools.,It is quite clear that Sunday should remain a day of rest.
different_topic,0.28821302835757917,school_uniforms,School uniforms should not be worn in our schools.,"The BA dissertation should, if not make up the entire grade, then at least constitute a larger share of it."
different_topic,0.30532279908657073,school_uniforms,School uniforms should not be worn in our schools.,"Dog owners should pay higher fines for dog dirt left on pavements,"
different_topic,0.2594539842435292,school_uniforms,School uniforms should not be worn in our schools.,"Still, the state needs the death penalty as a deterrent to horrific crimes."
different_topic,0.30633178510163955,school_uniforms,School uniforms should not be worn in our schools.,The TV license fee should only be collected from those who actually make use of the programming of the public broadcasters.
different_topic,0.28296109774838324,school_uniforms,School uniforms should not be worn in our schools.,No one should have the possibility to pick up the morning-after pill over the counter at the pharmacy.
different_topic,0.3510264483365146,school_uniforms,School uniforms should not be worn in our schools.,Increasing penalties is therefore the right way.
different_topic,0.4603155338101917,introduce_capital_punishment,"One should not re-introduce capital punishment in Germany,",There should be a higher fine for dog dirt on the pavement.
different_topic,0.5499719172716141,introduce_capital_punishment,"One should not re-introduce capital punishment in Germany,","I find the peripheral housing development at Tempelhofer Feld right for urban planning reasons,"
different_topic,0.3828123637608119,introduce_capital_punishment,"One should not re-introduce capital punishment in Germany,",Tuition fees should not generally be charged by universities.
different_topic,0.3871880031767346,introduce_capital_punishment,"One should not re-introduce capital punishment in Germany,",The health insurance companies ought to be enabled to recognize a doctor's decision for natural treatment and also to cover it.
different_topic,0.556699542204539,introduce_capital_punishment,"One should not re-introduce capital punishment in Germany,",Video games ought to be included in the ranks of Olympic events.
different_topic,0.5511483152707418,introduce_capital_punishment,"One should not re-introduce capital punishment in Germany,","including planning abilities, reaction time, and reasoning to name but a few."
different_topic,0.3920130296186967,introduce_capital_punishment,"One should not re-introduce capital punishment in Germany,",The morning-after pill ought to be available over-the-counter in pharmacies.
different_topic,0.4624828159809113,introduce_capital_punishment,"One should not re-introduce capital punishment in Germany,",School uniforms should be introduced in our schools again.
different_topic,0.6808672757709728,introduce_capital_punishment,"One should not re-introduce capital punishment in Germany,",The EU should exert influence on the political events in Ukraine.
different_topic,0.4625796377658844,introduce_capital_punishment,"One should not re-introduce capital punishment in Germany,",There should be much higher fines for dog dirt left on pavements.
different_topic,0.38994167745113373,introduce_capital_punishment,"One should not re-introduce capital punishment in Germany,",Secret services must be more tightly regulated in order to prevent excessive surveillance.
different_topic,0.3525717361615255,introduce_capital_punishment,"One should not re-introduce capital punishment in Germany,",dispensing it without medical advice would be inappropriate.
different_topic,0.34703287482261663,introduce_capital_punishment,"One should not re-introduce capital punishment in Germany,",For instance the morning-after pill could result in a decrease in the use of condoms and thus lead to an increase in new infections with Aids.
different_topic,0.42643742322921757,introduce_capital_punishment,"One should not re-introduce capital punishment in Germany,",As a central airport Berlin Tegel is particularly attractive for business travellers and should by all means remain operational.
different_topic,0.4061067998409271,introduce_capital_punishment,"One should not re-introduce capital punishment in Germany,",Acquiring CDs with tax data of tax delinquents is therefore out of the question.
different_topic,0.42004296349154574,introduce_capital_punishment,"One should not re-introduce capital punishment in Germany,",That's why intelligence services must be regulated in the framework of parliamentary oversight committees.
different_topic,0.388418127189983,introduce_capital_punishment,"One should not re-introduce capital punishment in Germany,",The morning-after pill should only be prescribed after counselling by a physician or pharmacist.
different_topic,0.6267974935472012,introduce_capital_punishment,"One should not re-introduce capital punishment in Germany,",Therefore universities should not charge tuition fees in Germany.
different_topic,0.4715105484832417,introduce_capital_punishment,"One should not re-introduce capital punishment in Germany,",Due to the many random factors the bachelor thesis should not play a bigger role.
different_topic,0.35243895981046885,introduce_capital_punishment,"One should not re-introduce capital punishment in Germany,",Raising the relative retirement age on the basis of the physical fitness of the average citizen is fair.
different_topic,0.4463343574450567,introduce_capital_punishment,"One should not re-introduce capital punishment in Germany,",For these reasons supermarkets and shopping centres should not be allowed to be open for business on arbitrary Sundays and holidays.
different_topic,0.4163487922577631,introduce_capital_punishment,"One should not re-introduce capital punishment in Germany,",the statutory retirement age should in the future not remain at 63 years.
different_topic,0.5476474761962891,introduce_capital_punishment,"One should not re-introduce capital punishment in Germany,",That's why the statutory health insurance companies should not cover such treatments.
different_topic,0.47624562501907347,introduce_capital_punishment,"One should not re-introduce capital punishment in Germany,","If however one could find a compromise between green space and housing, then Tempelhofer Feld should definitely be made available for residential construction."
different_topic,0.3865207672119141,introduce_capital_punishment,"One should not re-introduce capital punishment in Germany,",I argue categorically in favour of over-the-counter availability of the morning-after pill in pharmacies.
different_topic,0.6659855244060358,introduce_capital_punishment,"One should not re-introduce capital punishment in Germany,",the EU should intervene right away.
different_topic,0.38624582439661026,introduce_capital_punishment,"One should not re-introduce capital punishment in Germany,","Especially now, as there is a lack of skilled labour, it's irresponsible for the economy and prosperity to retire at 63."
different_topic,0.5521693250962666,introduce_capital_punishment,"One should not re-introduce capital punishment in Germany,",It would be fair to make them into an Olympic event.
different_topic,0.40127724409103394,introduce_capital_punishment,"One should not re-introduce capital punishment in Germany,",A cap on rent increases upon tenant change is therefore not to be supported.
different_topic,0.4230493037473587,introduce_capital_punishment,"One should not re-introduce capital punishment in Germany,",Opening on Sundays and holidays would therefore help both customers and shops.
different_topic,0.32663513081414364,introduce_capital_punishment,"One should not re-introduce capital punishment in Germany,",Higher penalties for dog dirt are pointless as long as there is not enough personnel to enforce them.
different_topic,0.4500963820351494,introduce_capital_punishment,"One should not re-introduce capital punishment in Germany,",I am not of the opinion that the retirement age should be set at 63 years.
different_topic,0.4685761597421434,introduce_capital_punishment,"One should not re-introduce capital punishment in Germany,","After the new BER Airport has been commissioned, Tegel should definitely be closed."
different_topic,0.5701056011021137,introduce_capital_punishment,"One should not re-introduce capital punishment in Germany,",Not everyone should be obliged to pay the TV & radio licence.
different_topic,0.5779785248968337,introduce_capital_punishment,"One should not re-introduce capital punishment in Germany,",Actually it would be justified if all German universities charged tuition fees.
different_topic,0.5611738506704569,introduce_capital_punishment,"One should not re-introduce capital punishment in Germany,",Current regulations for the calculation of the total grade should therefore be maintained.
different_topic,0.41240527318871545,introduce_capital_punishment,"One should not re-introduce capital punishment in Germany,",Supermarkets and shopping centres should be allowed to open on any Sundays and holidays.
different_topic,0.4513745222772871,introduce_capital_punishment,"One should not re-introduce capital punishment in Germany,","Many European countries, for instance the Netherlands, Sweden and Great Britain, have already understood this and successfully adjusted the opening hours for retailers."
same_topic,0.3647909272800792,introduce_capital_punishment,"One should not re-introduce capital punishment in Germany,",We don't need it.
different_topic,0.3952217201391856,introduce_capital_punishment,"One should not re-introduce capital punishment in Germany,",Supermarkets and shopping centres should be allowed to open any Sundays and holidays at their discretion.
different_topic,0.381394145488739,introduce_capital_punishment,"One should not re-introduce capital punishment in Germany,","If there were higher fines for leaving dog dirt on pavements, there would presumably be less dog dirt,"
same_topic,0.7130131784238314,introduce_capital_punishment,"One should not re-introduce capital punishment in Germany,",Germany should by no means introduce capital punishment.
different_topic,0.4099442207294962,introduce_capital_punishment,"One should not re-introduce capital punishment in Germany,","Considering what's on television these days, it would be appropriate to only have those people pay who actually (want to) follow the programming."
different_topic,0.444875767827034,introduce_capital_punishment,"One should not re-introduce capital punishment in Germany,","If there must be rent increases, there should also be a cap to avoid nasty surprises."
different_topic,0.5388098787516356,introduce_capital_punishment,"One should not re-introduce capital punishment in Germany,",German universities should on no account charge tuition fees.
different_topic,0.47033515423536304,introduce_capital_punishment,"One should not re-introduce capital punishment in Germany,",Hence it is good when shops are not open on Sundays and public holidays.
different_topic,0.5218139773323421,introduce_capital_punishment,"One should not re-introduce capital punishment in Germany,","Intelligence services should be more closely regulated by parliament,"
different_topic,0.5660859303815025,introduce_capital_punishment,"One should not re-introduce capital punishment in Germany,","BER should be re-conceptualized from scratch,"
different_topic,0.6000919852937971,introduce_capital_punishment,"One should not re-introduce capital punishment in Germany,",the EU should not intervene in local politics.
different_topic,0.426811607111068,introduce_capital_punishment,"One should not re-introduce capital punishment in Germany,","The implementation of retirement at 63 is no longer socially sustainable,"
different_topic,0.47246625274419785,introduce_capital_punishment,"One should not re-introduce capital punishment in Germany,",That's why there ought to be one day a week when supermarkets and shopping centres stay closed.
different_topic,0.36075873214464926,introduce_capital_punishment,"One should not re-introduce capital punishment in Germany,",everyone should chip in.
same_topic,0.4429979899099895,introduce_capital_punishment,"One should not re-introduce capital punishment in Germany,",The state ought to prevent murder - not avenge it.
different_topic,0.4414222240447998,introduce_capital_punishment,"One should not re-introduce capital punishment in Germany,",A constant increase in rent upon a change of tenants hence cannot be desired by society.
different_topic,0.5351655648814307,introduce_capital_punishment,"One should not re-introduce capital punishment in Germany,",It is quite clear that Sunday should remain a day of rest.
different_topic,0.3920823484659195,introduce_capital_punishment,"One should not re-introduce capital punishment in Germany,","The BA dissertation should, if not make up the entire grade, then at least constitute a larger share of it."
different_topic,0.42772329666397785,introduce_capital_punishment,"One should not re-introduce capital punishment in Germany,","Dog owners should pay higher fines for dog dirt left on pavements,"
same_topic,0.5950262807309628,introduce_capital_punishment,"One should not re-introduce capital punishment in Germany,","Still, the state needs the death penalty as a deterrent to horrific crimes."
different_topic,0.46190438384101506,introduce_capital_punishment,"One should not re-introduce capital punishment in Germany,",The TV license fee should only be collected from those who actually make use of the programming of the public broadcasters.
different_topic,0.4327411603927612,introduce_capital_punishment,"One should not re-introduce capital punishment in Germany,",No one should have the possibility to pick up the morning-after pill over the counter at the pharmacy.
different_topic,0.5412726952479435,introduce_capital_punishment,"One should not re-introduce capital punishment in Germany,",Increasing penalties is therefore the right way.
different_topic,0.4104685200886292,higher_dog_poo_fines,There should be a higher fine for dog dirt on the pavement.,"I find the peripheral housing development at Tempelhofer Feld right for urban planning reasons,"
different_topic,0.3350500948727131,higher_dog_poo_fines,There should be a higher fine for dog dirt on the pavement.,Tuition fees should not generally be charged by universities.
different_topic,0.43432167690733203,higher_dog_poo_fines,There should be a higher fine for dog dirt on the pavement.,The health insurance companies ought to be enabled to recognize a doctor's decision for natural treatment and also to cover it.
different_topic,0.5269022303469041,higher_dog_poo_fines,There should be a higher fine for dog dirt on the pavement.,Video games ought to be included in the ranks of Olympic events.
different_topic,0.46468479856848716,higher_dog_poo_fines,There should be a higher fine for dog dirt on the pavement.,"including planning abilities, reaction time, and reasoning to name but a few."
different_topic,0.44745352243383724,higher_dog_poo_fines,There should be a higher fine for dog dirt on the pavement.,The morning-after pill ought to be available over-the-counter in pharmacies.
different_topic,0.4623576122171738,higher_dog_poo_fines,There should be a higher fine for dog dirt on the pavement.,School uniforms should be introduced in our schools again.
different_topic,0.4550516275983108,higher_dog_poo_fines,There should be a higher fine for dog dirt on the pavement.,The EU should exert influence on the political events in Ukraine.
same_topic,0.8717124245383523,higher_dog_poo_fines,There should be a higher fine for dog dirt on the pavement.,There should be much higher fines for dog dirt left on pavements.
different_topic,0.5570807971737602,higher_dog_poo_fines,There should be a higher fine for dog dirt on the pavement.,Secret services must be more tightly regulated in order to prevent excessive surveillance.
different_topic,0.3191048343976339,higher_dog_poo_fines,There should be a higher fine for dog dirt on the pavement.,dispensing it without medical advice would be inappropriate.
different_topic,0.36993719850267687,higher_dog_poo_fines,There should be a higher fine for dog dirt on the pavement.,For instance the morning-after pill could result in a decrease in the use of condoms and thus lead to an increase in new infections with Aids.
different_topic,0.44908801162684403,higher_dog_poo_fines,There should be a higher fine for dog dirt on the pavement.,As a central airport Berlin Tegel is particularly attractive for business travellers and should by all means remain operational.
different_topic,0.4279841039152372,higher_dog_poo_fines,There should be a higher fine for dog dirt on the pavement.,Acquiring CDs with tax data of tax delinquents is therefore out of the question.
different_topic,0.3519713953137398,higher_dog_poo_fines,There should be a higher fine for dog dirt on the pavement.,That's why intelligence services must be regulated in the framework of parliamentary oversight committees.
different_topic,0.4150203925867875,higher_dog_poo_fines,There should be a higher fine for dog dirt on the pavement.,The morning-after pill should only be prescribed after counselling by a physician or pharmacist.
different_topic,0.43367150425910955,higher_dog_poo_fines,There should be a higher fine for dog dirt on the pavement.,Therefore universities should not charge tuition fees in Germany.
different_topic,0.5826093169550101,higher_dog_poo_fines,There should be a higher fine for dog dirt on the pavement.,Due to the many random factors the bachelor thesis should not play a bigger role.
different_topic,0.4382253844290972,higher_dog_poo_fines,There should be a higher fine for dog dirt on the pavement.,Raising the relative retirement age on the basis of the physical fitness of the average citizen is fair.
different_topic,0.46437955328396385,higher_dog_poo_fines,There should be a higher fine for dog dirt on the pavement.,For these reasons supermarkets and shopping centres should not be allowed to be open for business on arbitrary Sundays and holidays.
different_topic,0.5030230257822119,higher_dog_poo_fines,There should be a higher fine for dog dirt on the pavement.,the statutory retirement age should in the future not remain at 63 years.
different_topic,0.5039534767468771,higher_dog_poo_fines,There should be a higher fine for dog dirt on the pavement.,That's why the statutory health insurance companies should not cover such treatments.
different_topic,0.4489743356351499,higher_dog_poo_fines,There should be a higher fine for dog dirt on the pavement.,"If however one could find a compromise between green space and housing, then Tempelhofer Feld should definitely be made available for residential construction."
different_topic,0.42593591080771553,higher_dog_poo_fines,There should be a higher fine for dog dirt on the pavement.,I argue categorically in favour of over-the-counter availability of the morning-after pill in pharmacies.
different_topic,0.5580776298747343,higher_dog_poo_fines,There should be a higher fine for dog dirt on the pavement.,the EU should intervene right away.
different_topic,0.4617798523260997,higher_dog_poo_fines,There should be a higher fine for dog dirt on the pavement.,"Especially now, as there is a lack of skilled labour, it's irresponsible for the economy and prosperity to retire at 63."
different_topic,0.47841266915202146,higher_dog_poo_fines,There should be a higher fine for dog dirt on the pavement.,It would be fair to make them into an Olympic event.
different_topic,0.4998443010060683,higher_dog_poo_fines,There should be a higher fine for dog dirt on the pavement.,A cap on rent increases upon tenant change is therefore not to be supported.
different_topic,0.49071570064710535,higher_dog_poo_fines,There should be a higher fine for dog dirt on the pavement.,Opening on Sundays and holidays would therefore help both customers and shops.
same_topic,0.6005006233851115,higher_dog_poo_fines,There should be a higher fine for dog dirt on the pavement.,Higher penalties for dog dirt are pointless as long as there is not enough personnel to enforce them.
different_topic,0.5131560444831849,higher_dog_poo_fines,There should be a higher fine for dog dirt on the pavement.,I am not of the opinion that the retirement age should be set at 63 years.
different_topic,0.4595705926418304,higher_dog_poo_fines,There should be a higher fine for dog dirt on the pavement.,"After the new BER Airport has been commissioned, Tegel should definitely be closed."
different_topic,0.44840617477893835,higher_dog_poo_fines,There should be a higher fine for dog dirt on the pavement.,Not everyone should be obliged to pay the TV & radio licence.
different_topic,0.3950166039168835,higher_dog_poo_fines,There should be a higher fine for dog dirt on the pavement.,Actually it would be justified if all German universities charged tuition fees.
different_topic,0.47348471482594806,higher_dog_poo_fines,There should be a higher fine for dog dirt on the pavement.,Current regulations for the calculation of the total grade should therefore be maintained.
different_topic,0.4795871686935425,higher_dog_poo_fines,There should be a higher fine for dog dirt on the pavement.,Supermarkets and shopping centres should be allowed to open on any Sundays and holidays.
different_topic,0.4286228199799855,higher_dog_poo_fines,There should be a higher fine for dog dirt on the pavement.,"Many European countries, for instance the Netherlands, Sweden and Great Britain, have already understood this and successfully adjusted the opening hours for retailers."
different_topic,0.30144187120290905,higher_dog_poo_fines,There should be a higher fine for dog dirt on the pavement.,We don't need it.
different_topic,0.46114150835917544,higher_dog_poo_fines,There should be a higher fine for dog dirt on the pavement.,Supermarkets and shopping centres should be allowed to open any Sundays and holidays at their discretion.
same_topic,0.7102842066023085,higher_dog_poo_fines,There should be a higher fine for dog dirt on the pavement.,"If there were higher fines for leaving dog dirt on pavements, there would presumably be less dog dirt,"
different_topic,0.520626513730912,higher_dog_poo_fines,There should be a higher fine for dog dirt on the pavement.,Germany should by no means introduce capital punishment.
different_topic,0.3923371350765228,higher_dog_poo_fines,There should be a higher fine for dog dirt on the pavement.,"Considering what's on television these days, it would be appropriate to only have those people pay who actually (want to) follow the programming."
different_topic,0.6195256818424572,higher_dog_poo_fines,There should be a higher fine for dog dirt on the pavement.,"If there must be rent increases, there should also be a cap to avoid nasty surprises."
different_topic,0.3781706889470419,higher_dog_poo_fines,There should be a higher fine for dog dirt on the pavement.,German universities should on no account charge tuition fees.
different_topic,0.47638336907733564,higher_dog_poo_fines,There should be a higher fine for dog dirt on the pavement.,Hence it is good when shops are not open on Sundays and public holidays.
different_topic,0.5746647585993228,higher_dog_poo_fines,There should be a higher fine for dog dirt on the pavement.,"Intelligence services should be more closely regulated by parliament,"
different_topic,0.40883635543286806,higher_dog_poo_fines,There should be a higher fine for dog dirt on the pavement.,"BER should be re-conceptualized from scratch,"
different_topic,0.39493732154369354,higher_dog_poo_fines,There should be a higher fine for dog dirt on the pavement.,the EU should not intervene in local politics.
different_topic,0.49331788006036176,higher_dog_poo_fines,There should be a higher fine for dog dirt on the pavement.,"The implementation of retirement at 63 is no longer socially sustainable,"
different_topic,0.5457559525966644,higher_dog_poo_fines,There should be a higher fine for dog dirt on the pavement.,That's why there ought to be one day a week when supermarkets and shopping centres stay closed.
different_topic,0.4940830667813619,higher_dog_poo_fines,There should be a higher fine for dog dirt on the pavement.,everyone should chip in.
different_topic,0.35450021922588354,higher_dog_poo_fines,There should be a higher fine for dog dirt on the pavement.,The state ought to prevent murder - not avenge it.
different_topic,0.4362430714070797,higher_dog_poo_fines,There should be a higher fine for dog dirt on the pavement.,A constant increase in rent upon a change of tenants hence cannot be desired by society.
different_topic,0.5913727164268494,higher_dog_poo_fines,There should be a higher fine for dog dirt on the pavement.,It is quite clear that Sunday should remain a day of rest.
different_topic,0.4800869991381963,higher_dog_poo_fines,There should be a higher fine for dog dirt on the pavement.,"The BA dissertation should, if not make up the entire grade, then at least constitute a larger share of it."
same_topic,0.7990697224934895,higher_dog_poo_fines,There should be a higher fine for dog dirt on the pavement.,"Dog owners should pay higher fines for dog dirt left on pavements,"
different_topic,0.3573217375410928,higher_dog_poo_fines,There should be a higher fine for dog dirt on the pavement.,"Still, the state needs the death penalty as a deterrent to horrific crimes."
different_topic,0.4305025591798451,higher_dog_poo_fines,There should be a higher fine for dog dirt on the pavement.,The TV license fee should only be collected from those who actually make use of the programming of the public broadcasters.
different_topic,0.4291259293203,higher_dog_poo_fines,There should be a higher fine for dog dirt on the pavement.,No one should have the possibility to pick up the morning-after pill over the counter at the pharmacy.
same_topic,0.41704552570978803,higher_dog_poo_fines,There should be a higher fine for dog dirt on the pavement.,Increasing penalties is therefore the right way.
different_topic,0.28786928455034894,partial_housing_development_at_Tempelhofer_Feld,"I find the peripheral housing development at Tempelhofer Feld right for urban planning reasons,",Tuition fees should not generally be charged by universities.
different_topic,0.4306780886650085,partial_housing_development_at_Tempelhofer_Feld,"I find the peripheral housing development at Tempelhofer Feld right for urban planning reasons,",The health insurance companies ought to be enabled to recognize a doctor's decision for natural treatment and also to cover it.
different_topic,0.4549436851551659,partial_housing_development_at_Tempelhofer_Feld,"I find the peripheral housing development at Tempelhofer Feld right for urban planning reasons,",Video games ought to be included in the ranks of Olympic events.
different_topic,0.6814749565991488,partial_housing_development_at_Tempelhofer_Feld,"I find the peripheral housing development at Tempelhofer Feld right for urban planning reasons,","including planning abilities, reaction time, and reasoning to name but a few."
different_topic,0.3753912901649109,partial_housing_development_at_Tempelhofer_Feld,"I find the peripheral housing development at Tempelhofer Feld right for urban planning reasons,",The morning-after pill ought to be available over-the-counter in pharmacies.
different_topic,0.3440470915091665,partial_housing_development_at_Tempelhofer_Feld,"I find the peripheral housing development at Tempelhofer Feld right for urban planning reasons,",School uniforms should be introduced in our schools again.
different_topic,0.5525458710534232,partial_housing_development_at_Tempelhofer_Feld,"I find the peripheral housing development at Tempelhofer Feld right for urban planning reasons,",The EU should exert influence on the political events in Ukraine.
different_topic,0.47503338009119034,partial_housing_development_at_Tempelhofer_Feld,"I find the peripheral housing development at Tempelhofer Feld right for urban planning reasons,",There should be much higher fines for dog dirt left on pavements.
different_topic,0.438142791390419,partial_housing_development_at_Tempelhofer_Feld,"I find the peripheral housing development at Tempelhofer Feld right for urban planning reasons,",Secret services must be more tightly regulated in order to prevent excessive surveillance.
different_topic,0.2854199957321672,partial_housing_development_at_Tempelhofer_Feld,"I find the peripheral housing development at Tempelhofer Feld right for urban planning reasons,",dispensing it without medical advice would be inappropriate.
different_topic,0.40104953249295555,partial_housing_development_at_Tempelhofer_Feld,"I find the peripheral housing development at Tempelhofer Feld right for urban planning reasons,",For instance the morning-after pill could result in a decrease in the use of condoms and thus lead to an increase in new infections with Aids.
different_topic,0.4537186740801252,partial_housing_development_at_Tempelhofer_Feld,"I find the peripheral housing development at Tempelhofer Feld right for urban planning reasons,",As a central airport Berlin Tegel is particularly attractive for business travellers and should by all means remain operational.
different_topic,0.5241771482903024,partial_housing_development_at_Tempelhofer_Feld,"I find the peripheral housing development at Tempelhofer Feld right for urban planning reasons,",Acquiring CDs with tax data of tax delinquents is therefore out of the question.
different_topic,0.42625405571677466,partial_housing_development_at_Tempelhofer_Feld,"I find the peripheral housing development at Tempelhofer Feld right for urban planning reasons,",That's why intelligence services must be regulated in the framework of parliamentary oversight committees.
different_topic,0.3807222694158554,partial_housing_development_at_Tempelhofer_Feld,"I find the peripheral housing development at Tempelhofer Feld right for urban planning reasons,",The morning-after pill should only be prescribed after counselling by a physician or pharmacist.
different_topic,0.49094308540225023,partial_housing_development_at_Tempelhofer_Feld,"I find the peripheral housing development at Tempelhofer Feld right for urban planning reasons,",Therefore universities should not charge tuition fees in Germany.
different_topic,0.567098380281375,partial_housing_development_at_Tempelhofer_Feld,"I find the peripheral housing development at Tempelhofer Feld right for urban planning reasons,",Due to the many random factors the bachelor thesis should not play a bigger role.
different_topic,0.39681589061563666,partial_housing_development_at_Tempelhofer_Feld,"I find the peripheral housing development at Tempelhofer Feld right for urban planning reasons,",Raising the relative retirement age on the basis of the physical fitness of the average citizen is fair.
different_topic,0.4457811762889226,partial_housing_development_at_Tempelhofer_Feld,"I find the peripheral housing development at Tempelhofer Feld right for urban planning reasons,",For these reasons supermarkets and shopping centres should not be allowed to be open for business on arbitrary Sundays and holidays.
different_topic,0.4143831253051758,partial_housing_development_at_Tempelhofer_Feld,"I find the peripheral housing development at Tempelhofer Feld right for urban planning reasons,",the statutory retirement age should in the future not remain at 63 years.
different_topic,0.5550551207169242,partial_housing_development_at_Tempelhofer_Feld,"I find the peripheral housing development at Tempelhofer Feld right for urban planning reasons,",That's why the statutory health insurance companies should not cover such treatments.
same_topic,0.5671773496372946,partial_housing_development_at_Tempelhofer_Feld,"I find the peripheral housing development at Tempelhofer Feld right for urban planning reasons,","If however one could find a compromise between green space and housing, then Tempelhofer Feld should definitely be made available for residential construction."
different_topic,0.4176554561688982,partial_housing_development_at_Tempelhofer_Feld,"I find the peripheral housing development at Tempelhofer Feld right for urban planning reasons,",I argue categorically in favour of over-the-counter availability of the morning-after pill in pharmacies.
different_topic,0.4575678643427397,partial_housing_development_at_Tempelhofer_Feld,"I find the peripheral housing development at Tempelhofer Feld right for urban planning reasons,",the EU should intervene right away.
different_topic,0.48915000685623716,partial_housing_development_at_Tempelhofer_Feld,"I find the peripheral housing development at Tempelhofer Feld right for urban planning reasons,","Especially now, as there is a lack of skilled labour, it's irresponsible for the economy and prosperity to retire at 63."
different_topic,0.49775274594624835,partial_housing_development_at_Tempelhofer_Feld,"I find the peripheral housing development at Tempelhofer Feld right for urban planning reasons,",It would be fair to make them into an Olympic event.
different_topic,0.4595263845473528,partial_housing_development_at_Tempelhofer_Feld,"I find the peripheral housing development at Tempelhofer Feld right for urban planning reasons,",A cap on rent increases upon tenant change is therefore not to be supported.
different_topic,0.5168143397569657,partial_housing_development_at_Tempelhofer_Feld,"I find the peripheral housing development at Tempelhofer Feld right for urban planning reasons,",Opening on Sundays and holidays would therefore help both customers and shops.
different_topic,0.393759542144835,partial_housing_development_at_Tempelhofer_Feld,"I find the peripheral housing development at Tempelhofer Feld right for urban planning reasons,",Higher penalties for dog dirt are pointless as long as there is not enough personnel to enforce them.
different_topic,0.43187405372207816,partial_housing_development_at_Tempelhofer_Feld,"I find the peripheral housing development at Tempelhofer Feld right for urban planning reasons,",I am not of the opinion that the retirement age should be set at 63 years.
different_topic,0.4759813194925135,partial_housing_development_at_Tempelhofer_Feld,"I find the peripheral housing development at Tempelhofer Feld right for urban planning reasons,","After the new BER Airport has been commissioned, Tegel should definitely be closed."
different_topic,0.39843865633010866,partial_housing_development_at_Tempelhofer_Feld,"I find the peripheral housing development at Tempelhofer Feld right for urban planning reasons,",Not everyone should be obliged to pay the TV & radio licence.
different_topic,0.5487001091241838,partial_housing_development_at_Tempelhofer_Feld,"I find the peripheral housing development at Tempelhofer Feld right for urban planning reasons,",Actually it would be justified if all German universities charged tuition fees.
different_topic,0.46676992774009707,partial_housing_development_at_Tempelhofer_Feld,"I find the peripheral housing development at Tempelhofer Feld right for urban planning reasons,",Current regulations for the calculation of the total grade should therefore be maintained.
different_topic,0.3919979579470776,partial_housing_development_at_Tempelhofer_Feld,"I find the peripheral housing development at Tempelhofer Feld right for urban planning reasons,",Supermarkets and shopping centres should be allowed to open on any Sundays and holidays.
different_topic,0.46731563890352845,partial_housing_development_at_Tempelhofer_Feld,"I find the peripheral housing development at Tempelhofer Feld right for urban planning reasons,","Many European countries, for instance the Netherlands, Sweden and Great Britain, have already understood this and successfully adjusted the opening hours for retailers."
different_topic,0.26656057834625246,partial_housing_development_at_Tempelhofer_Feld,"I find the peripheral housing development at Tempelhofer Feld right for urban planning reasons,",We don't need it.
different_topic,0.3779980308775391,partial_housing_development_at_Tempelhofer_Feld,"I find the peripheral housing development at Tempelhofer Feld right for urban planning reasons,",Supermarkets and shopping centres should be allowed to open any Sundays and holidays at their discretion.
different_topic,0.41836012848492327,partial_housing_development_at_Tempelhofer_Feld,"I find the peripheral housing development at Tempelhofer Feld right for urban planning reasons,","If there were higher fines for leaving dog dirt on pavements, there would presumably be less dog dirt,"
different_topic,0.5052534302939539,partial_housing_development_at_Tempelhofer_Feld,"I find the peripheral housing development at Tempelhofer Feld right for urban planning reasons,",Germany should by no means introduce capital punishment.
different_topic,0.5685812637761787,partial_housing_development_at_Tempelhofer_Feld,"I find the peripheral housing development at Tempelhofer Feld right for urban planning reasons,","Considering what's on television these days, it would be appropriate to only have those people pay who actually (want to) follow the programming."
different_topic,0.46599836274981493,partial_housing_development_at_Tempelhofer_Feld,"I find the peripheral housing development at Tempelhofer Feld right for urban planning reasons,","If there must be rent increases, there should also be a cap to avoid nasty surprises."
different_topic,0.42178437635302546,partial_housing_development_at_Tempelhofer_Feld,"I find the peripheral housing development at Tempelhofer Feld right for urban planning reasons,",German universities should on no account charge tuition fees.
different_topic,0.5209771953523159,partial_housing_development_at_Tempelhofer_Feld,"I find the peripheral housing development at Tempelhofer Feld right for urban planning reasons,",Hence it is good when shops are not open on Sundays and public holidays.
different_topic,0.5055490756034852,partial_housing_development_at_Tempelhofer_Feld,"I find the peripheral housing development at Tempelhofer Feld right for urban planning reasons,","Intelligence services should be more closely regulated by parliament,"
different_topic,0.3785572912957933,partial_housing_development_at_Tempelhofer_Feld,"I find the peripheral housing development at Tempelhofer Feld right for urban planning reasons,","BER should be re-conceptualized from scratch,"
different_topic,0.37936694754494565,partial_housing_development_at_Tempelhofer_Feld,"I find the peripheral housing development at Tempelhofer Feld right for urban planning reasons,",the EU should not intervene in local politics.
different_topic,0.5015323257446289,partial_housing_development_at_Tempelhofer_Feld,"I find the peripheral housing development at Tempelhofer Feld right for urban planning reasons,","The implementation of retirement at 63 is no longer socially sustainable,"
different_topic,0.5116718815905706,partial_housing_development_at_Tempelhofer_Feld,"I find the peripheral housing development at Tempelhofer Feld right for urban planning reasons,",That's why there ought to be one day a week when supermarkets and shopping centres stay closed.
different_topic,0.22409499480443842,partial_housing_development_at_Tempelhofer_Feld,"I find the peripheral housing development at Tempelhofer Feld right for urban planning reasons,",everyone should chip in.
different_topic,0.2876988914277819,partial_housing_development_at_Tempelhofer_Feld,"I find the peripheral housing development at Tempelhofer Feld right for urban planning reasons,",The state ought to prevent murder - not avenge it.
different_topic,0.4468996091322465,partial_housing_development_at_Tempelhofer_Feld,"I find the peripheral housing development at Tempelhofer Feld right for urban planning reasons,",A constant increase in rent upon a change of tenants hence cannot be desired by society.
different_topic,0.4642659378322688,partial_housing_development_at_Tempelhofer_Feld,"I find the peripheral housing development at Tempelhofer Feld right for urban planning reasons,",It is quite clear that Sunday should remain a day of rest.
different_topic,0.43664997071027756,partial_housing_development_at_Tempelhofer_Feld,"I find the peripheral housing development at Tempelhofer Feld right for urban planning reasons,","The BA dissertation should, if not make up the entire grade, then at least constitute a larger share of it."
different_topic,0.49453075115497297,partial_housing_development_at_Tempelhofer_Feld,"I find the peripheral housing development at Tempelhofer Feld right for urban planning reasons,","Dog owners should pay higher fines for dog dirt left on pavements,"
different_topic,0.4050193205475808,partial_housing_development_at_Tempelhofer_Feld,"I find the peripheral housing development at Tempelhofer Feld right for urban planning reasons,","Still, the state needs the death penalty as a deterrent to horrific crimes."
different_topic,0.47073251634836194,partial_housing_development_at_Tempelhofer_Feld,"I find the peripheral housing development at Tempelhofer Feld right for urban planning reasons,",The TV license fee should only be collected from those who actually make use of the programming of the public broadcasters.
different_topic,0.44054998662965056,partial_housing_development_at_Tempelhofer_Feld,"I find the peripheral housing development at Tempelhofer Feld right for urban planning reasons,",No one should have the possibility to pick up the morning-after pill over the counter at the pharmacy.
different_topic,0.4649165342835819,partial_housing_development_at_Tempelhofer_Feld,"I find the peripheral housing development at Tempelhofer Feld right for urban planning reasons,",Increasing penalties is therefore the right way.
different_topic,0.30972832598184286,charge_tuition_fees,Tuition fees should not generally be charged by universities.,The health insurance companies ought to be enabled to recognize a doctor's decision for natural treatment and also to cover it.
different_topic,0.373553603887558,charge_tuition_fees,Tuition fees should not generally be charged by universities.,Video games ought to be included in the ranks of Olympic events.
different_topic,0.2664999514818191,charge_tuition_fees,Tuition fees should not generally be charged by universities.,"including planning abilities, reaction time, and reasoning to name but a few."
different_topic,0.33386475443840025,charge_tuition_fees,Tuition fees should not generally be charged by universities.,The morning-after pill ought to be available over-the-counter in pharmacies.
different_topic,0.37805713140047514,charge_tuition_fees,Tuition fees should not generally be charged by universities.,School uniforms should be introduced in our schools again.
different_topic,0.36525747974713635,charge_tuition_fees,Tuition fees should not generally be charged by universities.,The EU should exert influence on the political events in Ukraine.
different_topic,0.29782230655352276,charge_tuition_fees,Tuition fees should not generally be charged by universities.,There should be much higher fines for dog dirt left on pavements.
different_topic,0.23857027623388496,charge_tuition_fees,Tuition fees should not generally be charged by universities.,Secret services must be more tightly regulated in order to prevent excessive surveillance.
different_topic,0.28846399486064916,charge_tuition_fees,Tuition fees should not generally be charged by universities.,dispensing it without medical advice would be inappropriate.
different_topic,0.2281244844198227,charge_tuition_fees,Tuition fees should not generally be charged by universities.,For instance the morning-after pill could result in a decrease in the use of condoms and thus lead to an increase in new infections with Aids.
different_topic,0.3034738587296527,charge_tuition_fees,Tuition fees should not generally be charged by universities.,As a central airport Berlin Tegel is particularly attractive for business travellers and should by all means remain operational.
different_topic,0.3038680185289944,charge_tuition_fees,Tuition fees should not generally be charged by universities.,Acquiring CDs with tax data of tax delinquents is therefore out of the question.
different_topic,0.2564183250069618,charge_tuition_fees,Tuition fees should not generally be charged by universities.,That's why intelligence services must be regulated in the framework of parliamentary oversight committees.
different_topic,0.359222786128521,charge_tuition_fees,Tuition fees should not generally be charged by universities.,The morning-after pill should only be prescribed after counselling by a physician or pharmacist.
same_topic,0.7800303953034537,charge_tuition_fees,Tuition fees should not generally be charged by universities.,Therefore universities should not charge tuition fees in Germany.
different_topic,0.2743764594197273,charge_tuition_fees,Tuition fees should not generally be charged by universities.,Due to the many random factors the bachelor thesis should not play a bigger role.
different_topic,0.3048552479594946,charge_tuition_fees,Tuition fees should not generally be charged by universities.,Raising the relative retirement age on the basis of the physical fitness of the average citizen is fair.
different_topic,0.28326287120580673,charge_tuition_fees,Tuition fees should not generally be charged by universities.,For these reasons supermarkets and shopping centres should not be allowed to be open for business on arbitrary Sundays and holidays.
different_topic,0.3396738751938468,charge_tuition_fees,Tuition fees should not generally be charged by universities.,the statutory retirement age should in the future not remain at 63 years.
different_topic,0.3257643492782817,charge_tuition_fees,Tuition fees should not generally be charged by universities.,That's why the statutory health insurance companies should not cover such treatments.
different_topic,0.32347893585329474,charge_tuition_fees,Tuition fees should not generally be charged by universities.,"If however one could find a compromise between green space and housing, then Tempelhofer Feld should definitely be made available for residential construction."
different_topic,0.3089498125988504,charge_tuition_fees,Tuition fees should not generally be charged by universities.,I argue categorically in favour of over-the-counter availability of the morning-after pill in pharmacies.
different_topic,0.40078996236507713,charge_tuition_fees,Tuition fees should not generally be charged by universities.,the EU should intervene right away.
different_topic,0.2503068812868812,charge_tuition_fees,Tuition fees should not generally be charged by universities.,"Especially now, as there is a lack of skilled labour, it's irresponsible for the economy and prosperity to retire at 63."
different_topic,0.31909668833638233,charge_tuition_fees,Tuition fees should not generally be charged by universities.,It would be fair to make them into an Olympic event.
different_topic,0.2454173611967187,charge_tuition_fees,Tuition fees should not generally be charged by universities.,A cap on rent increases upon tenant change is therefore not to be supported.
different_topic,0.2943837140735827,charge_tuition_fees,Tuition fees should not generally be charged by universities.,Opening on Sundays and holidays would therefore help both customers and shops.
different_topic,0.21290369217212385,charge_tuition_fees,Tuition fees should not generally be charged by universities.,Higher penalties for dog dirt are pointless as long as there is not enough personnel to enforce them.
different_topic,0.39339660853147507,charge_tuition_fees,Tuition fees should not generally be charged by universities.,I am not of the opinion that the retirement age should be set at 63 years.
different_topic,0.4035582300275564,charge_tuition_fees,Tuition fees should not generally be charged by universities.,"After the new BER Airport has been commissioned, Tegel should definitely be closed."
different_topic,0.4023396926266806,charge_tuition_fees,Tuition fees should not generally be charged by universities.,Not everyone should be obliged to pay the TV & radio licence.
same_topic,0.6400313228368759,charge_tuition_fees,Tuition fees should not generally be charged by universities.,Actually it would be justified if all German universities charged tuition fees.
different_topic,0.3840693937880652,charge_tuition_fees,Tuition fees should not generally be charged by universities.,Current regulations for the calculation of the total grade should therefore be maintained.
different_topic,0.33731767960957115,charge_tuition_fees,Tuition fees should not generally be charged by universities.,Supermarkets and shopping centres should be allowed to open on any Sundays and holidays.
different_topic,0.19919260419332063,charge_tuition_fees,Tuition fees should not generally be charged by universities.,"Many European countries, for instance the Netherlands, Sweden and Great Britain, have already understood this and successfully adjusted the opening hours for retailers."
different_topic,0.2860860427220662,charge_tuition_fees,Tuition fees should not generally be charged by universities.,We don't need it.
different_topic,0.3225591832941229,charge_tuition_fees,Tuition fees should not generally be charged by universities.,Supermarkets and shopping centres should be allowed to open any Sundays and holidays at their discretion.
different_topic,0.23307833723399948,charge_tuition_fees,Tuition fees should not generally be charged by universities.,"If there were higher fines for leaving dog dirt on pavements, there would presumably be less dog dirt,"
different_topic,0.3217800575144151,charge_tuition_fees,Tuition fees should not generally be charged by universities.,Germany should by no means introduce capital punishment.
different_topic,0.2758598824342092,charge_tuition_fees,Tuition fees should not generally be charged by universities.,"Considering what's on television these days, it would be appropriate to only have those people pay who actually (want to) follow the programming."
different_topic,0.2850909464889102,charge_tuition_fees,Tuition fees should not generally be charged by universities.,"If there must be rent increases, there should also be a cap to avoid nasty surprises."
same_topic,0.7800303953034537,charge_tuition_fees,Tuition fees should not generally be charged by universities.,German universities should on no account charge tuition fees.
different_topic,0.3165075547165341,charge_tuition_fees,Tuition fees should not generally be charged by universities.,Hence it is good when shops are not open on Sundays and public holidays.
different_topic,0.2999595921290548,charge_tuition_fees,Tuition fees should not generally be charged by universities.,"Intelligence services should be more closely regulated by parliament,"
different_topic,0.37353381514549255,charge_tuition_fees,Tuition fees should not generally be charged by universities.,"BER should be re-conceptualized from scratch,"
different_topic,0.4217011531194051,charge_tuition_fees,Tuition fees should not generally be charged by universities.,the EU should not intervene in local politics.
different_topic,0.2770224731219442,charge_tuition_fees,Tuition fees should not generally be charged by universities.,"The implementation of retirement at 63 is no longer socially sustainable,"
different_topic,0.2729171243580905,charge_tuition_fees,Tuition fees should not generally be charged by universities.,That's why there ought to be one day a week when supermarkets and shopping centres stay closed.
different_topic,0.34527293050831015,charge_tuition_fees,Tuition fees should not generally be charged by universities.,everyone should chip in.
different_topic,0.3896751751502355,charge_tuition_fees,Tuition fees should not generally be charged by universities.,The state ought to prevent murder - not avenge it.
different_topic,0.2847886309027671,charge_tuition_fees,Tuition fees should not generally be charged by universities.,A constant increase in rent upon a change of tenants hence cannot be desired by society.
different_topic,0.490116961300373,charge_tuition_fees,Tuition fees should not generally be charged by universities.,It is quite clear that Sunday should remain a day of rest.
different_topic,0.2267356847341244,charge_tuition_fees,Tuition fees should not generally be charged by universities.,"The BA dissertation should, if not make up the entire grade, then at least constitute a larger share of it."
different_topic,0.321077361702919,charge_tuition_fees,Tuition fees should not generally be charged by universities.,"Dog owners should pay higher fines for dog dirt left on pavements,"
different_topic,0.3199581652879715,charge_tuition_fees,Tuition fees should not generally be charged by universities.,"Still, the state needs the death penalty as a deterrent to horrific crimes."
different_topic,0.3777114356818952,charge_tuition_fees,Tuition fees should not generally be charged by universities.,The TV license fee should only be collected from those who actually make use of the programming of the public broadcasters.
different_topic,0.28473135699396546,charge_tuition_fees,Tuition fees should not generally be charged by universities.,No one should have the possibility to pick up the morning-after pill over the counter at the pharmacy.
different_topic,0.3313178826462138,charge_tuition_fees,Tuition fees should not generally be charged by universities.,Increasing penalties is therefore the right way.
different_topic,0.3387060269713402,health_insurance_cover_complementary_medicine,The health insurance companies ought to be enabled to recognize a doctor's decision for natural treatment and also to cover it.,Video games ought to be included in the ranks of Olympic events.
different_topic,0.4381693031476891,health_insurance_cover_complementary_medicine,The health insurance companies ought to be enabled to recognize a doctor's decision for natural treatment and also to cover it.,"including planning abilities, reaction time, and reasoning to name but a few."
different_topic,0.4471370394307155,health_insurance_cover_complementary_medicine,The health insurance companies ought to be enabled to recognize a doctor's decision for natural treatment and also to cover it.,The morning-after pill ought to be available over-the-counter in pharmacies.
different_topic,0.36815190017223354,health_insurance_cover_complementary_medicine,The health insurance companies ought to be enabled to recognize a doctor's decision for natural treatment and also to cover it.,School uniforms should be introduced in our schools again.
different_topic,0.3801665251905268,health_insurance_cover_complementary_medicine,The health insurance companies ought to be enabled to recognize a doctor's decision for natural treatment and also to cover it.,The EU should exert influence on the political events in Ukraine.
different_topic,0.4411918389797211,health_insurance_cover_complementary_medicine,The health insurance companies ought to be enabled to recognize a doctor's decision for natural treatment and also to cover it.,There should be much higher fines for dog dirt left on pavements.
different_topic,0.39599954545497895,health_insurance_cover_complementary_medicine,The health insurance companies ought to be enabled to recognize a doctor's decision for natural treatment and also to cover it.,Secret services must be more tightly regulated in order to prevent excessive surveillance.
different_topic,0.35363771518071496,health_insurance_cover_complementary_medicine,The health insurance companies ought to be enabled to recognize a doctor's decision for natural treatment and also to cover it.,dispensing it without medical advice would be inappropriate.
different_topic,0.47262505754347767,health_insurance_cover_complementary_medicine,The health insurance companies ought to be enabled to recognize a doctor's decision for natural treatment and also to cover it.,For instance the morning-after pill could result in a decrease in the use of condoms and thus lead to an increase in new infections with Aids.
different_topic,0.4586788098017375,health_insurance_cover_complementary_medicine,The health insurance companies ought to be enabled to recognize a doctor's decision for natural treatment and also to cover it.,As a central airport Berlin Tegel is particularly attractive for business travellers and should by all means remain operational.
different_topic,0.4363280783096949,health_insurance_cover_complementary_medicine,The health insurance companies ought to be enabled to recognize a doctor's decision for natural treatment and also to cover it.,Acquiring CDs with tax data of tax delinquents is therefore out of the question.
different_topic,0.35663036289422406,health_insurance_cover_complementary_medicine,The health insurance companies ought to be enabled to recognize a doctor's decision for natural treatment and also to cover it.,That's why intelligence services must be regulated in the framework of parliamentary oversight committees.
different_topic,0.4891715924497004,health_insurance_cover_complementary_medicine,The health insurance companies ought to be enabled to recognize a doctor's decision for natural treatment and also to cover it.,The morning-after pill should only be prescribed after counselling by a physician or pharmacist.
different_topic,0.36847086818445296,health_insurance_cover_complementary_medicine,The health insurance companies ought to be enabled to recognize a doctor's decision for natural treatment and also to cover it.,Therefore universities should not charge tuition fees in Germany.
different_topic,0.4867768464265046,health_insurance_cover_complementary_medicine,The health insurance companies ought to be enabled to recognize a doctor's decision for natural treatment and also to cover it.,Due to the many random factors the bachelor thesis should not play a bigger role.
different_topic,0.42361022855924524,health_insurance_cover_complementary_medicine,The health insurance companies ought to be enabled to recognize a doctor's decision for natural treatment and also to cover it.,Raising the relative retirement age on the basis of the physical fitness of the average citizen is fair.
different_topic,0.43264380578071837,health_insurance_cover_complementary_medicine,The health insurance companies ought to be enabled to recognize a doctor's decision for natural treatment and also to cover it.,For these reasons supermarkets and shopping centres should not be allowed to be open for business on arbitrary Sundays and holidays.
different_topic,0.469895396883098,health_insurance_cover_complementary_medicine,The health insurance companies ought to be enabled to recognize a doctor's decision for natural treatment and also to cover it.,the statutory retirement age should in the future not remain at 63 years.
same_topic,0.7458169236779212,health_insurance_cover_complementary_medicine,The health insurance companies ought to be enabled to recognize a doctor's decision for natural treatment and also to cover it.,That's why the statutory health insurance companies should not cover such treatments.
different_topic,0.46487996280193333,health_insurance_cover_complementary_medicine,The health insurance companies ought to be enabled to recognize a doctor's decision for natural treatment and also to cover it.,"If however one could find a compromise between green space and housing, then Tempelhofer Feld should definitely be made available for residential construction."
different_topic,0.43819379011789955,health_insurance_cover_complementary_medicine,The health insurance companies ought to be enabled to recognize a doctor's decision for natural treatment and also to cover it.,I argue categorically in favour of over-the-counter availability of the morning-after pill in pharmacies.
different_topic,0.40164595097303396,health_insurance_cover_complementary_medicine,The health insurance companies ought to be enabled to recognize a doctor's decision for natural treatment and also to cover it.,the EU should intervene right away.
different_topic,0.4536128516854911,health_insurance_cover_complementary_medicine,The health insurance companies ought to be enabled to recognize a doctor's decision for natural treatment and also to cover it.,"Especially now, as there is a lack of skilled labour, it's irresponsible for the economy and prosperity to retire at 63."
different_topic,0.3088011145591736,health_insurance_cover_complementary_medicine,The health insurance companies ought to be enabled to recognize a doctor's decision for natural treatment and also to cover it.,It would be fair to make them into an Olympic event.
different_topic,0.36532384809106594,health_insurance_cover_complementary_medicine,The health insurance companies ought to be enabled to recognize a doctor's decision for natural treatment and also to cover it.,A cap on rent increases upon tenant change is therefore not to be supported.
different_topic,0.4884562221570657,health_insurance_cover_complementary_medicine,The health insurance companies ought to be enabled to recognize a doctor's decision for natural treatment and also to cover it.,Opening on Sundays and holidays would therefore help both customers and shops.
different_topic,0.35061857917092065,health_insurance_cover_complementary_medicine,The health insurance companies ought to be enabled to recognize a doctor's decision for natural treatment and also to cover it.,Higher penalties for dog dirt are pointless as long as there is not enough personnel to enforce them.
different_topic,0.39958673116305604,health_insurance_cover_complementary_medicine,The health insurance companies ought to be enabled to recognize a doctor's decision for natural treatment and also to cover it.,I am not of the opinion that the retirement age should be set at 63 years.
different_topic,0.4946388019167859,health_insurance_cover_complementary_medicine,The health insurance companies ought to be enabled to recognize a doctor's decision for natural treatment and also to cover it.,"After the new BER Airport has been commissioned, Tegel should definitely be closed."
different_topic,0.4290230827672141,health_insurance_cover_complementary_medicine,The health insurance companies ought to be enabled to recognize a doctor's decision for natural treatment and also to cover it.,Not everyone should be obliged to pay the TV & radio licence.
different_topic,0.37077487227709394,health_insurance_cover_complementary_medicine,The health insurance companies ought to be enabled to recognize a doctor's decision for natural treatment and also to cover it.,Actually it would be justified if all German universities charged tuition fees.
different_topic,0.39071654421942575,health_insurance_cover_complementary_medicine,The health insurance companies ought to be enabled to recognize a doctor's decision for natural treatment and also to cover it.,Current regulations for the calculation of the total grade should therefore be maintained.
different_topic,0.46856992372444695,health_insurance_cover_complementary_medicine,The health insurance companies ought to be enabled to recognize a doctor's decision for natural treatment and also to cover it.,Supermarkets and shopping centres should be allowed to open on any Sundays and holidays.
different_topic,0.4351269377000404,health_insurance_cover_complementary_medicine,The health insurance companies ought to be enabled to recognize a doctor's decision for natural treatment and also to cover it.,"Many European countries, for instance the Netherlands, Sweden and Great Britain, have already understood this and successfully adjusted the opening hours for retailers."
different_topic,0.27249250560998917,health_insurance_cover_complementary_medicine,The health insurance companies ought to be enabled to recognize a doctor's decision for natural treatment and also to cover it.,We don't need it.
different_topic,0.4556606021420709,health_insurance_cover_complementary_medicine,The health insurance companies ought to be enabled to recognize a doctor's decision for natural treatment and also to cover it.,Supermarkets and shopping centres should be allowed to open any Sundays and holidays at their discretion.
different_topic,0.4588256667057673,health_insurance_cover_complementary_medicine,The health insurance companies ought to be enabled to recognize a doctor's decision for natural treatment and also to cover it.,"If there were higher fines for leaving dog dirt on pavements, there would presumably be less dog dirt,"
different_topic,0.38465755727762974,health_insurance_cover_complementary_medicine,The health insurance companies ought to be enabled to recognize a doctor's decision for natural treatment and also to cover it.,Germany should by no means introduce capital punishment.
different_topic,0.47883728359426775,health_insurance_cover_complementary_medicine,The health insurance companies ought to be enabled to recognize a doctor's decision for natural treatment and also to cover it.,"Considering what's on television these days, it would be appropriate to only have those people pay who actually (want to) follow the programming."
different_topic,0.4968266551196575,health_insurance_cover_complementary_medicine,The health insurance companies ought to be enabled to recognize a doctor's decision for natural treatment and also to cover it.,"If there must be rent increases, there should also be a cap to avoid nasty surprises."
different_topic,0.3550948564495359,health_insurance_cover_complementary_medicine,The health insurance companies ought to be enabled to recognize a doctor's decision for natural treatment and also to cover it.,German universities should on no account charge tuition fees.
different_topic,0.4247801916301251,health_insurance_cover_complementary_medicine,The health insurance companies ought to be enabled to recognize a doctor's decision for natural treatment and also to cover it.,Hence it is good when shops are not open on Sundays and public holidays.
different_topic,0.45498676676876265,health_insurance_cover_complementary_medicine,The health insurance companies ought to be enabled to recognize a doctor's decision for natural treatment and also to cover it.,"Intelligence services should be more closely regulated by parliament,"
different_topic,0.3399977997729653,health_insurance_cover_complementary_medicine,The health insurance companies ought to be enabled to recognize a doctor's decision for natural treatment and also to cover it.,"BER should be re-conceptualized from scratch,"
different_topic,0.37025031290556254,health_insurance_cover_complementary_medicine,The health insurance companies ought to be enabled to recognize a doctor's decision for natural treatment and also to cover it.,the EU should not intervene in local politics.
different_topic,0.4444596947242434,health_insurance_cover_complementary_medicine,The health insurance companies ought to be enabled to recognize a doctor's decision for natural treatment and also to cover it.,"The implementation of retirement at 63 is no longer socially sustainable,"
different_topic,0.4720446960679416,health_insurance_cover_complementary_medicine,The health insurance companies ought to be enabled to recognize a doctor's decision for natural treatment and also to cover it.,That's why there ought to be one day a week when supermarkets and shopping centres stay closed.
different_topic,0.2519829057984882,health_insurance_cover_complementary_medicine,The health insurance companies ought to be enabled to recognize a doctor's decision for natural treatment and also to cover it.,everyone should chip in.
different_topic,0.3061153276970512,health_insurance_cover_complementary_medicine,The health insurance companies ought to be enabled to recognize a doctor's decision for natural treatment and also to cover it.,The state ought to prevent murder - not avenge it.
different_topic,0.38371317153391626,health_insurance_cover_complementary_medicine,The health insurance companies ought to be enabled to recognize a doctor's decision for natural treatment and also to cover it.,A constant increase in rent upon a change of tenants hence cannot be desired by society.
different_topic,0.4645302943561388,health_insurance_cover_complementary_medicine,The health insurance companies ought to be enabled to recognize a doctor's decision for natural treatment and also to cover it.,It is quite clear that Sunday should remain a day of rest.
different_topic,0.40262968341509503,health_insurance_cover_complementary_medicine,The health insurance companies ought to be enabled to recognize a doctor's decision for natural treatment and also to cover it.,"The BA dissertation should, if not make up the entire grade, then at least constitute a larger share of it."
different_topic,0.49181304375330603,health_insurance_cover_complementary_medicine,The health insurance companies ought to be enabled to recognize a doctor's decision for natural treatment and also to cover it.,"Dog owners should pay higher fines for dog dirt left on pavements,"
different_topic,0.3793156288918995,health_insurance_cover_complementary_medicine,The health insurance companies ought to be enabled to recognize a doctor's decision for natural treatment and also to cover it.,"Still, the state needs the death penalty as a deterrent to horrific crimes."
different_topic,0.48333348906957185,health_insurance_cover_complementary_medicine,The health insurance companies ought to be enabled to recognize a doctor's decision for natural treatment and also to cover it.,The TV license fee should only be collected from those who actually make use of the programming of the public broadcasters.
different_topic,0.4440659364064534,health_insurance_cover_complementary_medicine,The health insurance companies ought to be enabled to recognize a doctor's decision for natural treatment and also to cover it.,No one should have the possibility to pick up the morning-after pill over the counter at the pharmacy.
different_topic,0.28288764423794216,health_insurance_cover_complementary_medicine,The health insurance companies ought to be enabled to recognize a doctor's decision for natural treatment and also to cover it.,Increasing penalties is therefore the right way.
same_topic,0.5358482388889089,make_video_games_olympic,Video games ought to be included in the ranks of Olympic events.,"including planning abilities, reaction time, and reasoning to name but a few."
different_topic,0.3051091134548187,make_video_games_olympic,Video games ought to be included in the ranks of Olympic events.,The morning-after pill ought to be available over-the-counter in pharmacies.
different_topic,0.5849382068429675,make_video_games_olympic,Video games ought to be included in the ranks of Olympic events.,School uniforms should be introduced in our schools again.
different_topic,0.5759918093681335,make_video_games_olympic,Video games ought to be included in the ranks of Olympic events.,The EU should exert influence on the political events in Ukraine.
different_topic,0.5034228845646506,make_video_games_olympic,Video games ought to be included in the ranks of Olympic events.,There should be much higher fines for dog dirt left on pavements.
different_topic,0.3861655310580605,make_video_games_olympic,Video games ought to be included in the ranks of Olympic events.,Secret services must be more tightly regulated in order to prevent excessive surveillance.
different_topic,0.38538374130924546,make_video_games_olympic,Video games ought to be included in the ranks of Olympic events.,dispensing it without medical advice would be inappropriate.
different_topic,0.2818518805503845,make_video_games_olympic,Video games ought to be included in the ranks of Olympic events.,For instance the morning-after pill could result in a decrease in the use of condoms and thus lead to an increase in new infections with Aids.
different_topic,0.3703385492165883,make_video_games_olympic,Video games ought to be included in the ranks of Olympic events.,As a central airport Berlin Tegel is particularly attractive for business travellers and should by all means remain operational.
different_topic,0.39706934160656404,make_video_games_olympic,Video games ought to be included in the ranks of Olympic events.,Acquiring CDs with tax data of tax delinquents is therefore out of the question.
different_topic,0.3356160701197736,make_video_games_olympic,Video games ought to be included in the ranks of Olympic events.,That's why intelligence services must be regulated in the framework of parliamentary oversight committees.
different_topic,0.3038396934668223,make_video_games_olympic,Video games ought to be included in the ranks of Olympic events.,The morning-after pill should only be prescribed after counselling by a physician or pharmacist.
different_topic,0.5416133125623067,make_video_games_olympic,Video games ought to be included in the ranks of Olympic events.,Therefore universities should not charge tuition fees in Germany.
different_topic,0.4335427482922872,make_video_games_olympic,Video games ought to be included in the ranks of Olympic events.,Due to the many random factors the bachelor thesis should not play a bigger role.
different_topic,0.3662592330399681,make_video_games_olympic,Video games ought to be included in the ranks of Olympic events.,Raising the relative retirement age on the basis of the physical fitness of the average citizen is fair.
different_topic,0.32923119544982915,make_video_games_olympic,Video games ought to be included in the ranks of Olympic events.,For these reasons supermarkets and shopping centres should not be allowed to be open for business on arbitrary Sundays and holidays.
different_topic,0.34026684015989306,make_video_games_olympic,Video games ought to be included in the ranks of Olympic events.,the statutory retirement age should in the future not remain at 63 years.
different_topic,0.5046933160887824,make_video_games_olympic,Video games ought to be included in the ranks of Olympic events.,That's why the statutory health insurance companies should not cover such treatments.
different_topic,0.4224459677934647,make_video_games_olympic,Video games ought to be included in the ranks of Olympic events.,"If however one could find a compromise between green space and housing, then Tempelhofer Feld should definitely be made available for residential construction."
different_topic,0.3072353005409241,make_video_games_olympic,Video games ought to be included in the ranks of Olympic events.,I argue categorically in favour of over-the-counter availability of the morning-after pill in pharmacies.
different_topic,0.6109442391565868,make_video_games_olympic,Video games ought to be included in the ranks of Olympic events.,the EU should intervene right away.
different_topic,0.2963705451592155,make_video_games_olympic,Video games ought to be included in the ranks of Olympic events.,"Especially now, as there is a lack of skilled labour, it's irresponsible for the economy and prosperity to retire at 63."
same_topic,0.7317121945894681,make_video_games_olympic,Video games ought to be included in the ranks of Olympic events.,It would be fair to make them into an Olympic event.
different_topic,0.3640288010239601,make_video_games_olympic,Video games ought to be included in the ranks of Olympic events.,A cap on rent increases upon tenant change is therefore not to be supported.
different_topic,0.336350280046463,make_video_games_olympic,Video games ought to be included in the ranks of Olympic events.,Opening on Sundays and holidays would therefore help both customers and shops.
different_topic,0.2837302839314496,make_video_games_olympic,Video games ought to be included in the ranks of Olympic events.,Higher penalties for dog dirt are pointless as long as there is not enough personnel to enforce them.
different_topic,0.41429106628193574,make_video_games_olympic,Video games ought to be included in the ranks of Olympic events.,I am not of the opinion that the retirement age should be set at 63 years.
different_topic,0.46252775542876295,make_video_games_olympic,Video games ought to be included in the ranks of Olympic events.,"After the new BER Airport has been commissioned, Tegel should definitely be closed."
different_topic,0.48656908671061194,make_video_games_olympic,Video games ought to be included in the ranks of Olympic events.,Not everyone should be obliged to pay the TV & radio licence.
different_topic,0.4702345080235425,make_video_games_olympic,Video games ought to be included in the ranks of Olympic events.,Actually it would be justified if all German universities charged tuition fees.
different_topic,0.4850939373175303,make_video_games_olympic,Video games ought to be included in the ranks of Olympic events.,Current regulations for the calculation of the total grade should therefore be maintained.
different_topic,0.3293948417360132,make_video_games_olympic,Video games ought to be included in the ranks of Olympic events.,Supermarkets and shopping centres should be allowed to open on any Sundays and holidays.
different_topic,0.34221667934347083,make_video_games_olympic,Video games ought to be included in the ranks of Olympic events.,"Many European countries, for instance the Netherlands, Sweden and Great Britain, have already understood this and successfully adjusted the opening hours for retailers."
different_topic,0.39187443256378174,make_video_games_olympic,Video games ought to be included in the ranks of Olympic events.,We don't need it.
different_topic,0.3150733268779257,make_video_games_olympic,Video games ought to be included in the ranks of Olympic events.,Supermarkets and shopping centres should be allowed to open any Sundays and holidays at their discretion.
different_topic,0.3985431268811226,make_video_games_olympic,Video games ought to be included in the ranks of Olympic events.,"If there were higher fines for leaving dog dirt on pavements, there would presumably be less dog dirt,"
different_topic,0.5520162234703699,make_video_games_olympic,Video games ought to be included in the ranks of Olympic events.,Germany should by no means introduce capital punishment.
different_topic,0.36073917692357843,make_video_games_olympic,Video games ought to be included in the ranks of Olympic events.,"Considering what's on television these days, it would be appropriate to only have those people pay who actually (want to) follow the programming."
different_topic,0.4229133756537186,make_video_games_olympic,Video games ought to be included in the ranks of Olympic events.,"If there must be rent increases, there should also be a cap to avoid nasty surprises."
different_topic,0.445708159605662,make_video_games_olympic,Video games ought to be included in the ranks of Olympic events.,German universities should on no account charge tuition fees.
different_topic,0.36683885047310283,make_video_games_olympic,Video games ought to be included in the ranks of Olympic events.,Hence it is good when shops are not open on Sundays and public holidays.
different_topic,0.4519623160362244,make_video_games_olympic,Video games ought to be included in the ranks of Olympic events.,"Intelligence services should be more closely regulated by parliament,"
different_topic,0.5695626540825917,make_video_games_olympic,Video games ought to be included in the ranks of Olympic events.,"BER should be re-conceptualized from scratch,"
different_topic,0.5322629305032583,make_video_games_olympic,Video games ought to be included in the ranks of Olympic events.,the EU should not intervene in local politics.
different_topic,0.3312671840190887,make_video_games_olympic,Video games ought to be included in the ranks of Olympic events.,"The implementation of retirement at 63 is no longer socially sustainable,"
different_topic,0.3695148436919503,make_video_games_olympic,Video games ought to be included in the ranks of Olympic events.,That's why there ought to be one day a week when supermarkets and shopping centres stay closed.
different_topic,0.4060008997718493,make_video_games_olympic,Video games ought to be included in the ranks of Olympic events.,everyone should chip in.
different_topic,0.4352074506191107,make_video_games_olympic,Video games ought to be included in the ranks of Olympic events.,The state ought to prevent murder - not avenge it.
different_topic,0.3841775988831239,make_video_games_olympic,Video games ought to be included in the ranks of Olympic events.,A constant increase in rent upon a change of tenants hence cannot be desired by society.
different_topic,0.4550400165950551,make_video_games_olympic,Video games ought to be included in the ranks of Olympic events.,It is quite clear that Sunday should remain a day of rest.
different_topic,0.3919505167890478,make_video_games_olympic,Video games ought to be included in the ranks of Olympic events.,"The BA dissertation should, if not make up the entire grade, then at least constitute a larger share of it."
different_topic,0.44465221961339313,make_video_games_olympic,Video games ought to be included in the ranks of Olympic events.,"Dog owners should pay higher fines for dog dirt left on pavements,"
different_topic,0.3794265230496725,make_video_games_olympic,Video games ought to be included in the ranks of Olympic events.,"Still, the state needs the death penalty as a deterrent to horrific crimes."
different_topic,0.40782679021358487,make_video_games_olympic,Video games ought to be included in the ranks of Olympic events.,The TV license fee should only be collected from those who actually make use of the programming of the public broadcasters.
different_topic,0.34310855468114215,make_video_games_olympic,Video games ought to be included in the ranks of Olympic events.,No one should have the possibility to pick up the morning-after pill over the counter at the pharmacy.
different_topic,0.4854205499092738,make_video_games_olympic,Video games ought to be included in the ranks of Olympic events.,Increasing penalties is therefore the right way.
different_topic,0.3603694277505079,make_video_games_olympic,"including planning abilities, reaction time, and reasoning to name but a few.",The morning-after pill ought to be available over-the-counter in pharmacies.
different_topic,0.43425658520530247,make_video_games_olympic,"including planning abilities, reaction time, and reasoning to name but a few.",School uniforms should be introduced in our schools again.
different_topic,0.500036851355904,make_video_games_olympic,"including planning abilities, reaction time, and reasoning to name but a few.",The EU should exert influence on the political events in Ukraine.
different_topic,0.5143209641629999,make_video_games_olympic,"including planning abilities, reaction time, and reasoning to name but a few.",There should be much higher fines for dog dirt left on pavements.
different_topic,0.4477625245397741,make_video_games_olympic,"including planning abilities, reaction time, and reasoning to name but a few.",Secret services must be more tightly regulated in order to prevent excessive surveillance.
different_topic,0.34097041984399157,make_video_games_olympic,"including planning abilities, reaction time, and reasoning to name but a few.",dispensing it without medical advice would be inappropriate.
different_topic,0.34766091406345373,make_video_games_olympic,"including planning abilities, reaction time, and reasoning to name but a few.",For instance the morning-after pill could result in a decrease in the use of condoms and thus lead to an increase in new infections with Aids.
different_topic,0.43903550174501205,make_video_games_olympic,"including planning abilities, reaction time, and reasoning to name but a few.",As a central airport Berlin Tegel is particularly attractive for business travellers and should by all means remain operational.
different_topic,0.4700814811956315,make_video_games_olympic,"including planning abilities, reaction time, and reasoning to name but a few.",Acquiring CDs with tax data of tax delinquents is therefore out of the question.
different_topic,0.4350832119584084,make_video_games_olympic,"including planning abilities, reaction time, and reasoning to name but a few.",That's why intelligence services must be regulated in the framework of parliamentary oversight committees.
different_topic,0.33296409249305725,make_video_games_olympic,"including planning abilities, reaction time, and reasoning to name but a few.",The morning-after pill should only be prescribed after counselling by a physician or pharmacist.
different_topic,0.4599178045367201,make_video_games_olympic,"including planning abilities, reaction time, and reasoning to name but a few.",Therefore universities should not charge tuition fees in Germany.
different_topic,0.5544055749972661,make_video_games_olympic,"including planning abilities, reaction time, and reasoning to name but a few.",Due to the many random factors the bachelor thesis should not play a bigger role.
different_topic,0.3976912572979927,make_video_games_olympic,"including planning abilities, reaction time, and reasoning to name but a few.",Raising the relative retirement age on the basis of the physical fitness of the average citizen is fair.
different_topic,0.482012403862817,make_video_games_olympic,"including planning abilities, reaction time, and reasoning to name but a few.",For these reasons supermarkets and shopping centres should not be allowed to be open for business on arbitrary Sundays and holidays.
different_topic,0.3825383173382801,make_video_games_olympic,"including planning abilities, reaction time, and reasoning to name but a few.",the statutory retirement age should in the future not remain at 63 years.
different_topic,0.5727359907967704,make_video_games_olympic,"including planning abilities, reaction time, and reasoning to name but a few.",That's why the statutory health insurance companies should not cover such treatments.
different_topic,0.5319192210833232,make_video_games_olympic,"including planning abilities, reaction time, and reasoning to name but a few.","If however one could find a compromise between green space and housing, then Tempelhofer Feld should definitely be made available for residential construction."
different_topic,0.3611578632284094,make_video_games_olympic,"including planning abilities, reaction time, and reasoning to name but a few.",I argue categorically in favour of over-the-counter availability of the morning-after pill in pharmacies.
different_topic,0.5117068720214507,make_video_games_olympic,"including planning abilities, reaction time, and reasoning to name but a few.",the EU should intervene right away.
different_topic,0.4717008196390592,make_video_games_olympic,"including planning abilities, reaction time, and reasoning to name but a few.","Especially now, as there is a lack of skilled labour, it's irresponsible for the economy and prosperity to retire at 63."
same_topic,0.6245134174823761,make_video_games_olympic,"including planning abilities, reaction time, and reasoning to name but a few.",It would be fair to make them into an Olympic event.
different_topic,0.4430388840644256,make_video_games_olympic,"including planning abilities, reaction time, and reasoning to name but a few.",A cap on rent increases upon tenant change is therefore not to be supported.
different_topic,0.4767586031685705,make_video_games_olympic,"including planning abilities, reaction time, and reasoning to name but a few.",Opening on Sundays and holidays would therefore help both customers and shops.
different_topic,0.39998278419176736,make_video_games_olympic,"including planning abilities, reaction time, and reasoning to name but a few.",Higher penalties for dog dirt are pointless as long as there is not enough personnel to enforce them.
different_topic,0.3858647920191289,make_video_games_olympic,"including planning abilities, reaction time, and reasoning to name but a few.",I am not of the opinion that the retirement age should be set at 63 years.
different_topic,0.47603932470083243,make_video_games_olympic,"including planning abilities, reaction time, and reasoning to name but a few.","After the new BER Airport has been commissioned, Tegel should definitely be closed."
different_topic,0.4634279939863417,make_video_games_olympic,"including planning abilities, reaction time, and reasoning to name but a few.",Not everyone should be obliged to pay the TV & radio licence.
different_topic,0.5105883240699768,make_video_games_olympic,"including planning abilities, reaction time, and reasoning to name but a few.",Actually it would be justified if all German universities charged tuition fees.
different_topic,0.4048840900262196,make_video_games_olympic,"including planning abilities, reaction time, and reasoning to name but a few.",Current regulations for the calculation of the total grade should therefore be maintained.
different_topic,0.39487589836120607,make_video_games_olympic,"including planning abilities, reaction time, and reasoning to name but a few.",Supermarkets and shopping centres should be allowed to open on any Sundays and holidays.
different_topic,0.46115585366884865,make_video_games_olympic,"including planning abilities, reaction time, and reasoning to name but a few.","Many European countries, for instance the Netherlands, Sweden and Great Britain, have already understood this and successfully adjusted the opening hours for retailers."
different_topic,0.33465361595153803,make_video_games_olympic,"including planning abilities, reaction time, and reasoning to name but a few.",We don't need it.
different_topic,0.37968836380885196,make_video_games_olympic,"including planning abilities, reaction time, and reasoning to name but a few.",Supermarkets and shopping centres should be allowed to open any Sundays and holidays at their discretion.
different_topic,0.433324467252802,make_video_games_olympic,"including planning abilities, reaction time, and reasoning to name but a few.","If there were higher fines for leaving dog dirt on pavements, there would presumably be less dog dirt,"
different_topic,0.536513144771258,make_video_games_olympic,"including planning abilities, reaction time, and reasoning to name but a few.",Germany should by no means introduce capital punishment.
different_topic,0.6020892357826233,make_video_games_olympic,"including planning abilities, reaction time, and reasoning to name but a few.","Considering what's on television these days, it would be appropriate to only have those people pay who actually (want to) follow the programming."
different_topic,0.4646478999744762,make_video_games_olympic,"including planning abilities, reaction time, and reasoning to name but a few.","If there must be rent increases, there should also be a cap to avoid nasty surprises."
different_topic,0.3795437226071954,make_video_games_olympic,"including planning abilities, reaction time, and reasoning to name but a few.",German universities should on no account charge tuition fees.
different_topic,0.538950729099187,make_video_games_olympic,"including planning abilities, reaction time, and reasoning to name but a few.",Hence it is good when shops are not open on Sundays and public holidays.
different_topic,0.5017226312471472,make_video_games_olympic,"including planning abilities, reaction time, and reasoning to name but a few.","Intelligence services should be more closely regulated by parliament,"
different_topic,0.4210895113646984,make_video_games_olympic,"including planning abilities, reaction time, and reasoning to name but a few.","BER should be re-conceptualized from scratch,"
different_topic,0.4249407052993774,make_video_games_olympic,"including planning abilities, reaction time, and reasoning to name but a few.",the EU should not intervene in local politics.
different_topic,0.4265002400978751,make_video_games_olympic,"including planning abilities, reaction time, and reasoning to name but a few.","The implementation of retirement at 63 is no longer socially sustainable,"
different_topic,0.5339182317256927,make_video_games_olympic,"including planning abilities, reaction time, and reasoning to name but a few.",That's why there ought to be one day a week when supermarkets and shopping centres stay closed.
different_topic,0.26923467020193736,make_video_games_olympic,"including planning abilities, reaction time, and reasoning to name but a few.",everyone should chip in.
different_topic,0.31836712360382086,make_video_games_olympic,"including planning abilities, reaction time, and reasoning to name but a few.",The state ought to prevent murder - not avenge it.
different_topic,0.4524292886257172,make_video_games_olympic,"including planning abilities, reaction time, and reasoning to name but a few.",A constant increase in rent upon a change of tenants hence cannot be desired by society.
different_topic,0.47454970255494117,make_video_games_olympic,"including planning abilities, reaction time, and reasoning to name but a few.",It is quite clear that Sunday should remain a day of rest.
different_topic,0.45545236666997274,make_video_games_olympic,"including planning abilities, reaction time, and reasoning to name but a few.","The BA dissertation should, if not make up the entire grade, then at least constitute a larger share of it."
different_topic,0.47748475770155585,make_video_games_olympic,"including planning abilities, reaction time, and reasoning to name but a few.","Dog owners should pay higher fines for dog dirt left on pavements,"
different_topic,0.4254910002152125,make_video_games_olympic,"including planning abilities, reaction time, and reasoning to name but a few.","Still, the state needs the death penalty as a deterrent to horrific crimes."
different_topic,0.4471565381340359,make_video_games_olympic,"including planning abilities, reaction time, and reasoning to name but a few.",The TV license fee should only be collected from those who actually make use of the programming of the public broadcasters.
different_topic,0.42861894324973776,make_video_games_olympic,"including planning abilities, reaction time, and reasoning to name but a few.",No one should have the possibility to pick up the morning-after pill over the counter at the pharmacy.
different_topic,0.5226658344268799,make_video_games_olympic,"including planning abilities, reaction time, and reasoning to name but a few.",Increasing penalties is therefore the right way.
different_topic,0.30437815473193214,over_the_counter_morning_after_pill,The morning-after pill ought to be available over-the-counter in pharmacies.,School uniforms should be introduced in our schools again.
different_topic,0.3830712852270706,over_the_counter_morning_after_pill,The morning-after pill ought to be available over-the-counter in pharmacies.,The EU should exert influence on the political events in Ukraine.
different_topic,0.4619502253257311,over_the_counter_morning_after_pill,The morning-after pill ought to be available over-the-counter in pharmacies.,There should be much higher fines for dog dirt left on pavements.
different_topic,0.4009798341072523,over_the_counter_morning_after_pill,The morning-after pill ought to be available over-the-counter in pharmacies.,Secret services must be more tightly regulated in order to prevent excessive surveillance.
same_topic,0.24834222018130517,over_the_counter_morning_after_pill,The morning-after pill ought to be available over-the-counter in pharmacies.,dispensing it without medical advice would be inappropriate.
same_topic,0.5731693063862621,over_the_counter_morning_after_pill,The morning-after pill ought to be available over-the-counter in pharmacies.,For instance the morning-after pill could result in a decrease in the use of condoms and thus lead to an increase in new infections with Aids.
different_topic,0.4982863650206596,over_the_counter_morning_after_pill,The morning-after pill ought to be available over-the-counter in pharmacies.,As a central airport Berlin Tegel is particularly attractive for business travellers and should by all means remain operational.
different_topic,0.31494090557098386,over_the_counter_morning_after_pill,The morning-after pill ought to be available over-the-counter in pharmacies.,Acquiring CDs with tax data of tax delinquents is therefore out of the question.
different_topic,0.28310828904310864,over_the_counter_morning_after_pill,The morning-after pill ought to be available over-the-counter in pharmacies.,That's why intelligence services must be regulated in the framework of parliamentary oversight committees.
same_topic,0.6716652283711093,over_the_counter_morning_after_pill,The morning-after pill ought to be available over-the-counter in pharmacies.,The morning-after pill should only be prescribed after counselling by a physician or pharmacist.
different_topic,0.39435621283271094,over_the_counter_morning_after_pill,The morning-after pill ought to be available over-the-counter in pharmacies.,Therefore universities should not charge tuition fees in Germany.
different_topic,0.45101128731455126,over_the_counter_morning_after_pill,The morning-after pill ought to be available over-the-counter in pharmacies.,Due to the many random factors the bachelor thesis should not play a bigger role.
different_topic,0.40313359846671426,over_the_counter_morning_after_pill,The morning-after pill ought to be available over-the-counter in pharmacies.,Raising the relative retirement age on the basis of the physical fitness of the average citizen is fair.
different_topic,0.5481231161393225,over_the_counter_morning_after_pill,The morning-after pill ought to be available over-the-counter in pharmacies.,For these reasons supermarkets and shopping centres should not be allowed to be open for business on arbitrary Sundays and holidays.
different_topic,0.536494024373867,over_the_counter_morning_after_pill,The morning-after pill ought to be available over-the-counter in pharmacies.,the statutory retirement age should in the future not remain at 63 years.
different_topic,0.4045279312133789,over_the_counter_morning_after_pill,The morning-after pill ought to be available over-the-counter in pharmacies.,That's why the statutory health insurance companies should not cover such treatments.
different_topic,0.4395665074548414,over_the_counter_morning_after_pill,The morning-after pill ought to be available over-the-counter in pharmacies.,"If however one could find a compromise between green space and housing, then Tempelhofer Feld should definitely be made available for residential construction."
same_topic,0.9032258141425348,over_the_counter_morning_after_pill,The morning-after pill ought to be available over-the-counter in pharmacies.,I argue categorically in favour of over-the-counter availability of the morning-after pill in pharmacies.
different_topic,0.45563311236245296,over_the_counter_morning_after_pill,The morning-after pill ought to be available over-the-counter in pharmacies.,the EU should intervene right away.
different_topic,0.3958969218035539,over_the_counter_morning_after_pill,The morning-after pill ought to be available over-the-counter in pharmacies.,"Especially now, as there is a lack of skilled labour, it's irresponsible for the economy and prosperity to retire at 63."
different_topic,0.25055508613586425,over_the_counter_morning_after_pill,The morning-after pill ought to be available over-the-counter in pharmacies.,It would be fair to make them into an Olympic event.
different_topic,0.5193180596386945,over_the_counter_morning_after_pill,The morning-after pill ought to be available over-the-counter in pharmacies.,A cap on rent increases upon tenant change is therefore not to be supported.
different_topic,0.5430565564720718,over_the_counter_morning_after_pill,The morning-after pill ought to be available over-the-counter in pharmacies.,Opening on Sundays and holidays would therefore help both customers and shops.
different_topic,0.44992705566041613,over_the_counter_morning_after_pill,The morning-after pill ought to be available over-the-counter in pharmacies.,Higher penalties for dog dirt are pointless as long as there is not enough personnel to enforce them.
different_topic,0.4450006671249867,over_the_counter_morning_after_pill,The morning-after pill ought to be available over-the-counter in pharmacies.,I am not of the opinion that the retirement age should be set at 63 years.
different_topic,0.45037571340799337,over_the_counter_morning_after_pill,The morning-after pill ought to be available over-the-counter in pharmacies.,"After the new BER Airport has been commissioned, Tegel should definitely be closed."
different_topic,0.36567054147070105,over_the_counter_morning_after_pill,The morning-after pill ought to be available over-the-counter in pharmacies.,Not everyone should be obliged to pay the TV & radio licence.
different_topic,0.3920882145563761,over_the_counter_morning_after_pill,The morning-after pill ought to be available over-the-counter in pharmacies.,Actually it would be justified if all German universities charged tuition fees.
different_topic,0.39393742788921704,over_the_counter_morning_after_pill,The morning-after pill ought to be available over-the-counter in pharmacies.,Current regulations for the calculation of the total grade should therefore be maintained.
different_topic,0.5995590722766415,over_the_counter_morning_after_pill,The morning-after pill ought to be available over-the-counter in pharmacies.,Supermarkets and shopping centres should be allowed to open on any Sundays and holidays.
different_topic,0.3613249019664877,over_the_counter_morning_after_pill,The morning-after pill ought to be available over-the-counter in pharmacies.,"Many European countries, for instance the Netherlands, Sweden and Great Britain, have already understood this and successfully adjusted the opening hours for retailers."
different_topic,0.1628072927979862,over_the_counter_morning_after_pill,The morning-after pill ought to be available over-the-counter in pharmacies.,We don't need it.
different_topic,0.5809491212169329,over_the_counter_morning_after_pill,The morning-after pill ought to be available over-the-counter in pharmacies.,Supermarkets and shopping centres should be allowed to open any Sundays and holidays at their discretion.
different_topic,0.4743865704344165,over_the_counter_morning_after_pill,The morning-after pill ought to be available over-the-counter in pharmacies.,"If there were higher fines for leaving dog dirt on pavements, there would presumably be less dog dirt,"
different_topic,0.5208251559734345,over_the_counter_morning_after_pill,The morning-after pill ought to be available over-the-counter in pharmacies.,Germany should by no means introduce capital punishment.
different_topic,0.3861098063403162,over_the_counter_morning_after_pill,The morning-after pill ought to be available over-the-counter in pharmacies.,"Considering what's on television these days, it would be appropriate to only have those people pay who actually (want to) follow the programming."
different_topic,0.4773561622087772,over_the_counter_morning_after_pill,The morning-after pill ought to be available over-the-counter in pharmacies.,"If there must be rent increases, there should also be a cap to avoid nasty surprises."
different_topic,0.39139892838217993,over_the_counter_morning_after_pill,The morning-after pill ought to be available over-the-counter in pharmacies.,German universities should on no account charge tuition fees.
different_topic,0.5499246464325832,over_the_counter_morning_after_pill,The morning-after pill ought to be available over-the-counter in pharmacies.,Hence it is good when shops are not open on Sundays and public holidays.
different_topic,0.5650874420448586,over_the_counter_morning_after_pill,The morning-after pill ought to be available over-the-counter in pharmacies.,"Intelligence services should be more closely regulated by parliament,"
different_topic,0.26637642830610275,over_the_counter_morning_after_pill,The morning-after pill ought to be available over-the-counter in pharmacies.,"BER should be re-conceptualized from scratch,"
different_topic,0.3462293714284897,over_the_counter_morning_after_pill,The morning-after pill ought to be available over-the-counter in pharmacies.,the EU should not intervene in local politics.
different_topic,0.46575275229083163,over_the_counter_morning_after_pill,The morning-after pill ought to be available over-the-counter in pharmacies.,"The implementation of retirement at 63 is no longer socially sustainable,"
different_topic,0.5764764472842216,over_the_counter_morning_after_pill,The morning-after pill ought to be available over-the-counter in pharmacies.,That's why there ought to be one day a week when supermarkets and shopping centres stay closed.
different_topic,0.40244966431667933,over_the_counter_morning_after_pill,The morning-after pill ought to be available over-the-counter in pharmacies.,everyone should chip in.
different_topic,0.33128571808338164,over_the_counter_morning_after_pill,The morning-after pill ought to be available over-the-counter in pharmacies.,The state ought to prevent murder - not avenge it.
different_topic,0.3365000480165084,over_the_counter_morning_after_pill,The morning-after pill ought to be available over-the-counter in pharmacies.,A constant increase in rent upon a change of tenants hence cannot be desired by society.
different_topic,0.5145275642474493,over_the_counter_morning_after_pill,The morning-after pill ought to be available over-the-counter in pharmacies.,It is quite clear that Sunday should remain a day of rest.
different_topic,0.5151340558248408,over_the_counter_morning_after_pill,The morning-after pill ought to be available over-the-counter in pharmacies.,"The BA dissertation should, if not make up the entire grade, then at least constitute a larger share of it."
different_topic,0.47948636433907915,over_the_counter_morning_after_pill,The morning-after pill ought to be available over-the-counter in pharmacies.,"Dog owners should pay higher fines for dog dirt left on pavements,"
different_topic,0.3393412069840865,over_the_counter_morning_after_pill,The morning-after pill ought to be available over-the-counter in pharmacies.,"Still, the state needs the death penalty as a deterrent to horrific crimes."
different_topic,0.46160511393100023,over_the_counter_morning_after_pill,The morning-after pill ought to be available over-the-counter in pharmacies.,The TV license fee should only be collected from those who actually make use of the programming of the public broadcasters.
same_topic,0.825770301203574,over_the_counter_morning_after_pill,The morning-after pill ought to be available over-the-counter in pharmacies.,No one should have the possibility to pick up the morning-after pill over the counter at the pharmacy.
different_topic,0.2416652284170452,over_the_counter_morning_after_pill,The morning-after pill ought to be available over-the-counter in pharmacies.,Increasing penalties is therefore the right way.
different_topic,0.4181200545281171,school_uniforms,School uniforms should be introduced in our schools again.,The EU should exert influence on the political events in Ukraine.
different_topic,0.423530544105329,school_uniforms,School uniforms should be introduced in our schools again.,There should be much higher fines for dog dirt left on pavements.
different_topic,0.3295374747953917,school_uniforms,School uniforms should be introduced in our schools again.,Secret services must be more tightly regulated in order to prevent excessive surveillance.
different_topic,0.4039538179834684,school_uniforms,School uniforms should be introduced in our schools again.,dispensing it without medical advice would be inappropriate.
different_topic,0.2675951957702637,school_uniforms,School uniforms should be introduced in our schools again.,For instance the morning-after pill could result in a decrease in the use of condoms and thus lead to an increase in new infections with Aids.
different_topic,0.34263449907302856,school_uniforms,School uniforms should be introduced in our schools again.,As a central airport Berlin Tegel is particularly attractive for business travellers and should by all means remain operational.
different_topic,0.3362126847108205,school_uniforms,School uniforms should be introduced in our schools again.,Acquiring CDs with tax data of tax delinquents is therefore out of the question.
different_topic,0.30659235049696526,school_uniforms,School uniforms should be introduced in our schools again.,That's why intelligence services must be regulated in the framework of parliamentary oversight committees.
different_topic,0.35109852183432805,school_uniforms,School uniforms should be introduced in our schools again.,The morning-after pill should only be prescribed after counselling by a physician or pharmacist.
different_topic,0.43859836657842,school_uniforms,School uniforms should be introduced in our schools again.,Therefore universities should not charge tuition fees in Germany.
different_topic,0.37693456524894353,school_uniforms,School uniforms should be introduced in our schools again.,Due to the many random factors the bachelor thesis should not play a bigger role.
different_topic,0.3589980742510628,school_uniforms,School uniforms should be introduced in our schools again.,Raising the relative retirement age on the basis of the physical fitness of the average citizen is fair.
different_topic,0.3011486339569092,school_uniforms,School uniforms should be introduced in our schools again.,For these reasons supermarkets and shopping centres should not be allowed to be open for business on arbitrary Sundays and holidays.
different_topic,0.3483102858066559,school_uniforms,School uniforms should be introduced in our schools again.,the statutory retirement age should in the future not remain at 63 years.
different_topic,0.4197899202505747,school_uniforms,School uniforms should be introduced in our schools again.,That's why the statutory health insurance companies should not cover such treatments.
different_topic,0.3536655281980832,school_uniforms,School uniforms should be introduced in our schools again.,"If however one could find a compromise between green space and housing, then Tempelhofer Feld should definitely be made available for residential construction."
different_topic,0.2892433640857538,school_uniforms,School uniforms should be introduced in our schools again.,I argue categorically in favour of over-the-counter availability of the morning-after pill in pharmacies.
different_topic,0.45947382652333807,school_uniforms,School uniforms should be introduced in our schools again.,the EU should intervene right away.
different_topic,0.31722353852313495,school_uniforms,School uniforms should be introduced in our schools again.,"Especially now, as there is a lack of skilled labour, it's irresponsible for the economy and prosperity to retire at 63."
different_topic,0.5257173960025494,school_uniforms,School uniforms should be introduced in our schools again.,It would be fair to make them into an Olympic event.
different_topic,0.34042768478393554,school_uniforms,School uniforms should be introduced in our schools again.,A cap on rent increases upon tenant change is therefore not to be supported.
different_topic,0.3052000820636749,school_uniforms,School uniforms should be introduced in our schools again.,Opening on Sundays and holidays would therefore help both customers and shops.
different_topic,0.2564332970866451,school_uniforms,School uniforms should be introduced in our schools again.,Higher penalties for dog dirt are pointless as long as there is not enough personnel to enforce them.
different_topic,0.4105538936222301,school_uniforms,School uniforms should be introduced in our schools again.,I am not of the opinion that the retirement age should be set at 63 years.
different_topic,0.38803616867345925,school_uniforms,School uniforms should be introduced in our schools again.,"After the new BER Airport has been commissioned, Tegel should definitely be closed."
different_topic,0.43594783345858257,school_uniforms,School uniforms should be introduced in our schools again.,Not everyone should be obliged to pay the TV & radio licence.
different_topic,0.3768314964631025,school_uniforms,School uniforms should be introduced in our schools again.,Actually it would be justified if all German universities charged tuition fees.
different_topic,0.5815493981043498,school_uniforms,School uniforms should be introduced in our schools again.,Current regulations for the calculation of the total grade should therefore be maintained.
different_topic,0.33241742578419775,school_uniforms,School uniforms should be introduced in our schools again.,Supermarkets and shopping centres should be allowed to open on any Sundays and holidays.
different_topic,0.2928608744232743,school_uniforms,School uniforms should be introduced in our schools again.,"Many European countries, for instance the Netherlands, Sweden and Great Britain, have already understood this and successfully adjusted the opening hours for retailers."
different_topic,0.45727530717849735,school_uniforms,School uniforms should be introduced in our schools again.,We don't need it.
different_topic,0.3202288228532542,school_uniforms,School uniforms should be introduced in our schools again.,Supermarkets and shopping centres should be allowed to open any Sundays and holidays at their discretion.
different_topic,0.3352950240174929,school_uniforms,School uniforms should be introduced in our schools again.,"If there were higher fines for leaving dog dirt on pavements, there would presumably be less dog dirt,"
different_topic,0.5069026897350947,school_uniforms,School uniforms should be introduced in our schools again.,Germany should by no means introduce capital punishment.
different_topic,0.3680953952399167,school_uniforms,School uniforms should be introduced in our schools again.,"Considering what's on television these days, it would be appropriate to only have those people pay who actually (want to) follow the programming."
different_topic,0.3968666478207237,school_uniforms,School uniforms should be introduced in our schools again.,"If there must be rent increases, there should also be a cap to avoid nasty surprises."
different_topic,0.3937110781669616,school_uniforms,School uniforms should be introduced in our schools again.,German universities should on no account charge tuition fees.
different_topic,0.3031543901092128,school_uniforms,School uniforms should be introduced in our schools again.,Hence it is good when shops are not open on Sundays and public holidays.
different_topic,0.3764860972762108,school_uniforms,School uniforms should be introduced in our schools again.,"Intelligence services should be more closely regulated by parliament,"
different_topic,0.5236626404982347,school_uniforms,School uniforms should be introduced in our schools again.,"BER should be re-conceptualized from scratch,"
different_topic,0.44152079637234026,school_uniforms,School uniforms should be introduced in our schools again.,the EU should not intervene in local politics.
different_topic,0.3727788656949997,school_uniforms,School uniforms should be introduced in our schools again.,"The implementation of retirement at 63 is no longer socially sustainable,"
different_topic,0.34106307185214496,school_uniforms,School uniforms should be introduced in our schools again.,That's why there ought to be one day a week when supermarkets and shopping centres stay closed.
different_topic,0.3886149916797877,school_uniforms,School uniforms should be introduced in our schools again.,everyone should chip in.
different_topic,0.41344860310737896,school_uniforms,School uniforms should be introduced in our schools again.,The state ought to prevent murder - not avenge it.
different_topic,0.4402981645920697,school_uniforms,School uniforms should be introduced in our schools again.,A constant increase in rent upon a change of tenants hence cannot be desired by society.
different_topic,0.45364679659114165,school_uniforms,School uniforms should be introduced in our schools again.,It is quite clear that Sunday should remain a day of rest.
different_topic,0.38628194067213273,school_uniforms,School uniforms should be introduced in our schools again.,"The BA dissertation should, if not make up the entire grade, then at least constitute a larger share of it."
different_topic,0.38592974061057683,school_uniforms,School uniforms should be introduced in our schools again.,"Dog owners should pay higher fines for dog dirt left on pavements,"
different_topic,0.3656320055325826,school_uniforms,School uniforms should be introduced in our schools again.,"Still, the state needs the death penalty as a deterrent to horrific crimes."
different_topic,0.38529066294431685,school_uniforms,School uniforms should be introduced in our schools again.,The TV license fee should only be collected from those who actually make use of the programming of the public broadcasters.
different_topic,0.34003407011429465,school_uniforms,School uniforms should be introduced in our schools again.,No one should have the possibility to pick up the morning-after pill over the counter at the pharmacy.
different_topic,0.44122801721096044,school_uniforms,School uniforms should be introduced in our schools again.,Increasing penalties is therefore the right way.
different_topic,0.4557115818772997,EU_influence_on_political_events_in_Ukraine,The EU should exert influence on the political events in Ukraine.,There should be much higher fines for dog dirt left on pavements.
different_topic,0.37788749592644827,EU_influence_on_political_events_in_Ukraine,The EU should exert influence on the political events in Ukraine.,Secret services must be more tightly regulated in order to prevent excessive surveillance.
different_topic,0.2686972426516669,EU_influence_on_political_events_in_Ukraine,The EU should exert influence on the political events in Ukraine.,dispensing it without medical advice would be inappropriate.
different_topic,0.3617034444102534,EU_influence_on_political_events_in_Ukraine,The EU should exert influence on the political events in Ukraine.,For instance the morning-after pill could result in a decrease in the use of condoms and thus lead to an increase in new infections with Aids.
different_topic,0.45576855081778306,EU_influence_on_political_events_in_Ukraine,The EU should exert influence on the political events in Ukraine.,As a central airport Berlin Tegel is particularly attractive for business travellers and should by all means remain operational.
different_topic,0.3912133827805519,EU_influence_on_political_events_in_Ukraine,The EU should exert influence on the political events in Ukraine.,Acquiring CDs with tax data of tax delinquents is therefore out of the question.
different_topic,0.36675795285325297,EU_influence_on_political_events_in_Ukraine,The EU should exert influence on the political events in Ukraine.,That's why intelligence services must be regulated in the framework of parliamentary oversight committees.
different_topic,0.39192453674648114,EU_influence_on_political_events_in_Ukraine,The EU should exert influence on the political events in Ukraine.,The morning-after pill should only be prescribed after counselling by a physician or pharmacist.
different_topic,0.5698878993006314,EU_influence_on_political_events_in_Ukraine,The EU should exert influence on the political events in Ukraine.,Therefore universities should not charge tuition fees in Germany.
different_topic,0.4744722817255103,EU_influence_on_political_events_in_Ukraine,The EU should exert influence on the political events in Ukraine.,Due to the many random factors the bachelor thesis should not play a bigger role.
different_topic,0.4016570668471487,EU_influence_on_political_events_in_Ukraine,The EU should exert influence on the political events in Ukraine.,Raising the relative retirement age on the basis of the physical fitness of the average citizen is fair.
different_topic,0.41908423105875653,EU_influence_on_political_events_in_Ukraine,The EU should exert influence on the political events in Ukraine.,For these reasons supermarkets and shopping centres should not be allowed to be open for business on arbitrary Sundays and holidays.
different_topic,0.44440359419042413,EU_influence_on_political_events_in_Ukraine,The EU should exert influence on the political events in Ukraine.,the statutory retirement age should in the future not remain at 63 years.
different_topic,0.5008472740650176,EU_influence_on_political_events_in_Ukraine,The EU should exert influence on the political events in Ukraine.,That's why the statutory health insurance companies should not cover such treatments.
different_topic,0.4149100321989793,EU_influence_on_political_events_in_Ukraine,The EU should exert influence on the political events in Ukraine.,"If however one could find a compromise between green space and housing, then Tempelhofer Feld should definitely be made available for residential construction."
different_topic,0.38458113945447475,EU_influence_on_political_events_in_Ukraine,The EU should exert influence on the political events in Ukraine.,I argue categorically in favour of over-the-counter availability of the morning-after pill in pharmacies.
same_topic,0.5614449752029032,EU_influence_on_political_events_in_Ukraine,The EU should exert influence on the political events in Ukraine.,the EU should intervene right away.
different_topic,0.37888184309005735,EU_influence_on_political_events_in_Ukraine,The EU should exert influence on the political events in Ukraine.,"Especially now, as there is a lack of skilled labour, it's irresponsible for the economy and prosperity to retire at 63."
different_topic,0.5345444083213806,EU_influence_on_political_events_in_Ukraine,The EU should exert influence on the political events in Ukraine.,It would be fair to make them into an Olympic event.
different_topic,0.4043980159542777,EU_influence_on_political_events_in_Ukraine,The EU should exert influence on the political events in Ukraine.,A cap on rent increases upon tenant change is therefore not to be supported.
different_topic,0.43928976763378486,EU_influence_on_political_events_in_Ukraine,The EU should exert influence on the political events in Ukraine.,Opening on Sundays and holidays would therefore help both customers and shops.
different_topic,0.2768930864745173,EU_influence_on_political_events_in_Ukraine,The EU should exert influence on the political events in Ukraine.,Higher penalties for dog dirt are pointless as long as there is not enough personnel to enforce them.
different_topic,0.45237269213325104,EU_influence_on_political_events_in_Ukraine,The EU should exert influence on the political events in Ukraine.,I am not of the opinion that the retirement age should be set at 63 years.
different_topic,0.5114665533366957,EU_influence_on_political_events_in_Ukraine,The EU should exert influence on the political events in Ukraine.,"After the new BER Airport has been commissioned, Tegel should definitely be closed."
different_topic,0.47455549240112305,EU_influence_on_political_events_in_Ukraine,The EU should exert influence on the political events in Ukraine.,Not everyone should be obliged to pay the TV & radio licence.
different_topic,0.5603272475694355,EU_influence_on_political_events_in_Ukraine,The EU should exert influence on the political events in Ukraine.,Actually it would be justified if all German universities charged tuition fees.
different_topic,0.5460892039186814,EU_influence_on_political_events_in_Ukraine,The EU should exert influence on the political events in Ukraine.,Current regulations for the calculation of the total grade should therefore be maintained.
different_topic,0.40522515773773193,EU_influence_on_political_events_in_Ukraine,The EU should exert influence on the political events in Ukraine.,Supermarkets and shopping centres should be allowed to open on any Sundays and holidays.
different_topic,0.4352695304771949,EU_influence_on_political_events_in_Ukraine,The EU should exert influence on the political events in Ukraine.,"Many European countries, for instance the Netherlands, Sweden and Great Britain, have already understood this and successfully adjusted the opening hours for retailers."
different_topic,0.2633792757987976,EU_influence_on_political_events_in_Ukraine,The EU should exert influence on the political events in Ukraine.,We don't need it.
different_topic,0.3916431975364685,EU_influence_on_political_events_in_Ukraine,The EU should exert influence on the political events in Ukraine.,Supermarkets and shopping centres should be allowed to open any Sundays and holidays at their discretion.
different_topic,0.37905842409684104,EU_influence_on_political_events_in_Ukraine,The EU should exert influence on the political events in Ukraine.,"If there were higher fines for leaving dog dirt on pavements, there would presumably be less dog dirt,"
different_topic,0.6256177634000778,EU_influence_on_political_events_in_Ukraine,The EU should exert influence on the political events in Ukraine.,Germany should by no means introduce capital punishment.
different_topic,0.3950069074829419,EU_influence_on_political_events_in_Ukraine,The EU should exert influence on the political events in Ukraine.,"Considering what's on television these days, it would be appropriate to only have those people pay who actually (want to) follow the programming."
different_topic,0.4542193299248105,EU_influence_on_political_events_in_Ukraine,The EU should exert influence on the political events in Ukraine.,"If there must be rent increases, there should also be a cap to avoid nasty surprises."
different_topic,0.5265008316320532,EU_influence_on_political_events_in_Ukraine,The EU should exert influence on the political events in Ukraine.,German universities should on no account charge tuition fees.
different_topic,0.4241180405730294,EU_influence_on_political_events_in_Ukraine,The EU should exert influence on the political events in Ukraine.,Hence it is good when shops are not open on Sundays and public holidays.
different_topic,0.48561083457686677,EU_influence_on_political_events_in_Ukraine,The EU should exert influence on the political events in Ukraine.,"Intelligence services should be more closely regulated by parliament,"
different_topic,0.5018529713153839,EU_influence_on_political_events_in_Ukraine,The EU should exert influence on the political events in Ukraine.,"BER should be re-conceptualized from scratch,"
same_topic,0.6560919364293417,EU_influence_on_political_events_in_Ukraine,The EU should exert influence on the political events in Ukraine.,the EU should not intervene in local politics.
different_topic,0.45424966378645465,EU_influence_on_political_events_in_Ukraine,The EU should exert influence on the political events in Ukraine.,"The implementation of retirement at 63 is no longer socially sustainable,"
different_topic,0.4364979958534241,EU_influence_on_political_events_in_Ukraine,The EU should exert influence on the political events in Ukraine.,That's why there ought to be one day a week when supermarkets and shopping centres stay closed.
different_topic,0.3164587286966188,EU_influence_on_political_events_in_Ukraine,The EU should exert influence on the political events in Ukraine.,everyone should chip in.
different_topic,0.4358765562375386,EU_influence_on_political_events_in_Ukraine,The EU should exert influence on the political events in Ukraine.,The state ought to prevent murder - not avenge it.
different_topic,0.46061776813707855,EU_influence_on_political_events_in_Ukraine,The EU should exert influence on the political events in Ukraine.,A constant increase in rent upon a change of tenants hence cannot be desired by society.
different_topic,0.4921870953158329,EU_influence_on_political_events_in_Ukraine,The EU should exert influence on the political events in Ukraine.,It is quite clear that Sunday should remain a day of rest.
different_topic,0.37524219011438303,EU_influence_on_political_events_in_Ukraine,The EU should exert influence on the political events in Ukraine.,"The BA dissertation should, if not make up the entire grade, then at least constitute a larger share of it."
different_topic,0.4373266476651897,EU_influence_on_political_events_in_Ukraine,The EU should exert influence on the political events in Ukraine.,"Dog owners should pay higher fines for dog dirt left on pavements,"
different_topic,0.4623524616746342,EU_influence_on_political_events_in_Ukraine,The EU should exert influence on the political events in Ukraine.,"Still, the state needs the death penalty as a deterrent to horrific crimes."
different_topic,0.4565792977809906,EU_influence_on_political_events_in_Ukraine,The EU should exert influence on the political events in Ukraine.,The TV license fee should only be collected from those who actually make use of the programming of the public broadcasters.
different_topic,0.38584644290117115,EU_influence_on_political_events_in_Ukraine,The EU should exert influence on the political events in Ukraine.,No one should have the possibility to pick up the morning-after pill over the counter at the pharmacy.
different_topic,0.3823431219373431,EU_influence_on_political_events_in_Ukraine,The EU should exert influence on the political events in Ukraine.,Increasing penalties is therefore the right way.
different_topic,0.5575889187554518,higher_dog_poo_fines,There should be much higher fines for dog dirt left on pavements.,Secret services must be more tightly regulated in order to prevent excessive surveillance.
different_topic,0.28156308917438283,higher_dog_poo_fines,There should be much higher fines for dog dirt left on pavements.,dispensing it without medical advice would be inappropriate.
different_topic,0.3989383578300476,higher_dog_poo_fines,There should be much higher fines for dog dirt left on pavements.,For instance the morning-after pill could result in a decrease in the use of condoms and thus lead to an increase in new infections with Aids.
different_topic,0.48244572302390787,higher_dog_poo_fines,There should be much higher fines for dog dirt left on pavements.,As a central airport Berlin Tegel is particularly attractive for business travellers and should by all means remain operational.
different_topic,0.4625553721966951,higher_dog_poo_fines,There should be much higher fines for dog dirt left on pavements.,Acquiring CDs with tax data of tax delinquents is therefore out of the question.
different_topic,0.388129242441871,higher_dog_poo_fines,There should be much higher fines for dog dirt left on pavements.,That's why intelligence services must be regulated in the framework of parliamentary oversight committees.
different_topic,0.4383778812793585,higher_dog_poo_fines,There should be much higher fines for dog dirt left on pavements.,The morning-after pill should only be prescribed after counselling by a physician or pharmacist.
different_topic,0.41360279023647306,higher_dog_poo_fines,There should be much higher fines for dog dirt left on pavements.,Therefore universities should not charge tuition fees in Germany.
different_topic,0.636107230415711,higher_dog_poo_fines,There should be much higher fines for dog dirt left on pavements.,Due to the many random factors the bachelor thesis should not play a bigger role.
different_topic,0.43636122345924383,higher_dog_poo_fines,There should be much higher fines for dog dirt left on pavements.,Raising the relative retirement age on the basis of the physical fitness of the average citizen is fair.
different_topic,0.5214708546797434,higher_dog_poo_fines,There should be much higher fines for dog dirt left on pavements.,For these reasons supermarkets and shopping centres should not be allowed to be open for business on arbitrary Sundays and holidays.
different_topic,0.5092138755321503,higher_dog_poo_fines,There should be much higher fines for dog dirt left on pavements.,the statutory retirement age should in the future not remain at 63 years.
different_topic,0.5545707565286886,higher_dog_poo_fines,There should be much higher fines for dog dirt left on pavements.,That's why the statutory health insurance companies should not cover such treatments.
different_topic,0.4953805259589491,higher_dog_poo_fines,There should be much higher fines for dog dirt left on pavements.,"If however one could find a compromise between green space and housing, then Tempelhofer Feld should definitely be made available for residential construction."
different_topic,0.4437747268841184,higher_dog_poo_fines,There should be much higher fines for dog dirt left on pavements.,I argue categorically in favour of over-the-counter availability of the morning-after pill in pharmacies.
different_topic,0.568155094196922,higher_dog_poo_fines,There should be much higher fines for dog dirt left on pavements.,the EU should intervene right away.
different_topic,0.48900758794375826,higher_dog_poo_fines,There should be much higher fines for dog dirt left on pavements.,"Especially now, as there is a lack of skilled labour, it's irresponsible for the economy and prosperity to retire at 63."
different_topic,0.4866286714871724,higher_dog_poo_fines,There should be much higher fines for dog dirt left on pavements.,It would be fair to make them into an Olympic event.
different_topic,0.521376953125,higher_dog_poo_fines,There should be much higher fines for dog dirt left on pavements.,A cap on rent increases upon tenant change is therefore not to be supported.
different_topic,0.5250135505199434,higher_dog_poo_fines,There should be much higher fines for dog dirt left on pavements.,Opening on Sundays and holidays would therefore help both customers and shops.
same_topic,0.6108672525733708,higher_dog_poo_fines,There should be much higher fines for dog dirt left on pavements.,Higher penalties for dog dirt are pointless as long as there is not enough personnel to enforce them.
different_topic,0.4882583889094266,higher_dog_poo_fines,There should be much higher fines for dog dirt left on pavements.,I am not of the opinion that the retirement age should be set at 63 years.
different_topic,0.47943854467435315,higher_dog_poo_fines,There should be much higher fines for dog dirt left on pavements.,"After the new BER Airport has been commissioned, Tegel should definitely be closed."
different_topic,0.4302748963236809,higher_dog_poo_fines,There should be much higher fines for dog dirt left on pavements.,Not everyone should be obliged to pay the TV & radio licence.
different_topic,0.42070526629686356,higher_dog_poo_fines,There should be much higher fines for dog dirt left on pavements.,Actually it would be justified if all German universities charged tuition fees.
different_topic,0.4259326010942459,higher_dog_poo_fines,There should be much higher fines for dog dirt left on pavements.,Current regulations for the calculation of the total grade should therefore be maintained.
different_topic,0.5001264832637928,higher_dog_poo_fines,There should be much higher fines for dog dirt left on pavements.,Supermarkets and shopping centres should be allowed to open on any Sundays and holidays.
different_topic,0.43179808370769024,higher_dog_poo_fines,There should be much higher fines for dog dirt left on pavements.,"Many European countries, for instance the Netherlands, Sweden and Great Britain, have already understood this and successfully adjusted the opening hours for retailers."
different_topic,0.2694314241409302,higher_dog_poo_fines,There should be much higher fines for dog dirt left on pavements.,We don't need it.
different_topic,0.4822648231472288,higher_dog_poo_fines,There should be much higher fines for dog dirt left on pavements.,Supermarkets and shopping centres should be allowed to open any Sundays and holidays at their discretion.
same_topic,0.8275862151178821,higher_dog_poo_fines,There should be much higher fines for dog dirt left on pavements.,"If there were higher fines for leaving dog dirt on pavements, there would presumably be less dog dirt,"
different_topic,0.5209613034258719,higher_dog_poo_fines,There should be much higher fines for dog dirt left on pavements.,Germany should by no means introduce capital punishment.
different_topic,0.45950016489735357,higher_dog_poo_fines,There should be much higher fines for dog dirt left on pavements.,"Considering what's on television these days, it would be appropriate to only have those people pay who actually (want to) follow the programming."
different_topic,0.6221175237248341,higher_dog_poo_fines,There should be much higher fines for dog dirt left on pavements.,"If there must be rent increases, there should also be a cap to avoid nasty surprises."
different_topic,0.3412661164999008,higher_dog_poo_fines,There should be much higher fines for dog dirt left on pavements.,German universities should on no account charge tuition fees.
different_topic,0.5248694308102131,higher_dog_poo_fines,There should be much higher fines for dog dirt left on pavements.,Hence it is good when shops are not open on Sundays and public holidays.
different_topic,0.5771082520484925,higher_dog_poo_fines,There should be much higher fines for dog dirt left on pavements.,"Intelligence services should be more closely regulated by parliament,"
different_topic,0.3825054549508625,higher_dog_poo_fines,There should be much higher fines for dog dirt left on pavements.,"BER should be re-conceptualized from scratch,"
different_topic,0.360783255762524,higher_dog_poo_fines,There should be much higher fines for dog dirt left on pavements.,the EU should not intervene in local politics.
different_topic,0.45392671406269075,higher_dog_poo_fines,There should be much higher fines for dog dirt left on pavements.,"The implementation of retirement at 63 is no longer socially sustainable,"
different_topic,0.6035828760692051,higher_dog_poo_fines,There should be much higher fines for dog dirt left on pavements.,That's why there ought to be one day a week when supermarkets and shopping centres stay closed.
different_topic,0.4359556471600252,higher_dog_poo_fines,There should be much higher fines for dog dirt left on pavements.,everyone should chip in.
different_topic,0.3475753863652547,higher_dog_poo_fines,There should be much higher fines for dog dirt left on pavements.,The state ought to prevent murder - not avenge it.
different_topic,0.42195296761664475,higher_dog_poo_fines,There should be much higher fines for dog dirt left on pavements.,A constant increase in rent upon a change of tenants hence cannot be desired by society.
different_topic,0.5747459110888569,higher_dog_poo_fines,There should be much higher fines for dog dirt left on pavements.,It is quite clear that Sunday should remain a day of rest.
different_topic,0.5260427128523588,higher_dog_poo_fines,There should be much higher fines for dog dirt left on pavements.,"The BA dissertation should, if not make up the entire grade, then at least constitute a larger share of it."
same_topic,0.8873436450958252,higher_dog_poo_fines,There should be much higher fines for dog dirt left on pavements.,"Dog owners should pay higher fines for dog dirt left on pavements,"
different_topic,0.34999582767486576,higher_dog_poo_fines,There should be much higher fines for dog dirt left on pavements.,"Still, the state needs the death penalty as a deterrent to horrific crimes."
different_topic,0.44413409650325775,higher_dog_poo_fines,There should be much higher fines for dog dirt left on pavements.,The TV license fee should only be collected from those who actually make use of the programming of the public broadcasters.
different_topic,0.47439012034186007,higher_dog_poo_fines,There should be much higher fines for dog dirt left on pavements.,No one should have the possibility to pick up the morning-after pill over the counter at the pharmacy.
same_topic,0.4422582142493304,higher_dog_poo_fines,There should be much higher fines for dog dirt left on pavements.,Increasing penalties is therefore the right way.
different_topic,0.2765488887534422,stricter_regulation_of_intelligence_services,Secret services must be more tightly regulated in order to prevent excessive surveillance.,dispensing it without medical advice would be inappropriate.
different_topic,0.4379035154978434,stricter_regulation_of_intelligence_services,Secret services must be more tightly regulated in order to prevent excessive surveillance.,For instance the morning-after pill could result in a decrease in the use of condoms and thus lead to an increase in new infections with Aids.
different_topic,0.4106041480754984,stricter_regulation_of_intelligence_services,Secret services must be more tightly regulated in order to prevent excessive surveillance.,As a central airport Berlin Tegel is particularly attractive for business travellers and should by all means remain operational.
different_topic,0.44085350389713823,stricter_regulation_of_intelligence_services,Secret services must be more tightly regulated in order to prevent excessive surveillance.,Acquiring CDs with tax data of tax delinquents is therefore out of the question.
same_topic,0.530053428628228,stricter_regulation_of_intelligence_services,Secret services must be more tightly regulated in order to prevent excessive surveillance.,That's why intelligence services must be regulated in the framework of parliamentary oversight committees.
different_topic,0.39601335846460783,stricter_regulation_of_intelligence_services,Secret services must be more tightly regulated in order to prevent excessive surveillance.,The morning-after pill should only be prescribed after counselling by a physician or pharmacist.
different_topic,0.346215783059597,stricter_regulation_of_intelligence_services,Secret services must be more tightly regulated in order to prevent excessive surveillance.,Therefore universities should not charge tuition fees in Germany.
different_topic,0.5315298463862677,stricter_regulation_of_intelligence_services,Secret services must be more tightly regulated in order to prevent excessive surveillance.,Due to the many random factors the bachelor thesis should not play a bigger role.
different_topic,0.3619637882167643,stricter_regulation_of_intelligence_services,Secret services must be more tightly regulated in order to prevent excessive surveillance.,Raising the relative retirement age on the basis of the physical fitness of the average citizen is fair.
different_topic,0.4406916360060374,stricter_regulation_of_intelligence_services,Secret services must be more tightly regulated in order to prevent excessive surveillance.,For these reasons supermarkets and shopping centres should not be allowed to be open for business on arbitrary Sundays and holidays.
different_topic,0.4524438132345676,stricter_regulation_of_intelligence_services,Secret services must be more tightly regulated in order to prevent excessive surveillance.,the statutory retirement age should in the future not remain at 63 years.
different_topic,0.4624307129694068,stricter_regulation_of_intelligence_services,Secret services must be more tightly regulated in order to prevent excessive surveillance.,That's why the statutory health insurance companies should not cover such treatments.
different_topic,0.4224301535507729,stricter_regulation_of_intelligence_services,Secret services must be more tightly regulated in order to prevent excessive surveillance.,"If however one could find a compromise between green space and housing, then Tempelhofer Feld should definitely be made available for residential construction."
different_topic,0.39584742435093584,stricter_regulation_of_intelligence_services,Secret services must be more tightly regulated in order to prevent excessive surveillance.,I argue categorically in favour of over-the-counter availability of the morning-after pill in pharmacies.
different_topic,0.4329200041921515,stricter_regulation_of_intelligence_services,Secret services must be more tightly regulated in order to prevent excessive surveillance.,the EU should intervene right away.
different_topic,0.4560801440051624,stricter_regulation_of_intelligence_services,Secret services must be more tightly regulated in order to prevent excessive surveillance.,"Especially now, as there is a lack of skilled labour, it's irresponsible for the economy and prosperity to retire at 63."
different_topic,0.3509498569700453,stricter_regulation_of_intelligence_services,Secret services must be more tightly regulated in order to prevent excessive surveillance.,It would be fair to make them into an Olympic event.
different_topic,0.47618796490132814,stricter_regulation_of_intelligence_services,Secret services must be more tightly regulated in order to prevent excessive surveillance.,A cap on rent increases upon tenant change is therefore not to be supported.
different_topic,0.48202451229095455,stricter_regulation_of_intelligence_services,Secret services must be more tightly regulated in order to prevent excessive surveillance.,Opening on Sundays and holidays would therefore help both customers and shops.
different_topic,0.4462818428874016,stricter_regulation_of_intelligence_services,Secret services must be more tightly regulated in order to prevent excessive surveillance.,Higher penalties for dog dirt are pointless as long as there is not enough personnel to enforce them.
different_topic,0.43767088380726893,stricter_regulation_of_intelligence_services,Secret services must be more tightly regulated in order to prevent excessive surveillance.,I am not of the opinion that the retirement age should be set at 63 years.
different_topic,0.3727067946033044,stricter_regulation_of_intelligence_services,Secret services must be more tightly regulated in order to prevent excessive surveillance.,"After the new BER Airport has been commissioned, Tegel should definitely be closed."
different_topic,0.3518653050065041,stricter_regulation_of_intelligence_services,Secret services must be more tightly regulated in order to prevent excessive surveillance.,Not everyone should be obliged to pay the TV & radio licence.
different_topic,0.40281490304253315,stricter_regulation_of_intelligence_services,Secret services must be more tightly regulated in order to prevent excessive surveillance.,Actually it would be justified if all German universities charged tuition fees.
different_topic,0.44309420585632325,stricter_regulation_of_intelligence_services,Secret services must be more tightly regulated in order to prevent excessive surveillance.,Current regulations for the calculation of the total grade should therefore be maintained.
different_topic,0.446438005676976,stricter_regulation_of_intelligence_services,Secret services must be more tightly regulated in order to prevent excessive surveillance.,Supermarkets and shopping centres should be allowed to open on any Sundays and holidays.
different_topic,0.3852789783850312,stricter_regulation_of_intelligence_services,Secret services must be more tightly regulated in order to prevent excessive surveillance.,"Many European countries, for instance the Netherlands, Sweden and Great Britain, have already understood this and successfully adjusted the opening hours for retailers."
different_topic,0.2462791879971822,stricter_regulation_of_intelligence_services,Secret services must be more tightly regulated in order to prevent excessive surveillance.,We don't need it.
different_topic,0.4320025326950209,stricter_regulation_of_intelligence_services,Secret services must be more tightly regulated in order to prevent excessive surveillance.,Supermarkets and shopping centres should be allowed to open any Sundays and holidays at their discretion.
different_topic,0.486555153953618,stricter_regulation_of_intelligence_services,Secret services must be more tightly regulated in order to prevent excessive surveillance.,"If there were higher fines for leaving dog dirt on pavements, there would presumably be less dog dirt,"
different_topic,0.4663380799086198,stricter_regulation_of_intelligence_services,Secret services must be more tightly regulated in order to prevent excessive surveillance.,Germany should by no means introduce capital punishment.
different_topic,0.38900906730581214,stricter_regulation_of_intelligence_services,Secret services must be more tightly regulated in order to prevent excessive surveillance.,"Considering what's on television these days, it would be appropriate to only have those people pay who actually (want to) follow the programming."
different_topic,0.6311880924428502,stricter_regulation_of_intelligence_services,Secret services must be more tightly regulated in order to prevent excessive surveillance.,"If there must be rent increases, there should also be a cap to avoid nasty surprises."
different_topic,0.2896649494767189,stricter_regulation_of_intelligence_services,Secret services must be more tightly regulated in order to prevent excessive surveillance.,German universities should on no account charge tuition fees.
different_topic,0.4565351102501154,stricter_regulation_of_intelligence_services,Secret services must be more tightly regulated in order to prevent excessive surveillance.,Hence it is good when shops are not open on Sundays and public holidays.
same_topic,0.622800885438919,stricter_regulation_of_intelligence_services,Secret services must be more tightly regulated in order to prevent excessive surveillance.,"Intelligence services should be more closely regulated by parliament,"
different_topic,0.29524455964565277,stricter_regulation_of_intelligence_services,Secret services must be more tightly regulated in order to prevent excessive surveillance.,"BER should be re-conceptualized from scratch,"
different_topic,0.2795432110627492,stricter_regulation_of_intelligence_services,Secret services must be more tightly regulated in order to prevent excessive surveillance.,the EU should not intervene in local politics.
different_topic,0.4396452499926091,stricter_regulation_of_intelligence_services,Secret services must be more tightly regulated in order to prevent excessive surveillance.,"The implementation of retirement at 63 is no longer socially sustainable,"
different_topic,0.49826370711837487,stricter_regulation_of_intelligence_services,Secret services must be more tightly regulated in order to prevent excessive surveillance.,That's why there ought to be one day a week when supermarkets and shopping centres stay closed.
different_topic,0.3714884835131028,stricter_regulation_of_intelligence_services,Secret services must be more tightly regulated in order to prevent excessive surveillance.,everyone should chip in.
different_topic,0.35439478357632953,stricter_regulation_of_intelligence_services,Secret services must be more tightly regulated in order to prevent excessive surveillance.,The state ought to prevent murder - not avenge it.
different_topic,0.4785656095905738,stricter_regulation_of_intelligence_services,Secret services must be more tightly regulated in order to prevent excessive surveillance.,A constant increase in rent upon a change of tenants hence cannot be desired by society.
different_topic,0.4902801364660263,stricter_regulation_of_intelligence_services,Secret services must be more tightly regulated in order to prevent excessive surveillance.,It is quite clear that Sunday should remain a day of rest.
different_topic,0.4574080388993025,stricter_regulation_of_intelligence_services,Secret services must be more tightly regulated in order to prevent excessive surveillance.,"The BA dissertation should, if not make up the entire grade, then at least constitute a larger share of it."
different_topic,0.5117199294842206,stricter_regulation_of_intelligence_services,Secret services must be more tightly regulated in order to prevent excessive surveillance.,"Dog owners should pay higher fines for dog dirt left on pavements,"
different_topic,0.3739880949258804,stricter_regulation_of_intelligence_services,Secret services must be more tightly regulated in order to prevent excessive surveillance.,"Still, the state needs the death penalty as a deterrent to horrific crimes."
different_topic,0.3749833396077156,stricter_regulation_of_intelligence_services,Secret services must be more tightly regulated in order to prevent excessive surveillance.,The TV license fee should only be collected from those who actually make use of the programming of the public broadcasters.
different_topic,0.41110718866874435,stricter_regulation_of_intelligence_services,Secret services must be more tightly regulated in order to prevent excessive surveillance.,No one should have the possibility to pick up the morning-after pill over the counter at the pharmacy.
different_topic,0.3902480041279513,stricter_regulation_of_intelligence_services,Secret services must be more tightly regulated in order to prevent excessive surveillance.,Increasing penalties is therefore the right way.
same_topic,0.26695624253024225,over_the_counter_morning_after_pill,dispensing it without medical advice would be inappropriate.,For instance the morning-after pill could result in a decrease in the use of condoms and thus lead to an increase in new infections with Aids.
different_topic,0.2497513842853633,over_the_counter_morning_after_pill,dispensing it without medical advice would be inappropriate.,As a central airport Berlin Tegel is particularly attractive for business travellers and should by all means remain operational.
different_topic,0.29630126059055334,over_the_counter_morning_after_pill,dispensing it without medical advice would be inappropriate.,Acquiring CDs with tax data of tax delinquents is therefore out of the question.
different_topic,0.2820310354232788,over_the_counter_morning_after_pill,dispensing it without medical advice would be inappropriate.,That's why intelligence services must be regulated in the framework of parliamentary oversight committees.
same_topic,0.3213187111051459,over_the_counter_morning_after_pill,dispensing it without medical advice would be inappropriate.,The morning-after pill should only be prescribed after counselling by a physician or pharmacist.
different_topic,0.342765483718652,over_the_counter_morning_after_pill,dispensing it without medical advice would be inappropriate.,Therefore universities should not charge tuition fees in Germany.
different_topic,0.24019025285777296,over_the_counter_morning_after_pill,dispensing it without medical advice would be inappropriate.,Due to the many random factors the bachelor thesis should not play a bigger role.
different_topic,0.28208562433719636,over_the_counter_morning_after_pill,dispensing it without medical advice would be inappropriate.,Raising the relative retirement age on the basis of the physical fitness of the average citizen is fair.
different_topic,0.2149261054785355,over_the_counter_morning_after_pill,dispensing it without medical advice would be inappropriate.,For these reasons supermarkets and shopping centres should not be allowed to be open for business on arbitrary Sundays and holidays.
different_topic,0.21292107635074192,over_the_counter_morning_after_pill,dispensing it without medical advice would be inappropriate.,the statutory retirement age should in the future not remain at 63 years.
different_topic,0.27573436312377453,over_the_counter_morning_after_pill,dispensing it without medical advice would be inappropriate.,That's why the statutory health insurance companies should not cover such treatments.
different_topic,0.22499478947032578,over_the_counter_morning_after_pill,dispensing it without medical advice would be inappropriate.,"If however one could find a compromise between green space and housing, then Tempelhofer Feld should definitely be made available for residential construction."
same_topic,0.2453412212092768,over_the_counter_morning_after_pill,dispensing it without medical advice would be inappropriate.,I argue categorically in favour of over-the-counter availability of the morning-after pill in pharmacies.
different_topic,0.4266408855716388,over_the_counter_morning_after_pill,dispensing it without medical advice would be inappropriate.,the EU should intervene right away.
different_topic,0.2175925849449067,over_the_counter_morning_after_pill,dispensing it without medical advice would be inappropriate.,"Especially now, as there is a lack of skilled labour, it's irresponsible for the economy and prosperity to retire at 63."
different_topic,0.375594208186323,over_the_counter_morning_after_pill,dispensing it without medical advice would be inappropriate.,It would be fair to make them into an Olympic event.
different_topic,0.27089965177906883,over_the_counter_morning_after_pill,dispensing it without medical advice would be inappropriate.,A cap on rent increases upon tenant change is therefore not to be supported.
different_topic,0.25392754911445076,over_the_counter_morning_after_pill,dispensing it without medical advice would be inappropriate.,Opening on Sundays and holidays would therefore help both customers and shops.
different_topic,0.19677078127861022,over_the_counter_morning_after_pill,dispensing it without medical advice would be inappropriate.,Higher penalties for dog dirt are pointless as long as there is not enough personnel to enforce them.
different_topic,0.2705762147903442,over_the_counter_morning_after_pill,dispensing it without medical advice would be inappropriate.,I am not of the opinion that the retirement age should be set at 63 years.
different_topic,0.2753778427839279,over_the_counter_morning_after_pill,dispensing it without medical advice would be inappropriate.,"After the new BER Airport has been commissioned, Tegel should definitely be closed."
different_topic,0.2834989193540353,over_the_counter_morning_after_pill,dispensing it without medical advice would be inappropriate.,Not everyone should be obliged to pay the TV & radio licence.
different_topic,0.30388626754283904,over_the_counter_morning_after_pill,dispensing it without medical advice would be inappropriate.,Actually it would be justified if all German universities charged tuition fees.
different_topic,0.32656482893687033,over_the_counter_morning_after_pill,dispensing it without medical advice would be inappropriate.,Current regulations for the calculation of the total grade should therefore be maintained.
different_topic,0.2201286405324936,over_the_counter_morning_after_pill,dispensing it without medical advice would be inappropriate.,Supermarkets and shopping centres should be allowed to open on any Sundays and holidays.
different_topic,0.19321014881134033,over_the_counter_morning_after_pill,dispensing it without medical advice would be inappropriate.,"Many European countries, for instance the Netherlands, Sweden and Great Britain, have already understood this and successfully adjusted the opening hours for retailers."
different_topic,0.5918644219636916,over_the_counter_morning_after_pill,dispensing it without medical advice would be inappropriate.,We don't need it.
different_topic,0.20964632431666055,over_the_counter_morning_after_pill,dispensing it without medical advice would be inappropriate.,Supermarkets and shopping centres should be allowed to open any Sundays and holidays at their discretion.
different_topic,0.21757147799838675,over_the_counter_morning_after_pill,dispensing it without medical advice would be inappropriate.,"If there were higher fines for leaving dog dirt on pavements, there would presumably be less dog dirt,"
different_topic,0.356646366417408,over_the_counter_morning_after_pill,dispensing it without medical advice would be inappropriate.,Germany should by no means introduce capital punishment.
different_topic,0.3300470024347305,over_the_counter_morning_after_pill,dispensing it without medical advice would be inappropriate.,"Considering what's on television these days, it would be appropriate to only have those people pay who actually (want to) follow the programming."
different_topic,0.27256938639809103,over_the_counter_morning_after_pill,dispensing it without medical advice would be inappropriate.,"If there must be rent increases, there should also be a cap to avoid nasty surprises."
different_topic,0.271352741580743,over_the_counter_morning_after_pill,dispensing it without medical advice would be inappropriate.,German universities should on no account charge tuition fees.
different_topic,0.2511710388421574,over_the_counter_morning_after_pill,dispensing it without medical advice would be inappropriate.,Hence it is good when shops are not open on Sundays and public holidays.
different_topic,0.25346439745691085,over_the_counter_morning_after_pill,dispensing it without medical advice would be inappropriate.,"Intelligence services should be more closely regulated by parliament,"
different_topic,0.3677969981323589,over_the_counter_morning_after_pill,dispensing it without medical advice would be inappropriate.,"BER should be re-conceptualized from scratch,"
different_topic,0.37972292507236655,over_the_counter_morning_after_pill,dispensing it without medical advice would be inappropriate.,the EU should not intervene in local politics.
different_topic,0.3187650135821766,over_the_counter_morning_after_pill,dispensing it without medical advice would be inappropriate.,"The implementation of retirement at 63 is no longer socially sustainable,"
different_topic,0.23415955759230114,over_the_counter_morning_after_pill,dispensing it without medical advice would be inappropriate.,That's why there ought to be one day a week when supermarkets and shopping centres stay closed.
different_topic,0.3096499076113105,over_the_counter_morning_after_pill,dispensing it without medical advice would be inappropriate.,everyone should chip in.
different_topic,0.28201302581212734,over_the_counter_morning_after_pill,dispensing it without medical advice would be inappropriate.,The state ought to prevent murder - not avenge it.
different_topic,0.3592941661675771,over_the_counter_morning_after_pill,dispensing it without medical advice would be inappropriate.,A constant increase in rent upon a change of tenants hence cannot be desired by society.
different_topic,0.2669793093887468,over_the_counter_morning_after_pill,dispensing it without medical advice would be inappropriate.,It is quite clear that Sunday should remain a day of rest.
different_topic,0.1846548755466938,over_the_counter_morning_after_pill,dispensing it without medical advice would be inappropriate.,"The BA dissertation should, if not make up the entire grade, then at least constitute a larger share of it."
different_topic,0.25192486926128993,over_the_counter_morning_after_pill,dispensing it without medical advice would be inappropriate.,"Dog owners should pay higher fines for dog dirt left on pavements,"
different_topic,0.3920479233448322,over_the_counter_morning_after_pill,dispensing it without medical advice would be inappropriate.,"Still, the state needs the death penalty as a deterrent to horrific crimes."
different_topic,0.2655208321779759,over_the_counter_morning_after_pill,dispensing it without medical advice would be inappropriate.,The TV license fee should only be collected from those who actually make use of the programming of the public broadcasters.
same_topic,0.318014636170119,over_the_counter_morning_after_pill,dispensing it without medical advice would be inappropriate.,No one should have the possibility to pick up the morning-after pill over the counter at the pharmacy.
different_topic,0.4092850893735885,over_the_counter_morning_after_pill,dispensing it without medical advice would be inappropriate.,Increasing penalties is therefore the right way.
different_topic,0.49673544679369247,over_the_counter_morning_after_pill,For instance the morning-after pill could result in a decrease in the use of condoms and thus lead to an increase in new infections with Aids.,As a central airport Berlin Tegel is particularly attractive for business travellers and should by all means remain operational.
different_topic,0.34116441422495347,over_the_counter_morning_after_pill,For instance the morning-after pill could result in a decrease in the use of condoms and thus lead to an increase in new infections with Aids.,Acquiring CDs with tax data of tax delinquents is therefore out of the question.
different_topic,0.3009810969233513,over_the_counter_morning_after_pill,For instance the morning-after pill could result in a decrease in the use of condoms and thus lead to an increase in new infections with Aids.,That's why intelligence services must be regulated in the framework of parliamentary oversight committees.
same_topic,0.6034689648076891,over_the_counter_morning_after_pill,For instance the morning-after pill could result in a decrease in the use of condoms and thus lead to an increase in new infections with Aids.,The morning-after pill should only be prescribed after counselling by a physician or pharmacist.
different_topic,0.31697001365514904,over_the_counter_morning_after_pill,For instance the morning-after pill could result in a decrease in the use of condoms and thus lead to an increase in new infections with Aids.,Therefore universities should not charge tuition fees in Germany.
different_topic,0.4591094106435776,over_the_counter_morning_after_pill,For instance the morning-after pill could result in a decrease in the use of condoms and thus lead to an increase in new infections with Aids.,Due to the many random factors the bachelor thesis should not play a bigger role.
different_topic,0.37890315694468363,over_the_counter_morning_after_pill,For instance the morning-after pill could result in a decrease in the use of condoms and thus lead to an increase in new infections with Aids.,Raising the relative retirement age on the basis of the physical fitness of the average citizen is fair.
different_topic,0.5024049149619209,over_the_counter_morning_after_pill,For instance the morning-after pill could result in a decrease in the use of condoms and thus lead to an increase in new infections with Aids.,For these reasons supermarkets and shopping centres should not be allowed to be open for business on arbitrary Sundays and holidays.
different_topic,0.45598602246853615,over_the_counter_morning_after_pill,For instance the morning-after pill could result in a decrease in the use of condoms and thus lead to an increase in new infections with Aids.,the statutory retirement age should in the future not remain at 63 years.
different_topic,0.4470151960849762,over_the_counter_morning_after_pill,For instance the morning-after pill could result in a decrease in the use of condoms and thus lead to an increase in new infections with Aids.,That's why the statutory health insurance companies should not cover such treatments.
different_topic,0.4974043377808163,over_the_counter_morning_after_pill,For instance the morning-after pill could result in a decrease in the use of condoms and thus lead to an increase in new infections with Aids.,"If however one could find a compromise between green space and housing, then Tempelhofer Feld should definitely be made available for residential construction."
same_topic,0.6015623355550425,over_the_counter_morning_after_pill,For instance the morning-after pill could result in a decrease in the use of condoms and thus lead to an increase in new infections with Aids.,I argue categorically in favour of over-the-counter availability of the morning-after pill in pharmacies.
different_topic,0.3847661972045898,over_the_counter_morning_after_pill,For instance the morning-after pill could result in a decrease in the use of condoms and thus lead to an increase in new infections with Aids.,the EU should intervene right away.
different_topic,0.47823793046614704,over_the_counter_morning_after_pill,For instance the morning-after pill could result in a decrease in the use of condoms and thus lead to an increase in new infections with Aids.,"Especially now, as there is a lack of skilled labour, it's irresponsible for the economy and prosperity to retire at 63."
different_topic,0.27276359250148136,over_the_counter_morning_after_pill,For instance the morning-after pill could result in a decrease in the use of condoms and thus lead to an increase in new infections with Aids.,It would be fair to make them into an Olympic event.
different_topic,0.4348264711518441,over_the_counter_morning_after_pill,For instance the morning-after pill could result in a decrease in the use of condoms and thus lead to an increase in new infections with Aids.,A cap on rent increases upon tenant change is therefore not to be supported.
different_topic,0.47884964750659076,over_the_counter_morning_after_pill,For instance the morning-after pill could result in a decrease in the use of condoms and thus lead to an increase in new infections with Aids.,Opening on Sundays and holidays would therefore help both customers and shops.
different_topic,0.39708596036622396,over_the_counter_morning_after_pill,For instance the morning-after pill could result in a decrease in the use of condoms and thus lead to an increase in new infections with Aids.,Higher penalties for dog dirt are pointless as long as there is not enough personnel to enforce them.
different_topic,0.39370816946029663,over_the_counter_morning_after_pill,For instance the morning-after pill could result in a decrease in the use of condoms and thus lead to an increase in new infections with Aids.,I am not of the opinion that the retirement age should be set at 63 years.
different_topic,0.42439205944538116,over_the_counter_morning_after_pill,For instance the morning-after pill could result in a decrease in the use of condoms and thus lead to an increase in new infections with Aids.,"After the new BER Airport has been commissioned, Tegel should definitely be closed."
different_topic,0.2715942378227527,over_the_counter_morning_after_pill,For instance the morning-after pill could result in a decrease in the use of condoms and thus lead to an increase in new infections with Aids.,Not everyone should be obliged to pay the TV & radio licence.
different_topic,0.3840485023600715,over_the_counter_morning_after_pill,For instance the morning-after pill could result in a decrease in the use of condoms and thus lead to an increase in new infections with Aids.,Actually it would be justified if all German universities charged tuition fees.
different_topic,0.3204840284127456,over_the_counter_morning_after_pill,For instance the morning-after pill could result in a decrease in the use of condoms and thus lead to an increase in new infections with Aids.,Current regulations for the calculation of the total grade should therefore be maintained.
different_topic,0.5010747123848308,over_the_counter_morning_after_pill,For instance the morning-after pill could result in a decrease in the use of condoms and thus lead to an increase in new infections with Aids.,Supermarkets and shopping centres should be allowed to open on any Sundays and holidays.
different_topic,0.4406565741488808,over_the_counter_morning_after_pill,For instance the morning-after pill could result in a decrease in the use of condoms and thus lead to an increase in new infections with Aids.,"Many European countries, for instance the Netherlands, Sweden and Great Britain, have already understood this and successfully adjusted the opening hours for retailers."
different_topic,0.1347211372284662,over_the_counter_morning_after_pill,For instance the morning-after pill could result in a decrease in the use of condoms and thus lead to an increase in new infections with Aids.,We don't need it.
different_topic,0.5026688619571573,over_the_counter_morning_after_pill,For instance the morning-after pill could result in a decrease in the use of condoms and thus lead to an increase in new infections with Aids.,Supermarkets and shopping centres should be allowed to open any Sundays and holidays at their discretion.
different_topic,0.4475318874631609,over_the_counter_morning_after_pill,For instance the morning-after pill could result in a decrease in the use of condoms and thus lead to an increase in new infections with Aids.,"If there were higher fines for leaving dog dirt on pavements, there would presumably be less dog dirt,"
different_topic,0.44099022704979474,over_the_counter_morning_after_pill,For instance the morning-after pill could result in a decrease in the use of condoms and thus lead to an increase in new infections with Aids.,Germany should by no means introduce capital punishment.
different_topic,0.44067335580334516,over_the_counter_morning_after_pill,For instance the morning-after pill could result in a decrease in the use of condoms and thus lead to an increase in new infections with Aids.,"Considering what's on television these days, it would be appropriate to only have those people pay who actually (want to) follow the programming."
different_topic,0.4807523588339488,over_the_counter_morning_after_pill,For instance the morning-after pill could result in a decrease in the use of condoms and thus lead to an increase in new infections with Aids.,"If there must be rent increases, there should also be a cap to avoid nasty surprises."
different_topic,0.31749512828313387,over_the_counter_morning_after_pill,For instance the morning-after pill could result in a decrease in the use of condoms and thus lead to an increase in new infections with Aids.,German universities should on no account charge tuition fees.
different_topic,0.44951359927654266,over_the_counter_morning_after_pill,For instance the morning-after pill could result in a decrease in the use of condoms and thus lead to an increase in new infections with Aids.,Hence it is good when shops are not open on Sundays and public holidays.
different_topic,0.45449770217941654,over_the_counter_morning_after_pill,For instance the morning-after pill could result in a decrease in the use of condoms and thus lead to an increase in new infections with Aids.,"Intelligence services should be more closely regulated by parliament,"
different_topic,0.2452739874521891,over_the_counter_morning_after_pill,For instance the morning-after pill could result in a decrease in the use of condoms and thus lead to an increase in new infections with Aids.,"BER should be re-conceptualized from scratch,"
different_topic,0.2890949572126071,over_the_counter_morning_after_pill,For instance the morning-after pill could result in a decrease in the use of condoms and thus lead to an increase in new infections with Aids.,the EU should not intervene in local politics.
different_topic,0.45476065479939987,over_the_counter_morning_after_pill,For instance the morning-after pill could result in a decrease in the use of condoms and thus lead to an increase in new infections with Aids.,"The implementation of retirement at 63 is no longer socially sustainable,"
different_topic,0.4935395428363014,over_the_counter_morning_after_pill,For instance the morning-after pill could result in a decrease in the use of condoms and thus lead to an increase in new infections with Aids.,That's why there ought to be one day a week when supermarkets and shopping centres stay closed.
different_topic,0.25262526843858807,over_the_counter_morning_after_pill,For instance the morning-after pill could result in a decrease in the use of condoms and thus lead to an increase in new infections with Aids.,everyone should chip in.
different_topic,0.2441075767079989,over_the_counter_morning_after_pill,For instance the morning-after pill could result in a decrease in the use of condoms and thus lead to an increase in new infections with Aids.,The state ought to prevent murder - not avenge it.
different_topic,0.42017282119819094,over_the_counter_morning_after_pill,For instance the morning-after pill could result in a decrease in the use of condoms and thus lead to an increase in new infections with Aids.,A constant increase in rent upon a change of tenants hence cannot be desired by society.
different_topic,0.42419883928128654,over_the_counter_morning_after_pill,For instance the morning-after pill could result in a decrease in the use of condoms and thus lead to an increase in new infections with Aids.,It is quite clear that Sunday should remain a day of rest.
different_topic,0.4587026997224281,over_the_counter_morning_after_pill,For instance the morning-after pill could result in a decrease in the use of condoms and thus lead to an increase in new infections with Aids.,"The BA dissertation should, if not make up the entire grade, then at least constitute a larger share of it."
different_topic,0.44236082397401333,over_the_counter_morning_after_pill,For instance the morning-after pill could result in a decrease in the use of condoms and thus lead to an increase in new infections with Aids.,"Dog owners should pay higher fines for dog dirt left on pavements,"
different_topic,0.2871692157708682,over_the_counter_morning_after_pill,For instance the morning-after pill could result in a decrease in the use of condoms and thus lead to an increase in new infections with Aids.,"Still, the state needs the death penalty as a deterrent to horrific crimes."
different_topic,0.45000741558690227,over_the_counter_morning_after_pill,For instance the morning-after pill could result in a decrease in the use of condoms and thus lead to an increase in new infections with Aids.,The TV license fee should only be collected from those who actually make use of the programming of the public broadcasters.
same_topic,0.5897229377712523,over_the_counter_morning_after_pill,For instance the morning-after pill could result in a decrease in the use of condoms and thus lead to an increase in new infections with Aids.,No one should have the possibility to pick up the morning-after pill over the counter at the pharmacy.
different_topic,0.2539951645809671,over_the_counter_morning_after_pill,For instance the morning-after pill could result in a decrease in the use of condoms and thus lead to an increase in new infections with Aids.,Increasing penalties is therefore the right way.
different_topic,0.408823698759079,TXL_airport_remain_operational_after_BER_opening,As a central airport Berlin Tegel is particularly attractive for business travellers and should by all means remain operational.,Acquiring CDs with tax data of tax delinquents is therefore out of the question.
different_topic,0.3007184620256777,TXL_airport_remain_operational_after_BER_opening,As a central airport Berlin Tegel is particularly attractive for business travellers and should by all means remain operational.,That's why intelligence services must be regulated in the framework of parliamentary oversight committees.
different_topic,0.4853054121617348,TXL_airport_remain_operational_after_BER_opening,As a central airport Berlin Tegel is particularly attractive for business travellers and should by all means remain operational.,The morning-after pill should only be prescribed after counselling by a physician or pharmacist.
different_topic,0.37575419664382936,TXL_airport_remain_operational_after_BER_opening,As a central airport Berlin Tegel is particularly attractive for business travellers and should by all means remain operational.,Therefore universities should not charge tuition fees in Germany.
different_topic,0.5391146656005613,TXL_airport_remain_operational_after_BER_opening,As a central airport Berlin Tegel is particularly attractive for business travellers and should by all means remain operational.,Due to the many random factors the bachelor thesis should not play a bigger role.
different_topic,0.3096098679083365,TXL_airport_remain_operational_after_BER_opening,As a central airport Berlin Tegel is particularly attractive for business travellers and should by all means remain operational.,Raising the relative retirement age on the basis of the physical fitness of the average citizen is fair.
different_topic,0.5898367949894496,TXL_airport_remain_operational_after_BER_opening,As a central airport Berlin Tegel is particularly attractive for business travellers and should by all means remain operational.,For these reasons supermarkets and shopping centres should not be allowed to be open for business on arbitrary Sundays and holidays.
different_topic,0.5785850763320923,TXL_airport_remain_operational_after_BER_opening,As a central airport Berlin Tegel is particularly attractive for business travellers and should by all means remain operational.,the statutory retirement age should in the future not remain at 63 years.
different_topic,0.47373283973761965,TXL_airport_remain_operational_after_BER_opening,As a central airport Berlin Tegel is particularly attractive for business travellers and should by all means remain operational.,That's why the statutory health insurance companies should not cover such treatments.
different_topic,0.6274060983868206,TXL_airport_remain_operational_after_BER_opening,As a central airport Berlin Tegel is particularly attractive for business travellers and should by all means remain operational.,"If however one could find a compromise between green space and housing, then Tempelhofer Feld should definitely be made available for residential construction."
different_topic,0.5372248059686493,TXL_airport_remain_operational_after_BER_opening,As a central airport Berlin Tegel is particularly attractive for business travellers and should by all means remain operational.,I argue categorically in favour of over-the-counter availability of the morning-after pill in pharmacies.
different_topic,0.47569065789381665,TXL_airport_remain_operational_after_BER_opening,As a central airport Berlin Tegel is particularly attractive for business travellers and should by all means remain operational.,the EU should intervene right away.
different_topic,0.4920975954243631,TXL_airport_remain_operational_after_BER_opening,As a central airport Berlin Tegel is particularly attractive for business travellers and should by all means remain operational.,"Especially now, as there is a lack of skilled labour, it's irresponsible for the economy and prosperity to retire at 63."
different_topic,0.33454864958058234,TXL_airport_remain_operational_after_BER_opening,As a central airport Berlin Tegel is particularly attractive for business travellers and should by all means remain operational.,It would be fair to make them into an Olympic event.
different_topic,0.4699080814917882,TXL_airport_remain_operational_after_BER_opening,As a central airport Berlin Tegel is particularly attractive for business travellers and should by all means remain operational.,A cap on rent increases upon tenant change is therefore not to be supported.
different_topic,0.5390610098838805,TXL_airport_remain_operational_after_BER_opening,As a central airport Berlin Tegel is particularly attractive for business travellers and should by all means remain operational.,Opening on Sundays and holidays would therefore help both customers and shops.
different_topic,0.5060612716384837,TXL_airport_remain_operational_after_BER_opening,As a central airport Berlin Tegel is particularly attractive for business travellers and should by all means remain operational.,Higher penalties for dog dirt are pointless as long as there is not enough personnel to enforce them.
different_topic,0.40637318955527413,TXL_airport_remain_operational_after_BER_opening,As a central airport Berlin Tegel is particularly attractive for business travellers and should by all means remain operational.,I am not of the opinion that the retirement age should be set at 63 years.
same_topic,0.5153112786787527,TXL_airport_remain_operational_after_BER_opening,As a central airport Berlin Tegel is particularly attractive for business travellers and should by all means remain operational.,"After the new BER Airport has been commissioned, Tegel should definitely be closed."
different_topic,0.40254334688186644,TXL_airport_remain_operational_after_BER_opening,As a central airport Berlin Tegel is particularly attractive for business travellers and should by all means remain operational.,Not everyone should be obliged to pay the TV & radio licence.
different_topic,0.41746434458979853,TXL_airport_remain_operational_after_BER_opening,As a central airport Berlin Tegel is particularly attractive for business travellers and should by all means remain operational.,Actually it would be justified if all German universities charged tuition fees.
different_topic,0.3541755557060242,TXL_airport_remain_operational_after_BER_opening,As a central airport Berlin Tegel is particularly attractive for business travellers and should by all means remain operational.,Current regulations for the calculation of the total grade should therefore be maintained.
different_topic,0.5613407939672469,TXL_airport_remain_operational_after_BER_opening,As a central airport Berlin Tegel is particularly attractive for business travellers and should by all means remain operational.,Supermarkets and shopping centres should be allowed to open on any Sundays and holidays.
different_topic,0.5035148756326856,TXL_airport_remain_operational_after_BER_opening,As a central airport Berlin Tegel is particularly attractive for business travellers and should by all means remain operational.,"Many European countries, for instance the Netherlands, Sweden and Great Britain, have already understood this and successfully adjusted the opening hours for retailers."
different_topic,0.17282891273498535,TXL_airport_remain_operational_after_BER_opening,As a central airport Berlin Tegel is particularly attractive for business travellers and should by all means remain operational.,We don't need it.
different_topic,0.5665650060682585,TXL_airport_remain_operational_after_BER_opening,As a central airport Berlin Tegel is particularly attractive for business travellers and should by all means remain operational.,Supermarkets and shopping centres should be allowed to open any Sundays and holidays at their discretion.
different_topic,0.5201607456102091,TXL_airport_remain_operational_after_BER_opening,As a central airport Berlin Tegel is particularly attractive for business travellers and should by all means remain operational.,"If there were higher fines for leaving dog dirt on pavements, there would presumably be less dog dirt,"
different_topic,0.6451575351612908,TXL_airport_remain_operational_after_BER_opening,As a central airport Berlin Tegel is particularly attractive for business travellers and should by all means remain operational.,Germany should by no means introduce capital punishment.
different_topic,0.5237807957455516,TXL_airport_remain_operational_after_BER_opening,As a central airport Berlin Tegel is particularly attractive for business travellers and should by all means remain operational.,"Considering what's on television these days, it would be appropriate to only have those people pay who actually (want to) follow the programming."
different_topic,0.47310930490493774,TXL_airport_remain_operational_after_BER_opening,As a central airport Berlin Tegel is particularly attractive for business travellers and should by all means remain operational.,"If there must be rent increases, there should also be a cap to avoid nasty surprises."
different_topic,0.35663448691368105,TXL_airport_remain_operational_after_BER_opening,As a central airport Berlin Tegel is particularly attractive for business travellers and should by all means remain operational.,German universities should on no account charge tuition fees.
different_topic,0.51974526767073,TXL_airport_remain_operational_after_BER_opening,As a central airport Berlin Tegel is particularly attractive for business travellers and should by all means remain operational.,Hence it is good when shops are not open on Sundays and public holidays.
different_topic,0.6129725277423859,TXL_airport_remain_operational_after_BER_opening,As a central airport Berlin Tegel is particularly attractive for business travellers and should by all means remain operational.,"Intelligence services should be more closely regulated by parliament,"
same_topic,0.3656036244786304,TXL_airport_remain_operational_after_BER_opening,As a central airport Berlin Tegel is particularly attractive for business travellers and should by all means remain operational.,"BER should be re-conceptualized from scratch,"
different_topic,0.3875480190567348,TXL_airport_remain_operational_after_BER_opening,As a central airport Berlin Tegel is particularly attractive for business travellers and should by all means remain operational.,the EU should not intervene in local politics.
different_topic,0.48769659598668413,TXL_airport_remain_operational_after_BER_opening,As a central airport Berlin Tegel is particularly attractive for business travellers and should by all means remain operational.,"The implementation of retirement at 63 is no longer socially sustainable,"
different_topic,0.6465281383557753,TXL_airport_remain_operational_after_BER_opening,As a central airport Berlin Tegel is particularly attractive for business travellers and should by all means remain operational.,That's why there ought to be one day a week when supermarkets and shopping centres stay closed.
different_topic,0.3502029614015059,TXL_airport_remain_operational_after_BER_opening,As a central airport Berlin Tegel is particularly attractive for business travellers and should by all means remain operational.,everyone should chip in.
different_topic,0.2765577889007071,TXL_airport_remain_operational_after_BER_opening,As a central airport Berlin Tegel is particularly attractive for business travellers and should by all means remain operational.,The state ought to prevent murder - not avenge it.
different_topic,0.38833358552720815,TXL_airport_remain_operational_after_BER_opening,As a central airport Berlin Tegel is particularly attractive for business travellers and should by all means remain operational.,A constant increase in rent upon a change of tenants hence cannot be desired by society.
different_topic,0.5686206707247982,TXL_airport_remain_operational_after_BER_opening,As a central airport Berlin Tegel is particularly attractive for business travellers and should by all means remain operational.,It is quite clear that Sunday should remain a day of rest.
different_topic,0.5392478631960379,TXL_airport_remain_operational_after_BER_opening,As a central airport Berlin Tegel is particularly attractive for business travellers and should by all means remain operational.,"The BA dissertation should, if not make up the entire grade, then at least constitute a larger share of it."
different_topic,0.53293199693003,TXL_airport_remain_operational_after_BER_opening,As a central airport Berlin Tegel is particularly attractive for business travellers and should by all means remain operational.,"Dog owners should pay higher fines for dog dirt left on pavements,"
different_topic,0.2931450080871582,TXL_airport_remain_operational_after_BER_opening,As a central airport Berlin Tegel is particularly attractive for business travellers and should by all means remain operational.,"Still, the state needs the death penalty as a deterrent to horrific crimes."
different_topic,0.49133035441239675,TXL_airport_remain_operational_after_BER_opening,As a central airport Berlin Tegel is particularly attractive for business travellers and should by all means remain operational.,The TV license fee should only be collected from those who actually make use of the programming of the public broadcasters.
different_topic,0.5737744930255062,TXL_airport_remain_operational_after_BER_opening,As a central airport Berlin Tegel is particularly attractive for business travellers and should by all means remain operational.,No one should have the possibility to pick up the morning-after pill over the counter at the pharmacy.
different_topic,0.251713668758219,TXL_airport_remain_operational_after_BER_opening,As a central airport Berlin Tegel is particularly attractive for business travellers and should by all means remain operational.,Increasing penalties is therefore the right way.
different_topic,0.43286407561529244,buy_tax_evader_data_from_dubious_sources,Acquiring CDs with tax data of tax delinquents is therefore out of the question.,That's why intelligence services must be regulated in the framework of parliamentary oversight committees.
different_topic,0.3355913782119751,buy_tax_evader_data_from_dubious_sources,Acquiring CDs with tax data of tax delinquents is therefore out of the question.,The morning-after pill should only be prescribed after counselling by a physician or pharmacist.
different_topic,0.3963577214040254,buy_tax_evader_data_from_dubious_sources,Acquiring CDs with tax data of tax delinquents is therefore out of the question.,Therefore universities should not charge tuition fees in Germany.
different_topic,0.47558128714561465,buy_tax_evader_data_from_dubious_sources,Acquiring CDs with tax data of tax delinquents is therefore out of the question.,Due to the many random factors the bachelor thesis should not play a bigger role.
different_topic,0.40676849654742653,buy_tax_evader_data_from_dubious_sources,Acquiring CDs with tax data of tax delinquents is therefore out of the question.,Raising the relative retirement age on the basis of the physical fitness of the average citizen is fair.
different_topic,0.3846353189698581,buy_tax_evader_data_from_dubious_sources,Acquiring CDs with tax data of tax delinquents is therefore out of the question.,For these reasons supermarkets and shopping centres should not be allowed to be open for business on arbitrary Sundays and holidays.
different_topic,0.4835355939964453,buy_tax_evader_data_from_dubious_sources,Acquiring CDs with tax data of tax delinquents is therefore out of the question.,the statutory retirement age should in the future not remain at 63 years.
different_topic,0.5465169982476668,buy_tax_evader_data_from_dubious_sources,Acquiring CDs with tax data of tax delinquents is therefore out of the question.,That's why the statutory health insurance companies should not cover such treatments.
different_topic,0.46788014471530914,buy_tax_evader_data_from_dubious_sources,Acquiring CDs with tax data of tax delinquents is therefore out of the question.,"If however one could find a compromise between green space and housing, then Tempelhofer Feld should definitely be made available for residential construction."
different_topic,0.3636562994548253,buy_tax_evader_data_from_dubious_sources,Acquiring CDs with tax data of tax delinquents is therefore out of the question.,I argue categorically in favour of over-the-counter availability of the morning-after pill in pharmacies.
different_topic,0.3677725862297747,buy_tax_evader_data_from_dubious_sources,Acquiring CDs with tax data of tax delinquents is therefore out of the question.,the EU should intervene right away.
different_topic,0.4674719130551373,buy_tax_evader_data_from_dubious_sources,Acquiring CDs with tax data of tax delinquents is therefore out of the question.,"Especially now, as there is a lack of skilled labour, it's irresponsible for the economy and prosperity to retire at 63."
different_topic,0.4387477110413944,buy_tax_evader_data_from_dubious_sources,Acquiring CDs with tax data of tax delinquents is therefore out of the question.,It would be fair to make them into an Olympic event.
different_topic,0.4685885248084863,buy_tax_evader_data_from_dubious_sources,Acquiring CDs with tax data of tax delinquents is therefore out of the question.,A cap on rent increases upon tenant change is therefore not to be supported.
different_topic,0.43591187956432503,buy_tax_evader_data_from_dubious_sources,Acquiring CDs with tax data of tax delinquents is therefore out of the question.,Opening on Sundays and holidays would therefore help both customers and shops.
different_topic,0.39143343894712385,buy_tax_evader_data_from_dubious_sources,Acquiring CDs with tax data of tax delinquents is therefore out of the question.,Higher penalties for dog dirt are pointless as long as there is not enough personnel to enforce them.
different_topic,0.41281580499240333,buy_tax_evader_data_from_dubious_sources,Acquiring CDs with tax data of tax delinquents is therefore out of the question.,I am not of the opinion that the retirement age should be set at 63 years.
different_topic,0.4138387335198266,buy_tax_evader_data_from_dubious_sources,Acquiring CDs with tax data of tax delinquents is therefore out of the question.,"After the new BER Airport has been commissioned, Tegel should definitely be closed."
different_topic,0.36506096940291555,buy_tax_evader_data_from_dubious_sources,Acquiring CDs with tax data of tax delinquents is therefore out of the question.,Not everyone should be obliged to pay the TV & radio licence.
different_topic,0.46661670435042607,buy_tax_evader_data_from_dubious_sources,Acquiring CDs with tax data of tax delinquents is therefore out of the question.,Actually it would be justified if all German universities charged tuition fees.
different_topic,0.43611673304909154,buy_tax_evader_data_from_dubious_sources,Acquiring CDs with tax data of tax delinquents is therefore out of the question.,Current regulations for the calculation of the total grade should therefore be maintained.
different_topic,0.3923259343092258,buy_tax_evader_data_from_dubious_sources,Acquiring CDs with tax data of tax delinquents is therefore out of the question.,Supermarkets and shopping centres should be allowed to open on any Sundays and holidays.
different_topic,0.34424744017662545,buy_tax_evader_data_from_dubious_sources,Acquiring CDs with tax data of tax delinquents is therefore out of the question.,"Many European countries, for instance the Netherlands, Sweden and Great Britain, have already understood this and successfully adjusted the opening hours for retailers."
different_topic,0.2855581726346697,buy_tax_evader_data_from_dubious_sources,Acquiring CDs with tax data of tax delinquents is therefore out of the question.,We don't need it.
different_topic,0.38037080786846306,buy_tax_evader_data_from_dubious_sources,Acquiring CDs with tax data of tax delinquents is therefore out of the question.,Supermarkets and shopping centres should be allowed to open any Sundays and holidays at their discretion.
different_topic,0.41549043729901314,buy_tax_evader_data_from_dubious_sources,Acquiring CDs with tax data of tax delinquents is therefore out of the question.,"If there were higher fines for leaving dog dirt on pavements, there would presumably be less dog dirt,"
different_topic,0.372946808622642,buy_tax_evader_data_from_dubious_sources,Acquiring CDs with tax data of tax delinquents is therefore out of the question.,Germany should by no means introduce capital punishment.
different_topic,0.4699363674108798,buy_tax_evader_data_from_dubious_sources,Acquiring CDs with tax data of tax delinquents is therefore out of the question.,"Considering what's on television these days, it would be appropriate to only have those people pay who actually (want to) follow the programming."
different_topic,0.5049974076125933,buy_tax_evader_data_from_dubious_sources,Acquiring CDs with tax data of tax delinquents is therefore out of the question.,"If there must be rent increases, there should also be a cap to avoid nasty surprises."
different_topic,0.3332405498153285,buy_tax_evader_data_from_dubious_sources,Acquiring CDs with tax data of tax delinquents is therefore out of the question.,German universities should on no account charge tuition fees.
different_topic,0.42791820803414227,buy_tax_evader_data_from_dubious_sources,Acquiring CDs with tax data of tax delinquents is therefore out of the question.,Hence it is good when shops are not open on Sundays and public holidays.
different_topic,0.4736229901512464,buy_tax_evader_data_from_dubious_sources,Acquiring CDs with tax data of tax delinquents is therefore out of the question.,"Intelligence services should be more closely regulated by parliament,"
different_topic,0.32453881116474376,buy_tax_evader_data_from_dubious_sources,Acquiring CDs with tax data of tax delinquents is therefore out of the question.,"BER should be re-conceptualized from scratch,"
different_topic,0.31456101291319905,buy_tax_evader_data_from_dubious_sources,Acquiring CDs with tax data of tax delinquents is therefore out of the question.,the EU should not intervene in local politics.
different_topic,0.44792543475826585,buy_tax_evader_data_from_dubious_sources,Acquiring CDs with tax data of tax delinquents is therefore out of the question.,"The implementation of retirement at 63 is no longer socially sustainable,"
different_topic,0.49640924621511395,buy_tax_evader_data_from_dubious_sources,Acquiring CDs with tax data of tax delinquents is therefore out of the question.,That's why there ought to be one day a week when supermarkets and shopping centres stay closed.
different_topic,0.24414187110960484,buy_tax_evader_data_from_dubious_sources,Acquiring CDs with tax data of tax delinquents is therefore out of the question.,everyone should chip in.
different_topic,0.33672581350102143,buy_tax_evader_data_from_dubious_sources,Acquiring CDs with tax data of tax delinquents is therefore out of the question.,The state ought to prevent murder - not avenge it.
different_topic,0.4628648247037615,buy_tax_evader_data_from_dubious_sources,Acquiring CDs with tax data of tax delinquents is therefore out of the question.,A constant increase in rent upon a change of tenants hence cannot be desired by society.
different_topic,0.4615622301186834,buy_tax_evader_data_from_dubious_sources,Acquiring CDs with tax data of tax delinquents is therefore out of the question.,It is quite clear that Sunday should remain a day of rest.
different_topic,0.41688780150105875,buy_tax_evader_data_from_dubious_sources,Acquiring CDs with tax data of tax delinquents is therefore out of the question.,"The BA dissertation should, if not make up the entire grade, then at least constitute a larger share of it."
different_topic,0.4468769857287406,buy_tax_evader_data_from_dubious_sources,Acquiring CDs with tax data of tax delinquents is therefore out of the question.,"Dog owners should pay higher fines for dog dirt left on pavements,"
different_topic,0.42164780121100576,buy_tax_evader_data_from_dubious_sources,Acquiring CDs with tax data of tax delinquents is therefore out of the question.,"Still, the state needs the death penalty as a deterrent to horrific crimes."
different_topic,0.4782395424942176,buy_tax_evader_data_from_dubious_sources,Acquiring CDs with tax data of tax delinquents is therefore out of the question.,The TV license fee should only be collected from those who actually make use of the programming of the public broadcasters.
different_topic,0.3573264963924885,buy_tax_evader_data_from_dubious_sources,Acquiring CDs with tax data of tax delinquents is therefore out of the question.,No one should have the possibility to pick up the morning-after pill over the counter at the pharmacy.
different_topic,0.42515541240572935,buy_tax_evader_data_from_dubious_sources,Acquiring CDs with tax data of tax delinquents is therefore out of the question.,Increasing penalties is therefore the right way.
different_topic,0.3162449536224206,stricter_regulation_of_intelligence_services,That's why intelligence services must be regulated in the framework of parliamentary oversight committees.,The morning-after pill should only be prescribed after counselling by a physician or pharmacist.
different_topic,0.3470569948355357,stricter_regulation_of_intelligence_services,That's why intelligence services must be regulated in the framework of parliamentary oversight committees.,Therefore universities should not charge tuition fees in Germany.
different_topic,0.38532058770457905,stricter_regulation_of_intelligence_services,That's why intelligence services must be regulated in the framework of parliamentary oversight committees.,Due to the many random factors the bachelor thesis should not play a bigger role.
different_topic,0.35643354058265686,stricter_regulation_of_intelligence_services,That's why intelligence services must be regulated in the framework of parliamentary oversight committees.,Raising the relative retirement age on the basis of the physical fitness of the average citizen is fair.
different_topic,0.3401214927434922,stricter_regulation_of_intelligence_services,That's why intelligence services must be regulated in the framework of parliamentary oversight committees.,For these reasons supermarkets and shopping centres should not be allowed to be open for business on arbitrary Sundays and holidays.
different_topic,0.3244831523169642,stricter_regulation_of_intelligence_services,That's why intelligence services must be regulated in the framework of parliamentary oversight committees.,the statutory retirement age should in the future not remain at 63 years.
different_topic,0.45126899225371225,stricter_regulation_of_intelligence_services,That's why intelligence services must be regulated in the framework of parliamentary oversight committees.,That's why the statutory health insurance companies should not cover such treatments.
different_topic,0.3771880092444243,stricter_regulation_of_intelligence_services,That's why intelligence services must be regulated in the framework of parliamentary oversight committees.,"If however one could find a compromise between green space and housing, then Tempelhofer Feld should definitely be made available for residential construction."
different_topic,0.31451461050245494,stricter_regulation_of_intelligence_services,That's why intelligence services must be regulated in the framework of parliamentary oversight committees.,I argue categorically in favour of over-the-counter availability of the morning-after pill in pharmacies.
different_topic,0.3494534331428654,stricter_regulation_of_intelligence_services,That's why intelligence services must be regulated in the framework of parliamentary oversight committees.,the EU should intervene right away.
different_topic,0.3489798582517184,stricter_regulation_of_intelligence_services,That's why intelligence services must be regulated in the framework of parliamentary oversight committees.,"Especially now, as there is a lack of skilled labour, it's irresponsible for the economy and prosperity to retire at 63."
different_topic,0.39220623672008514,stricter_regulation_of_intelligence_services,That's why intelligence services must be regulated in the framework of parliamentary oversight committees.,It would be fair to make them into an Olympic event.
different_topic,0.3726152751756751,stricter_regulation_of_intelligence_services,That's why intelligence services must be regulated in the framework of parliamentary oversight committees.,A cap on rent increases upon tenant change is therefore not to be supported.
different_topic,0.3758550791636757,stricter_regulation_of_intelligence_services,That's why intelligence services must be regulated in the framework of parliamentary oversight committees.,Opening on Sundays and holidays would therefore help both customers and shops.
different_topic,0.32908296783765156,stricter_regulation_of_intelligence_services,That's why intelligence services must be regulated in the framework of parliamentary oversight committees.,Higher penalties for dog dirt are pointless as long as there is not enough personnel to enforce them.
different_topic,0.3208563104271889,stricter_regulation_of_intelligence_services,That's why intelligence services must be regulated in the framework of parliamentary oversight committees.,I am not of the opinion that the retirement age should be set at 63 years.
different_topic,0.35555430576205255,stricter_regulation_of_intelligence_services,That's why intelligence services must be regulated in the framework of parliamentary oversight committees.,"After the new BER Airport has been commissioned, Tegel should definitely be closed."
different_topic,0.35127802275949055,stricter_regulation_of_intelligence_services,That's why intelligence services must be regulated in the framework of parliamentary oversight committees.,Not everyone should be obliged to pay the TV & radio licence.
different_topic,0.3655916333198547,stricter_regulation_of_intelligence_services,That's why intelligence services must be regulated in the framework of parliamentary oversight committees.,Actually it would be justified if all German universities charged tuition fees.
different_topic,0.44890044464005363,stricter_regulation_of_intelligence_services,That's why intelligence services must be regulated in the framework of parliamentary oversight committees.,Current regulations for the calculation of the total grade should therefore be maintained.
different_topic,0.3118751180171967,stricter_regulation_of_intelligence_services,That's why intelligence services must be regulated in the framework of parliamentary oversight committees.,Supermarkets and shopping centres should be allowed to open on any Sundays and holidays.
different_topic,0.2968973070383072,stricter_regulation_of_intelligence_services,That's why intelligence services must be regulated in the framework of parliamentary oversight committees.,"Many European countries, for instance the Netherlands, Sweden and Great Britain, have already understood this and successfully adjusted the opening hours for retailers."
different_topic,0.28125440157376796,stricter_regulation_of_intelligence_services,That's why intelligence services must be regulated in the framework of parliamentary oversight committees.,We don't need it.
different_topic,0.31293008763056535,stricter_regulation_of_intelligence_services,That's why intelligence services must be regulated in the framework of parliamentary oversight committees.,Supermarkets and shopping centres should be allowed to open any Sundays and holidays at their discretion.
different_topic,0.3429632208965443,stricter_regulation_of_intelligence_services,That's why intelligence services must be regulated in the framework of parliamentary oversight committees.,"If there were higher fines for leaving dog dirt on pavements, there would presumably be less dog dirt,"
different_topic,0.3720348928833292,stricter_regulation_of_intelligence_services,That's why intelligence services must be regulated in the framework of parliamentary oversight committees.,Germany should by no means introduce capital punishment.
different_topic,0.37658175706863406,stricter_regulation_of_intelligence_services,That's why intelligence services must be regulated in the framework of parliamentary oversight committees.,"Considering what's on television these days, it would be appropriate to only have those people pay who actually (want to) follow the programming."
different_topic,0.4312310083345933,stricter_regulation_of_intelligence_services,That's why intelligence services must be regulated in the framework of parliamentary oversight committees.,"If there must be rent increases, there should also be a cap to avoid nasty surprises."
different_topic,0.2823463380336762,stricter_regulation_of_intelligence_services,That's why intelligence services must be regulated in the framework of parliamentary oversight committees.,German universities should on no account charge tuition fees.
different_topic,0.3895164775577459,stricter_regulation_of_intelligence_services,That's why intelligence services must be regulated in the framework of parliamentary oversight committees.,Hence it is good when shops are not open on Sundays and public holidays.
same_topic,0.546751829593078,stricter_regulation_of_intelligence_services,That's why intelligence services must be regulated in the framework of parliamentary oversight committees.,"Intelligence services should be more closely regulated by parliament,"
different_topic,0.3161260448396206,stricter_regulation_of_intelligence_services,That's why intelligence services must be regulated in the framework of parliamentary oversight committees.,"BER should be re-conceptualized from scratch,"
different_topic,0.2946582045406103,stricter_regulation_of_intelligence_services,That's why intelligence services must be regulated in the framework of parliamentary oversight committees.,the EU should not intervene in local politics.
different_topic,0.35599829321322235,stricter_regulation_of_intelligence_services,That's why intelligence services must be regulated in the framework of parliamentary oversight committees.,"The implementation of retirement at 63 is no longer socially sustainable,"
different_topic,0.36413034338217515,stricter_regulation_of_intelligence_services,That's why intelligence services must be regulated in the framework of parliamentary oversight committees.,That's why there ought to be one day a week when supermarkets and shopping centres stay closed.
different_topic,0.2227819303671519,stricter_regulation_of_intelligence_services,That's why intelligence services must be regulated in the framework of parliamentary oversight committees.,everyone should chip in.
different_topic,0.28651921823620796,stricter_regulation_of_intelligence_services,That's why intelligence services must be regulated in the framework of parliamentary oversight committees.,The state ought to prevent murder - not avenge it.
different_topic,0.3961253494024276,stricter_regulation_of_intelligence_services,That's why intelligence services must be regulated in the framework of parliamentary oversight committees.,A constant increase in rent upon a change of tenants hence cannot be desired by society.
different_topic,0.3614322304725647,stricter_regulation_of_intelligence_services,That's why intelligence services must be regulated in the framework of parliamentary oversight committees.,It is quite clear that Sunday should remain a day of rest.
different_topic,0.30306908587614695,stricter_regulation_of_intelligence_services,That's why intelligence services must be regulated in the framework of parliamentary oversight committees.,"The BA dissertation should, if not make up the entire grade, then at least constitute a larger share of it."
different_topic,0.3448186044891675,stricter_regulation_of_intelligence_services,That's why intelligence services must be regulated in the framework of parliamentary oversight committees.,"Dog owners should pay higher fines for dog dirt left on pavements,"
different_topic,0.36367687251832753,stricter_regulation_of_intelligence_services,That's why intelligence services must be regulated in the framework of parliamentary oversight committees.,"Still, the state needs the death penalty as a deterrent to horrific crimes."
different_topic,0.3786373021809951,stricter_regulation_of_intelligence_services,That's why intelligence services must be regulated in the framework of parliamentary oversight committees.,The TV license fee should only be collected from those who actually make use of the programming of the public broadcasters.
different_topic,0.33457298632021304,stricter_regulation_of_intelligence_services,That's why intelligence services must be regulated in the framework of parliamentary oversight committees.,No one should have the possibility to pick up the morning-after pill over the counter at the pharmacy.
different_topic,0.40350494782129925,stricter_regulation_of_intelligence_services,That's why intelligence services must be regulated in the framework of parliamentary oversight committees.,Increasing penalties is therefore the right way.
different_topic,0.40578210624781524,over_the_counter_morning_after_pill,The morning-after pill should only be prescribed after counselling by a physician or pharmacist.,Therefore universities should not charge tuition fees in Germany.
different_topic,0.4570692777633667,over_the_counter_morning_after_pill,The morning-after pill should only be prescribed after counselling by a physician or pharmacist.,Due to the many random factors the bachelor thesis should not play a bigger role.
different_topic,0.37825188289086015,over_the_counter_morning_after_pill,The morning-after pill should only be prescribed after counselling by a physician or pharmacist.,Raising the relative retirement age on the basis of the physical fitness of the average citizen is fair.
different_topic,0.49665517359972006,over_the_counter_morning_after_pill,The morning-after pill should only be prescribed after counselling by a physician or pharmacist.,For these reasons supermarkets and shopping centres should not be allowed to be open for business on arbitrary Sundays and holidays.
different_topic,0.5205039729674658,over_the_counter_morning_after_pill,The morning-after pill should only be prescribed after counselling by a physician or pharmacist.,the statutory retirement age should in the future not remain at 63 years.
different_topic,0.41927677869796753,over_the_counter_morning_after_pill,The morning-after pill should only be prescribed after counselling by a physician or pharmacist.,That's why the statutory health insurance companies should not cover such treatments.
different_topic,0.4631490611260937,over_the_counter_morning_after_pill,The morning-after pill should only be prescribed after counselling by a physician or pharmacist.,"If however one could find a compromise between green space and housing, then Tempelhofer Feld should definitely be made available for residential construction."
same_topic,0.6619193582765518,over_the_counter_morning_after_pill,The morning-after pill should only be prescribed after counselling by a physician or pharmacist.,I argue categorically in favour of over-the-counter availability of the morning-after pill in pharmacies.
different_topic,0.4589612739426749,over_the_counter_morning_after_pill,The morning-after pill should only be prescribed after counselling by a physician or pharmacist.,the EU should intervene right away.
different_topic,0.45814505120118465,over_the_counter_morning_after_pill,The morning-after pill should only be prescribed after counselling by a physician or pharmacist.,"Especially now, as there is a lack of skilled labour, it's irresponsible for the economy and prosperity to retire at 63."
different_topic,0.26002868115901945,over_the_counter_morning_after_pill,The morning-after pill should only be prescribed after counselling by a physician or pharmacist.,It would be fair to make them into an Olympic event.
different_topic,0.40332572493288255,over_the_counter_morning_after_pill,The morning-after pill should only be prescribed after counselling by a physician or pharmacist.,A cap on rent increases upon tenant change is therefore not to be supported.
different_topic,0.4873058155730919,over_the_counter_morning_after_pill,The morning-after pill should only be prescribed after counselling by a physician or pharmacist.,Opening on Sundays and holidays would therefore help both customers and shops.
different_topic,0.35098290531074294,over_the_counter_morning_after_pill,The morning-after pill should only be prescribed after counselling by a physician or pharmacist.,Higher penalties for dog dirt are pointless as long as there is not enough personnel to enforce them.
different_topic,0.4682794710000356,over_the_counter_morning_after_pill,The morning-after pill should only be prescribed after counselling by a physician or pharmacist.,I am not of the opinion that the retirement age should be set at 63 years.
different_topic,0.4358756293853124,over_the_counter_morning_after_pill,The morning-after pill should only be prescribed after counselling by a physician or pharmacist.,"After the new BER Airport has been commissioned, Tegel should definitely be closed."
different_topic,0.3804557987234809,over_the_counter_morning_after_pill,The morning-after pill should only be prescribed after counselling by a physician or pharmacist.,Not everyone should be obliged to pay the TV & radio licence.
different_topic,0.40917525688807166,over_the_counter_morning_after_pill,The morning-after pill should only be prescribed after counselling by a physician or pharmacist.,Actually it would be justified if all German universities charged tuition fees.
different_topic,0.37828922407193616,over_the_counter_morning_after_pill,The morning-after pill should only be prescribed after counselling by a physician or pharmacist.,Current regulations for the calculation of the total grade should therefore be maintained.
different_topic,0.5251043038121584,over_the_counter_morning_after_pill,The morning-after pill should only be prescribed after counselling by a physician or pharmacist.,Supermarkets and shopping centres should be allowed to open on any Sundays and holidays.
different_topic,0.34390964665833645,over_the_counter_morning_after_pill,The morning-after pill should only be prescribed after counselling by a physician or pharmacist.,"Many European countries, for instance the Netherlands, Sweden and Great Britain, have already understood this and successfully adjusted the opening hours for retailers."
different_topic,0.17097710861879237,over_the_counter_morning_after_pill,The morning-after pill should only be prescribed after counselling by a physician or pharmacist.,We don't need it.
different_topic,0.5171848764022191,over_the_counter_morning_after_pill,The morning-after pill should only be prescribed after counselling by a physician or pharmacist.,Supermarkets and shopping centres should be allowed to open any Sundays and holidays at their discretion.
different_topic,0.40674418114846755,over_the_counter_morning_after_pill,The morning-after pill should only be prescribed after counselling by a physician or pharmacist.,"If there were higher fines for leaving dog dirt on pavements, there would presumably be less dog dirt,"
different_topic,0.4856521874666214,over_the_counter_morning_after_pill,The morning-after pill should only be prescribed after counselling by a physician or pharmacist.,Germany should by no means introduce capital punishment.
different_topic,0.48316026247780897,over_the_counter_morning_after_pill,The morning-after pill should only be prescribed after counselling by a physician or pharmacist.,"Considering what's on television these days, it would be appropriate to only have those people pay who actually (want to) follow the programming."
different_topic,0.4534328843538578,over_the_counter_morning_after_pill,The morning-after pill should only be prescribed after counselling by a physician or pharmacist.,"If there must be rent increases, there should also be a cap to avoid nasty surprises."
different_topic,0.4078809679909186,over_the_counter_morning_after_pill,The morning-after pill should only be prescribed after counselling by a physician or pharmacist.,German universities should on no account charge tuition fees.
different_topic,0.48906277922483593,over_the_counter_morning_after_pill,The morning-after pill should only be prescribed after counselling by a physician or pharmacist.,Hence it is good when shops are not open on Sundays and public holidays.
different_topic,0.46342056161827505,over_the_counter_morning_after_pill,The morning-after pill should only be prescribed after counselling by a physician or pharmacist.,"Intelligence services should be more closely regulated by parliament,"
different_topic,0.28243400007486347,over_the_counter_morning_after_pill,The morning-after pill should only be prescribed after counselling by a physician or pharmacist.,"BER should be re-conceptualized from scratch,"
different_topic,0.3501641809940338,over_the_counter_morning_after_pill,The morning-after pill should only be prescribed after counselling by a physician or pharmacist.,the EU should not intervene in local politics.
different_topic,0.4709359699929202,over_the_counter_morning_after_pill,The morning-after pill should only be prescribed after counselling by a physician or pharmacist.,"The implementation of retirement at 63 is no longer socially sustainable,"
different_topic,0.4898195763429006,over_the_counter_morning_after_pill,The morning-after pill should only be prescribed after counselling by a physician or pharmacist.,That's why there ought to be one day a week when supermarkets and shopping centres stay closed.
different_topic,0.33889729725687134,over_the_counter_morning_after_pill,The morning-after pill should only be prescribed after counselling by a physician or pharmacist.,everyone should chip in.
different_topic,0.332194185256958,over_the_counter_morning_after_pill,The morning-after pill should only be prescribed after counselling by a physician or pharmacist.,The state ought to prevent murder - not avenge it.
different_topic,0.3839219262202581,over_the_counter_morning_after_pill,The morning-after pill should only be prescribed after counselling by a physician or pharmacist.,A constant increase in rent upon a change of tenants hence cannot be desired by society.
different_topic,0.5109964174528916,over_the_counter_morning_after_pill,The morning-after pill should only be prescribed after counselling by a physician or pharmacist.,It is quite clear that Sunday should remain a day of rest.
different_topic,0.4002983868122101,over_the_counter_morning_after_pill,The morning-after pill should only be prescribed after counselling by a physician or pharmacist.,"The BA dissertation should, if not make up the entire grade, then at least constitute a larger share of it."
different_topic,0.4997903768505369,over_the_counter_morning_after_pill,The morning-after pill should only be prescribed after counselling by a physician or pharmacist.,"Dog owners should pay higher fines for dog dirt left on pavements,"
different_topic,0.35387465899640863,over_the_counter_morning_after_pill,The morning-after pill should only be prescribed after counselling by a physician or pharmacist.,"Still, the state needs the death penalty as a deterrent to horrific crimes."
different_topic,0.518011860239009,over_the_counter_morning_after_pill,The morning-after pill should only be prescribed after counselling by a physician or pharmacist.,The TV license fee should only be collected from those who actually make use of the programming of the public broadcasters.
same_topic,0.6711667593448393,over_the_counter_morning_after_pill,The morning-after pill should only be prescribed after counselling by a physician or pharmacist.,No one should have the possibility to pick up the morning-after pill over the counter at the pharmacy.
different_topic,0.23630001043018545,over_the_counter_morning_after_pill,The morning-after pill should only be prescribed after counselling by a physician or pharmacist.,Increasing penalties is therefore the right way.
different_topic,0.4043385996059938,charge_tuition_fees,Therefore universities should not charge tuition fees in Germany.,Due to the many random factors the bachelor thesis should not play a bigger role.
different_topic,0.33450321522023935,charge_tuition_fees,Therefore universities should not charge tuition fees in Germany.,Raising the relative retirement age on the basis of the physical fitness of the average citizen is fair.
different_topic,0.3951441897795751,charge_tuition_fees,Therefore universities should not charge tuition fees in Germany.,For these reasons supermarkets and shopping centres should not be allowed to be open for business on arbitrary Sundays and holidays.
different_topic,0.3939146952969687,charge_tuition_fees,Therefore universities should not charge tuition fees in Germany.,the statutory retirement age should in the future not remain at 63 years.
different_topic,0.494765098157682,charge_tuition_fees,Therefore universities should not charge tuition fees in Germany.,That's why the statutory health insurance companies should not cover such treatments.
different_topic,0.406679881811142,charge_tuition_fees,Therefore universities should not charge tuition fees in Germany.,"If however one could find a compromise between green space and housing, then Tempelhofer Feld should definitely be made available for residential construction."
different_topic,0.36577444076538085,charge_tuition_fees,Therefore universities should not charge tuition fees in Germany.,I argue categorically in favour of over-the-counter availability of the morning-after pill in pharmacies.
different_topic,0.558210467795531,charge_tuition_fees,Therefore universities should not charge tuition fees in Germany.,the EU should intervene right away.
different_topic,0.3554645764331023,charge_tuition_fees,Therefore universities should not charge tuition fees in Germany.,"Especially now, as there is a lack of skilled labour, it's irresponsible for the economy and prosperity to retire at 63."
different_topic,0.4848203020436423,charge_tuition_fees,Therefore universities should not charge tuition fees in Germany.,It would be fair to make them into an Olympic event.
different_topic,0.3756314615408579,charge_tuition_fees,Therefore universities should not charge tuition fees in Germany.,A cap on rent increases upon tenant change is therefore not to be supported.
different_topic,0.4058626634734018,charge_tuition_fees,Therefore universities should not charge tuition fees in Germany.,Opening on Sundays and holidays would therefore help both customers and shops.
different_topic,0.271300909774644,charge_tuition_fees,Therefore universities should not charge tuition fees in Germany.,Higher penalties for dog dirt are pointless as long as there is not enough personnel to enforce them.
different_topic,0.4421469817558924,charge_tuition_fees,Therefore universities should not charge tuition fees in Germany.,I am not of the opinion that the retirement age should be set at 63 years.
different_topic,0.45171019103791976,charge_tuition_fees,Therefore universities should not charge tuition fees in Germany.,"After the new BER Airport has been commissioned, Tegel should definitely be closed."
different_topic,0.5102204382419586,charge_tuition_fees,Therefore universities should not charge tuition fees in Germany.,Not everyone should be obliged to pay the TV & radio licence.
same_topic,0.8446618252330356,charge_tuition_fees,Therefore universities should not charge tuition fees in Germany.,Actually it would be justified if all German universities charged tuition fees.
different_topic,0.4802778884768486,charge_tuition_fees,Therefore universities should not charge tuition fees in Germany.,Current regulations for the calculation of the total grade should therefore be maintained.
different_topic,0.40681817998056824,charge_tuition_fees,Therefore universities should not charge tuition fees in Germany.,Supermarkets and shopping centres should be allowed to open on any Sundays and holidays.
different_topic,0.3623999995844705,charge_tuition_fees,Therefore universities should not charge tuition fees in Germany.,"Many European countries, for instance the Netherlands, Sweden and Great Britain, have already understood this and successfully adjusted the opening hours for retailers."
different_topic,0.35513052615252405,charge_tuition_fees,Therefore universities should not charge tuition fees in Germany.,We don't need it.
different_topic,0.3898674224813779,charge_tuition_fees,Therefore universities should not charge tuition fees in Germany.,Supermarkets and shopping centres should be allowed to open any Sundays and holidays at their discretion.
different_topic,0.3398154067993164,charge_tuition_fees,Therefore universities should not charge tuition fees in Germany.,"If there were higher fines for leaving dog dirt on pavements, there would presumably be less dog dirt,"
different_topic,0.5342180674013338,charge_tuition_fees,Therefore universities should not charge tuition fees in Germany.,Germany should by no means introduce capital punishment.
different_topic,0.38126543941705127,charge_tuition_fees,Therefore universities should not charge tuition fees in Germany.,"Considering what's on television these days, it would be appropriate to only have those people pay who actually (want to) follow the programming."
different_topic,0.4023106724023819,charge_tuition_fees,Therefore universities should not charge tuition fees in Germany.,"If there must be rent increases, there should also be a cap to avoid nasty surprises."
same_topic,0.9095791578292847,charge_tuition_fees,Therefore universities should not charge tuition fees in Germany.,German universities should on no account charge tuition fees.
different_topic,0.4586288005113602,charge_tuition_fees,Therefore universities should not charge tuition fees in Germany.,Hence it is good when shops are not open on Sundays and public holidays.
different_topic,0.444875541187468,charge_tuition_fees,Therefore universities should not charge tuition fees in Germany.,"Intelligence services should be more closely regulated by parliament,"
different_topic,0.4853152994598661,charge_tuition_fees,Therefore universities should not charge tuition fees in Germany.,"BER should be re-conceptualized from scratch,"
different_topic,0.5229029187134334,charge_tuition_fees,Therefore universities should not charge tuition fees in Germany.,the EU should not intervene in local politics.
different_topic,0.4216465339774177,charge_tuition_fees,Therefore universities should not charge tuition fees in Germany.,"The implementation of retirement at 63 is no longer socially sustainable,"
different_topic,0.39198528230190277,charge_tuition_fees,Therefore universities should not charge tuition fees in Germany.,That's why there ought to be one day a week when supermarkets and shopping centres stay closed.
different_topic,0.351863434108404,charge_tuition_fees,Therefore universities should not charge tuition fees in Germany.,everyone should chip in.
different_topic,0.4142474745001112,charge_tuition_fees,Therefore universities should not charge tuition fees in Germany.,The state ought to prevent murder - not avenge it.
different_topic,0.4070791469679938,charge_tuition_fees,Therefore universities should not charge tuition fees in Germany.,A constant increase in rent upon a change of tenants hence cannot be desired by society.
different_topic,0.5082580082946353,charge_tuition_fees,Therefore universities should not charge tuition fees in Germany.,It is quite clear that Sunday should remain a day of rest.
different_topic,0.3483578445655959,charge_tuition_fees,Therefore universities should not charge tuition fees in Germany.,"The BA dissertation should, if not make up the entire grade, then at least constitute a larger share of it."
different_topic,0.41603447361425927,charge_tuition_fees,Therefore universities should not charge tuition fees in Germany.,"Dog owners should pay higher fines for dog dirt left on pavements,"
different_topic,0.4259964469820261,charge_tuition_fees,Therefore universities should not charge tuition fees in Germany.,"Still, the state needs the death penalty as a deterrent to horrific crimes."
different_topic,0.4768586201327188,charge_tuition_fees,Therefore universities should not charge tuition fees in Germany.,The TV license fee should only be collected from those who actually make use of the programming of the public broadcasters.
different_topic,0.3864703178405762,charge_tuition_fees,Therefore universities should not charge tuition fees in Germany.,No one should have the possibility to pick up the morning-after pill over the counter at the pharmacy.
different_topic,0.43309615667049706,charge_tuition_fees,Therefore universities should not charge tuition fees in Germany.,Increasing penalties is therefore the right way.
different_topic,0.3977766260504722,increase_weight_of_BA_thesis_in_final_grade,Due to the many random factors the bachelor thesis should not play a bigger role.,Raising the relative retirement age on the basis of the physical fitness of the average citizen is fair.
different_topic,0.5689350720494984,increase_weight_of_BA_thesis_in_final_grade,Due to the many random factors the bachelor thesis should not play a bigger role.,For these reasons supermarkets and shopping centres should not be allowed to be open for business on arbitrary Sundays and holidays.
different_topic,0.5439032674939543,increase_weight_of_BA_thesis_in_final_grade,Due to the many random factors the bachelor thesis should not play a bigger role.,the statutory retirement age should in the future not remain at 63 years.
different_topic,0.5738457942008972,increase_weight_of_BA_thesis_in_final_grade,Due to the many random factors the bachelor thesis should not play a bigger role.,That's why the statutory health insurance companies should not cover such treatments.
different_topic,0.5486250183274669,increase_weight_of_BA_thesis_in_final_grade,Due to the many random factors the bachelor thesis should not play a bigger role.,"If however one could find a compromise between green space and housing, then Tempelhofer Feld should definitely be made available for residential construction."
different_topic,0.4738867965436751,increase_weight_of_BA_thesis_in_final_grade,Due to the many random factors the bachelor thesis should not play a bigger role.,I argue categorically in favour of over-the-counter availability of the morning-after pill in pharmacies.
different_topic,0.5072142850785029,increase_weight_of_BA_thesis_in_final_grade,Due to the many random factors the bachelor thesis should not play a bigger role.,the EU should intervene right away.
different_topic,0.5853509128093719,increase_weight_of_BA_thesis_in_final_grade,Due to the many random factors the bachelor thesis should not play a bigger role.,"Especially now, as there is a lack of skilled labour, it's irresponsible for the economy and prosperity to retire at 63."
different_topic,0.419033145904541,increase_weight_of_BA_thesis_in_final_grade,Due to the many random factors the bachelor thesis should not play a bigger role.,It would be fair to make them into an Olympic event.
different_topic,0.5630428208107198,increase_weight_of_BA_thesis_in_final_grade,Due to the many random factors the bachelor thesis should not play a bigger role.,A cap on rent increases upon tenant change is therefore not to be supported.
different_topic,0.5691000962698902,increase_weight_of_BA_thesis_in_final_grade,Due to the many random factors the bachelor thesis should not play a bigger role.,Opening on Sundays and holidays would therefore help both customers and shops.
different_topic,0.5491492835914388,increase_weight_of_BA_thesis_in_final_grade,Due to the many random factors the bachelor thesis should not play a bigger role.,Higher penalties for dog dirt are pointless as long as there is not enough personnel to enforce them.
different_topic,0.4855153312285741,increase_weight_of_BA_thesis_in_final_grade,Due to the many random factors the bachelor thesis should not play a bigger role.,I am not of the opinion that the retirement age should be set at 63 years.
different_topic,0.4735379914442698,increase_weight_of_BA_thesis_in_final_grade,Due to the many random factors the bachelor thesis should not play a bigger role.,"After the new BER Airport has been commissioned, Tegel should definitely be closed."
different_topic,0.39927206527103076,increase_weight_of_BA_thesis_in_final_grade,Due to the many random factors the bachelor thesis should not play a bigger role.,Not everyone should be obliged to pay the TV & radio licence.
different_topic,0.4371563407282035,increase_weight_of_BA_thesis_in_final_grade,Due to the many random factors the bachelor thesis should not play a bigger role.,Actually it would be justified if all German universities charged tuition fees.
same_topic,0.4630823921073567,increase_weight_of_BA_thesis_in_final_grade,Due to the many random factors the bachelor thesis should not play a bigger role.,Current regulations for the calculation of the total grade should therefore be maintained.
different_topic,0.5190464463727228,increase_weight_of_BA_thesis_in_final_grade,Due to the many random factors the bachelor thesis should not play a bigger role.,Supermarkets and shopping centres should be allowed to open on any Sundays and holidays.
different_topic,0.5053031497141894,increase_weight_of_BA_thesis_in_final_grade,Due to the many random factors the bachelor thesis should not play a bigger role.,"Many European countries, for instance the Netherlands, Sweden and Great Britain, have already understood this and successfully adjusted the opening hours for retailers."
different_topic,0.2336488050573012,increase_weight_of_BA_thesis_in_final_grade,Due to the many random factors the bachelor thesis should not play a bigger role.,We don't need it.
different_topic,0.5051261246204377,increase_weight_of_BA_thesis_in_final_grade,Due to the many random factors the bachelor thesis should not play a bigger role.,Supermarkets and shopping centres should be allowed to open any Sundays and holidays at their discretion.
different_topic,0.5773499569585248,increase_weight_of_BA_thesis_in_final_grade,Due to the many random factors the bachelor thesis should not play a bigger role.,"If there were higher fines for leaving dog dirt on pavements, there would presumably be less dog dirt,"
different_topic,0.5067743116617203,increase_weight_of_BA_thesis_in_final_grade,Due to the many random factors the bachelor thesis should not play a bigger role.,Germany should by no means introduce capital punishment.
different_topic,0.5794732293178296,increase_weight_of_BA_thesis_in_final_grade,Due to the many random factors the bachelor thesis should not play a bigger role.,"Considering what's on television these days, it would be appropriate to only have those people pay who actually (want to) follow the programming."
different_topic,0.6349521004236661,increase_weight_of_BA_thesis_in_final_grade,Due to the many random factors the bachelor thesis should not play a bigger role.,"If there must be rent increases, there should also be a cap to avoid nasty surprises."
different_topic,0.3432655293833126,increase_weight_of_BA_thesis_in_final_grade,Due to the many random factors the bachelor thesis should not play a bigger role.,German universities should on no account charge tuition fees.
different_topic,0.5289312268678958,increase_weight_of_BA_thesis_in_final_grade,Due to the many random factors the bachelor thesis should not play a bigger role.,Hence it is good when shops are not open on Sundays and public holidays.
different_topic,0.6352059868750748,increase_weight_of_BA_thesis_in_final_grade,Due to the many random factors the bachelor thesis should not play a bigger role.,"Intelligence services should be more closely regulated by parliament,"
different_topic,0.37274041175842293,increase_weight_of_BA_thesis_in_final_grade,Due to the many random factors the bachelor thesis should not play a bigger role.,"BER should be re-conceptualized from scratch,"
different_topic,0.33698999285697934,increase_weight_of_BA_thesis_in_final_grade,Due to the many random factors the bachelor thesis should not play a bigger role.,the EU should not intervene in local politics.
different_topic,0.5062193081334786,increase_weight_of_BA_thesis_in_final_grade,Due to the many random factors the bachelor thesis should not play a bigger role.,"The implementation of retirement at 63 is no longer socially sustainable,"
different_topic,0.6536959171295166,increase_weight_of_BA_thesis_in_final_grade,Due to the many random factors the bachelor thesis should not play a bigger role.,That's why there ought to be one day a week when supermarkets and shopping centres stay closed.
different_topic,0.38697418256809835,increase_weight_of_BA_thesis_in_final_grade,Due to the many random factors the bachelor thesis should not play a bigger role.,everyone should chip in.
different_topic,0.3152072876691818,increase_weight_of_BA_thesis_in_final_grade,Due to the many random factors the bachelor thesis should not play a bigger role.,The state ought to prevent murder - not avenge it.
different_topic,0.4375539571046828,increase_weight_of_BA_thesis_in_final_grade,Due to the many random factors the bachelor thesis should not play a bigger role.,A constant increase in rent upon a change of tenants hence cannot be desired by society.
different_topic,0.5984350070357323,increase_weight_of_BA_thesis_in_final_grade,Due to the many random factors the bachelor thesis should not play a bigger role.,It is quite clear that Sunday should remain a day of rest.
same_topic,0.6680247678476221,increase_weight_of_BA_thesis_in_final_grade,Due to the many random factors the bachelor thesis should not play a bigger role.,"The BA dissertation should, if not make up the entire grade, then at least constitute a larger share of it."
different_topic,0.6323588011520249,increase_weight_of_BA_thesis_in_final_grade,Due to the many random factors the bachelor thesis should not play a bigger role.,"Dog owners should pay higher fines for dog dirt left on pavements,"
different_topic,0.3528793603181839,increase_weight_of_BA_thesis_in_final_grade,Due to the many random factors the bachelor thesis should not play a bigger role.,"Still, the state needs the death penalty as a deterrent to horrific crimes."
different_topic,0.4907942447397444,increase_weight_of_BA_thesis_in_final_grade,Due to the many random factors the bachelor thesis should not play a bigger role.,The TV license fee should only be collected from those who actually make use of the programming of the public broadcasters.
different_topic,0.5197231115833405,increase_weight_of_BA_thesis_in_final_grade,Due to the many random factors the bachelor thesis should not play a bigger role.,No one should have the possibility to pick up the morning-after pill over the counter at the pharmacy.
different_topic,0.4430235592942488,increase_weight_of_BA_thesis_in_final_grade,Due to the many random factors the bachelor thesis should not play a bigger role.,Increasing penalties is therefore the right way.
different_topic,0.3586548949990954,keep_retirement_at_63,Raising the relative retirement age on the basis of the physical fitness of the average citizen is fair.,For these reasons supermarkets and shopping centres should not be allowed to be open for business on arbitrary Sundays and holidays.
same_topic,0.48357930131580523,keep_retirement_at_63,Raising the relative retirement age on the basis of the physical fitness of the average citizen is fair.,the statutory retirement age should in the future not remain at 63 years.
different_topic,0.3856367596558162,keep_retirement_at_63,Raising the relative retirement age on the basis of the physical fitness of the average citizen is fair.,That's why the statutory health insurance companies should not cover such treatments.
different_topic,0.3484987263326292,keep_retirement_at_63,Raising the relative retirement age on the basis of the physical fitness of the average citizen is fair.,"If however one could find a compromise between green space and housing, then Tempelhofer Feld should definitely be made available for residential construction."
different_topic,0.40889260945496736,keep_retirement_at_63,Raising the relative retirement age on the basis of the physical fitness of the average citizen is fair.,I argue categorically in favour of over-the-counter availability of the morning-after pill in pharmacies.
different_topic,0.29425062020035353,keep_retirement_at_63,Raising the relative retirement age on the basis of the physical fitness of the average citizen is fair.,the EU should intervene right away.
same_topic,0.47242841124534607,keep_retirement_at_63,Raising the relative retirement age on the basis of the physical fitness of the average citizen is fair.,"Especially now, as there is a lack of skilled labour, it's irresponsible for the economy and prosperity to retire at 63."
different_topic,0.3774335198104381,keep_retirement_at_63,Raising the relative retirement age on the basis of the physical fitness of the average citizen is fair.,It would be fair to make them into an Olympic event.
different_topic,0.4672154887862827,keep_retirement_at_63,Raising the relative retirement age on the basis of the physical fitness of the average citizen is fair.,A cap on rent increases upon tenant change is therefore not to be supported.
different_topic,0.3761476096899613,keep_retirement_at_63,Raising the relative retirement age on the basis of the physical fitness of the average citizen is fair.,Opening on Sundays and holidays would therefore help both customers and shops.
different_topic,0.3058097918828328,keep_retirement_at_63,Raising the relative retirement age on the basis of the physical fitness of the average citizen is fair.,Higher penalties for dog dirt are pointless as long as there is not enough personnel to enforce them.
same_topic,0.59092857260257,keep_retirement_at_63,Raising the relative retirement age on the basis of the physical fitness of the average citizen is fair.,I am not of the opinion that the retirement age should be set at 63 years.
different_topic,0.34463572055101394,keep_retirement_at_63,Raising the relative retirement age on the basis of the physical fitness of the average citizen is fair.,"After the new BER Airport has been commissioned, Tegel should definitely be closed."
different_topic,0.39049776891867316,keep_retirement_at_63,Raising the relative retirement age on the basis of the physical fitness of the average citizen is fair.,Not everyone should be obliged to pay the TV & radio licence.
different_topic,0.37319583296775816,keep_retirement_at_63,Raising the relative retirement age on the basis of the physical fitness of the average citizen is fair.,Actually it would be justified if all German universities charged tuition fees.
different_topic,0.47942616873317295,keep_retirement_at_63,Raising the relative retirement age on the basis of the physical fitness of the average citizen is fair.,Current regulations for the calculation of the total grade should therefore be maintained.
different_topic,0.41208114862442013,keep_retirement_at_63,Raising the relative retirement age on the basis of the physical fitness of the average citizen is fair.,Supermarkets and shopping centres should be allowed to open on any Sundays and holidays.
different_topic,0.26580301523208616,keep_retirement_at_63,Raising the relative retirement age on the basis of the physical fitness of the average citizen is fair.,"Many European countries, for instance the Netherlands, Sweden and Great Britain, have already understood this and successfully adjusted the opening hours for retailers."
different_topic,0.21647818271930402,keep_retirement_at_63,Raising the relative retirement age on the basis of the physical fitness of the average citizen is fair.,We don't need it.
different_topic,0.3973727317956778,keep_retirement_at_63,Raising the relative retirement age on the basis of the physical fitness of the average citizen is fair.,Supermarkets and shopping centres should be allowed to open any Sundays and holidays at their discretion.
different_topic,0.3957050221937674,keep_retirement_at_63,Raising the relative retirement age on the basis of the physical fitness of the average citizen is fair.,"If there were higher fines for leaving dog dirt on pavements, there would presumably be less dog dirt,"
different_topic,0.3243808593778383,keep_retirement_at_63,Raising the relative retirement age on the basis of the physical fitness of the average citizen is fair.,Germany should by no means introduce capital punishment.
different_topic,0.4153214120864869,keep_retirement_at_63,Raising the relative retirement age on the basis of the physical fitness of the average citizen is fair.,"Considering what's on television these days, it would be appropriate to only have those people pay who actually (want to) follow the programming."
different_topic,0.4131932841105894,keep_retirement_at_63,Raising the relative retirement age on the basis of the physical fitness of the average citizen is fair.,"If there must be rent increases, there should also be a cap to avoid nasty surprises."
different_topic,0.32747160229418015,keep_retirement_at_63,Raising the relative retirement age on the basis of the physical fitness of the average citizen is fair.,German universities should on no account charge tuition fees.
different_topic,0.3745266795158386,keep_retirement_at_63,Raising the relative retirement age on the basis of the physical fitness of the average citizen is fair.,Hence it is good when shops are not open on Sundays and public holidays.
different_topic,0.36646712603776355,keep_retirement_at_63,Raising the relative retirement age on the basis of the physical fitness of the average citizen is fair.,"Intelligence services should be more closely regulated by parliament,"
different_topic,0.2741850633174181,keep_retirement_at_63,Raising the relative retirement age on the basis of the physical fitness of the average citizen is fair.,"BER should be re-conceptualized from scratch,"
different_topic,0.2780661135911942,keep_retirement_at_63,Raising the relative retirement age on the basis of the physical fitness of the average citizen is fair.,the EU should not intervene in local politics.
same_topic,0.5382339073264081,keep_retirement_at_63,Raising the relative retirement age on the basis of the physical fitness of the average citizen is fair.,"The implementation of retirement at 63 is no longer socially sustainable,"
different_topic,0.4435557104074038,keep_retirement_at_63,Raising the relative retirement age on the basis of the physical fitness of the average citizen is fair.,That's why there ought to be one day a week when supermarkets and shopping centres stay closed.
different_topic,0.26863462577263514,keep_retirement_at_63,Raising the relative retirement age on the basis of the physical fitness of the average citizen is fair.,everyone should chip in.
different_topic,0.3031836692243815,keep_retirement_at_63,Raising the relative retirement age on the basis of the physical fitness of the average citizen is fair.,The state ought to prevent murder - not avenge it.
different_topic,0.42532934099435804,keep_retirement_at_63,Raising the relative retirement age on the basis of the physical fitness of the average citizen is fair.,A constant increase in rent upon a change of tenants hence cannot be desired by society.
different_topic,0.38578261174261574,keep_retirement_at_63,Raising the relative retirement age on the basis of the physical fitness of the average citizen is fair.,It is quite clear that Sunday should remain a day of rest.
different_topic,0.3211242775122325,keep_retirement_at_63,Raising the relative retirement age on the basis of the physical fitness of the average citizen is fair.,"The BA dissertation should, if not make up the entire grade, then at least constitute a larger share of it."
different_topic,0.471995584666729,keep_retirement_at_63,Raising the relative retirement age on the basis of the physical fitness of the average citizen is fair.,"Dog owners should pay higher fines for dog dirt left on pavements,"
different_topic,0.3414274917708503,keep_retirement_at_63,Raising the relative retirement age on the basis of the physical fitness of the average citizen is fair.,"Still, the state needs the death penalty as a deterrent to horrific crimes."
different_topic,0.4349890740021415,keep_retirement_at_63,Raising the relative retirement age on the basis of the physical fitness of the average citizen is fair.,The TV license fee should only be collected from those who actually make use of the programming of the public broadcasters.
different_topic,0.3355776910428648,keep_retirement_at_63,Raising the relative retirement age on the basis of the physical fitness of the average citizen is fair.,No one should have the possibility to pick up the morning-after pill over the counter at the pharmacy.
different_topic,0.31662237644195557,keep_retirement_at_63,Raising the relative retirement age on the basis of the physical fitness of the average citizen is fair.,Increasing penalties is therefore the right way.
different_topic,0.5075297221060723,allow_shops_to_open_on_holidays_and_sundays,For these reasons supermarkets and shopping centres should not be allowed to be open for business on arbitrary Sundays and holidays.,the statutory retirement age should in the future not remain at 63 years.
different_topic,0.4612654303682261,allow_shops_to_open_on_holidays_and_sundays,For these reasons supermarkets and shopping centres should not be allowed to be open for business on arbitrary Sundays and holidays.,That's why the statutory health insurance companies should not cover such treatments.
different_topic,0.5888036361762456,allow_shops_to_open_on_holidays_and_sundays,For these reasons supermarkets and shopping centres should not be allowed to be open for business on arbitrary Sundays and holidays.,"If however one could find a compromise between green space and housing, then Tempelhofer Feld should definitely be made available for residential construction."
different_topic,0.5914233399288995,allow_shops_to_open_on_holidays_and_sundays,For these reasons supermarkets and shopping centres should not be allowed to be open for business on arbitrary Sundays and holidays.,I argue categorically in favour of over-the-counter availability of the morning-after pill in pharmacies.
different_topic,0.4519554567337037,allow_shops_to_open_on_holidays_and_sundays,For these reasons supermarkets and shopping centres should not be allowed to be open for business on arbitrary Sundays and holidays.,the EU should intervene right away.
different_topic,0.5514614757369546,allow_shops_to_open_on_holidays_and_sundays,For these reasons supermarkets and shopping centres should not be allowed to be open for business on arbitrary Sundays and holidays.,"Especially now, as there is a lack of skilled labour, it's irresponsible for the economy and prosperity to retire at 63."
different_topic,0.3265100469191869,allow_shops_to_open_on_holidays_and_sundays,For these reasons supermarkets and shopping centres should not be allowed to be open for business on arbitrary Sundays and holidays.,It would be fair to make them into an Olympic event.
different_topic,0.4802198602307227,allow_shops_to_open_on_holidays_and_sundays,For these reasons supermarkets and shopping centres should not be allowed to be open for business on arbitrary Sundays and holidays.,A cap on rent increases upon tenant change is therefore not to be supported.
same_topic,0.7283026191496079,allow_shops_to_open_on_holidays_and_sundays,For these reasons supermarkets and shopping centres should not be allowed to be open for business on arbitrary Sundays and holidays.,Opening on Sundays and holidays would therefore help both customers and shops.
different_topic,0.4991666533445057,allow_shops_to_open_on_holidays_and_sundays,For these reasons supermarkets and shopping centres should not be allowed to be open for business on arbitrary Sundays and holidays.,Higher penalties for dog dirt are pointless as long as there is not enough personnel to enforce them.
different_topic,0.40635992373738966,allow_shops_to_open_on_holidays_and_sundays,For these reasons supermarkets and shopping centres should not be allowed to be open for business on arbitrary Sundays and holidays.,I am not of the opinion that the retirement age should be set at 63 years.
different_topic,0.39340904355049133,allow_shops_to_open_on_holidays_and_sundays,For these reasons supermarkets and shopping centres should not be allowed to be open for business on arbitrary Sundays and holidays.,"After the new BER Airport has been commissioned, Tegel should definitely be closed."
different_topic,0.38753854082180905,allow_shops_to_open_on_holidays_and_sundays,For these reasons supermarkets and shopping centres should not be allowed to be open for business on arbitrary Sundays and holidays.,Not everyone should be obliged to pay the TV & radio licence.
different_topic,0.42264190954821446,allow_shops_to_open_on_holidays_and_sundays,For these reasons supermarkets and shopping centres should not be allowed to be open for business on arbitrary Sundays and holidays.,Actually it would be justified if all German universities charged tuition fees.
different_topic,0.3777826520112845,allow_shops_to_open_on_holidays_and_sundays,For these reasons supermarkets and shopping centres should not be allowed to be open for business on arbitrary Sundays and holidays.,Current regulations for the calculation of the total grade should therefore be maintained.
same_topic,0.8400230389652831,allow_shops_to_open_on_holidays_and_sundays,For these reasons supermarkets and shopping centres should not be allowed to be open for business on arbitrary Sundays and holidays.,Supermarkets and shopping centres should be allowed to open on any Sundays and holidays.
same_topic,0.5864135748461673,allow_shops_to_open_on_holidays_and_sundays,For these reasons supermarkets and shopping centres should not be allowed to be open for business on arbitrary Sundays and holidays.,"Many European countries, for instance the Netherlands, Sweden and Great Britain, have already understood this and successfully adjusted the opening hours for retailers."
different_topic,0.18894739945729572,allow_shops_to_open_on_holidays_and_sundays,For these reasons supermarkets and shopping centres should not be allowed to be open for business on arbitrary Sundays and holidays.,We don't need it.
same_topic,0.8433676484753104,allow_shops_to_open_on_holidays_and_sundays,For these reasons supermarkets and shopping centres should not be allowed to be open for business on arbitrary Sundays and holidays.,Supermarkets and shopping centres should be allowed to open any Sundays and holidays at their discretion.
different_topic,0.5184168062039785,allow_shops_to_open_on_holidays_and_sundays,For these reasons supermarkets and shopping centres should not be allowed to be open for business on arbitrary Sundays and holidays.,"If there were higher fines for leaving dog dirt on pavements, there would presumably be less dog dirt,"
different_topic,0.5101410684914424,allow_shops_to_open_on_holidays_and_sundays,For these reasons supermarkets and shopping centres should not be allowed to be open for business on arbitrary Sundays and holidays.,Germany should by no means introduce capital punishment.
different_topic,0.5401730167143273,allow_shops_to_open_on_holidays_and_sundays,For these reasons supermarkets and shopping centres should not be allowed to be open for business on arbitrary Sundays and holidays.,"Considering what's on television these days, it would be appropriate to only have those people pay who actually (want to) follow the programming."
different_topic,0.517226356267929,allow_shops_to_open_on_holidays_and_sundays,For these reasons supermarkets and shopping centres should not be allowed to be open for business on arbitrary Sundays and holidays.,"If there must be rent increases, there should also be a cap to avoid nasty surprises."
different_topic,0.3580460938123556,allow_shops_to_open_on_holidays_and_sundays,For these reasons supermarkets and shopping centres should not be allowed to be open for business on arbitrary Sundays and holidays.,German universities should on no account charge tuition fees.
same_topic,0.8,allow_shops_to_open_on_holidays_and_sundays,For these reasons supermarkets and shopping centres should not be allowed to be open for business on arbitrary Sundays and holidays.,Hence it is good when shops are not open on Sundays and public holidays.
different_topic,0.5293972588354542,allow_shops_to_open_on_holidays_and_sundays,For these reasons supermarkets and shopping centres should not be allowed to be open for business on arbitrary Sundays and holidays.,"Intelligence services should be more closely regulated by parliament,"
different_topic,0.29964232196410495,allow_shops_to_open_on_holidays_and_sundays,For these reasons supermarkets and shopping centres should not be allowed to be open for business on arbitrary Sundays and holidays.,"BER should be re-conceptualized from scratch,"
different_topic,0.3169977118571599,allow_shops_to_open_on_holidays_and_sundays,For these reasons supermarkets and shopping centres should not be allowed to be open for business on arbitrary Sundays and holidays.,the EU should not intervene in local politics.
different_topic,0.44340343436887186,allow_shops_to_open_on_holidays_and_sundays,For these reasons supermarkets and shopping centres should not be allowed to be open for business on arbitrary Sundays and holidays.,"The implementation of retirement at 63 is no longer socially sustainable,"
same_topic,0.7318912113414091,allow_shops_to_open_on_holidays_and_sundays,For these reasons supermarkets and shopping centres should not be allowed to be open for business on arbitrary Sundays and holidays.,That's why there ought to be one day a week when supermarkets and shopping centres stay closed.
different_topic,0.3382431242776954,allow_shops_to_open_on_holidays_and_sundays,For these reasons supermarkets and shopping centres should not be allowed to be open for business on arbitrary Sundays and holidays.,everyone should chip in.
different_topic,0.25683259839812916,allow_shops_to_open_on_holidays_and_sundays,For these reasons supermarkets and shopping centres should not be allowed to be open for business on arbitrary Sundays and holidays.,The state ought to prevent murder - not avenge it.
different_topic,0.37023733343396864,allow_shops_to_open_on_holidays_and_sundays,For these reasons supermarkets and shopping centres should not be allowed to be open for business on arbitrary Sundays and holidays.,A constant increase in rent upon a change of tenants hence cannot be desired by society.
same_topic,0.5639945885964802,allow_shops_to_open_on_holidays_and_sundays,For these reasons supermarkets and shopping centres should not be allowed to be open for business on arbitrary Sundays and holidays.,It is quite clear that Sunday should remain a day of rest.
different_topic,0.5185435084920181,allow_shops_to_open_on_holidays_and_sundays,For these reasons supermarkets and shopping centres should not be allowed to be open for business on arbitrary Sundays and holidays.,"The BA dissertation should, if not make up the entire grade, then at least constitute a larger share of it."
different_topic,0.5408947933465242,allow_shops_to_open_on_holidays_and_sundays,For these reasons supermarkets and shopping centres should not be allowed to be open for business on arbitrary Sundays and holidays.,"Dog owners should pay higher fines for dog dirt left on pavements,"
different_topic,0.30176320442786586,allow_shops_to_open_on_holidays_and_sundays,For these reasons supermarkets and shopping centres should not be allowed to be open for business on arbitrary Sundays and holidays.,"Still, the state needs the death penalty as a deterrent to horrific crimes."
different_topic,0.49026998012296613,allow_shops_to_open_on_holidays_and_sundays,For these reasons supermarkets and shopping centres should not be allowed to be open for business on arbitrary Sundays and holidays.,The TV license fee should only be collected from those who actually make use of the programming of the public broadcasters.
different_topic,0.607569535289492,allow_shops_to_open_on_holidays_and_sundays,For these reasons supermarkets and shopping centres should not be allowed to be open for business on arbitrary Sundays and holidays.,No one should have the possibility to pick up the morning-after pill over the counter at the pharmacy.
different_topic,0.35603790179542877,allow_shops_to_open_on_holidays_and_sundays,For these reasons supermarkets and shopping centres should not be allowed to be open for business on arbitrary Sundays and holidays.,Increasing penalties is therefore the right way.
different_topic,0.4708819451431433,keep_retirement_at_63,the statutory retirement age should in the future not remain at 63 years.,That's why the statutory health insurance companies should not cover such treatments.
different_topic,0.47571493287881217,keep_retirement_at_63,the statutory retirement age should in the future not remain at 63 years.,"If however one could find a compromise between green space and housing, then Tempelhofer Feld should definitely be made available for residential construction."
different_topic,0.5520429094632466,keep_retirement_at_63,the statutory retirement age should in the future not remain at 63 years.,I argue categorically in favour of over-the-counter availability of the morning-after pill in pharmacies.
different_topic,0.47640753388404844,keep_retirement_at_63,the statutory retirement age should in the future not remain at 63 years.,the EU should intervene right away.
same_topic,0.6107757749228643,keep_retirement_at_63,the statutory retirement age should in the future not remain at 63 years.,"Especially now, as there is a lack of skilled labour, it's irresponsible for the economy and prosperity to retire at 63."
different_topic,0.30833804921100016,keep_retirement_at_63,the statutory retirement age should in the future not remain at 63 years.,It would be fair to make them into an Olympic event.
different_topic,0.5647633236188155,keep_retirement_at_63,the statutory retirement age should in the future not remain at 63 years.,A cap on rent increases upon tenant change is therefore not to be supported.
different_topic,0.5148415703039902,keep_retirement_at_63,the statutory retirement age should in the future not remain at 63 years.,Opening on Sundays and holidays would therefore help both customers and shops.
different_topic,0.45139284296469256,keep_retirement_at_63,the statutory retirement age should in the future not remain at 63 years.,Higher penalties for dog dirt are pointless as long as there is not enough personnel to enforce them.
same_topic,0.6580027341842651,keep_retirement_at_63,the statutory retirement age should in the future not remain at 63 years.,I am not of the opinion that the retirement age should be set at 63 years.
different_topic,0.415714345548464,keep_retirement_at_63,the statutory retirement age should in the future not remain at 63 years.,"After the new BER Airport has been commissioned, Tegel should definitely be closed."
different_topic,0.4292538237004052,keep_retirement_at_63,the statutory retirement age should in the future not remain at 63 years.,Not everyone should be obliged to pay the TV & radio licence.
different_topic,0.4600341164547464,keep_retirement_at_63,the statutory retirement age should in the future not remain at 63 years.,Actually it would be justified if all German universities charged tuition fees.
different_topic,0.45614038478760494,keep_retirement_at_63,the statutory retirement age should in the future not remain at 63 years.,Current regulations for the calculation of the total grade should therefore be maintained.
different_topic,0.5792964249849318,keep_retirement_at_63,the statutory retirement age should in the future not remain at 63 years.,Supermarkets and shopping centres should be allowed to open on any Sundays and holidays.
different_topic,0.36667678708379914,keep_retirement_at_63,the statutory retirement age should in the future not remain at 63 years.,"Many European countries, for instance the Netherlands, Sweden and Great Britain, have already understood this and successfully adjusted the opening hours for retailers."
different_topic,0.19646015018224713,keep_retirement_at_63,the statutory retirement age should in the future not remain at 63 years.,We don't need it.
different_topic,0.5751290465223378,keep_retirement_at_63,the statutory retirement age should in the future not remain at 63 years.,Supermarkets and shopping centres should be allowed to open any Sundays and holidays at their discretion.
different_topic,0.5298456480105719,keep_retirement_at_63,the statutory retirement age should in the future not remain at 63 years.,"If there were higher fines for leaving dog dirt on pavements, there would presumably be less dog dirt,"
different_topic,0.5832601860165596,keep_retirement_at_63,the statutory retirement age should in the future not remain at 63 years.,Germany should by no means introduce capital punishment.
different_topic,0.5166162843150752,keep_retirement_at_63,the statutory retirement age should in the future not remain at 63 years.,"Considering what's on television these days, it would be appropriate to only have those people pay who actually (want to) follow the programming."
different_topic,0.5483262801170348,keep_retirement_at_63,the statutory retirement age should in the future not remain at 63 years.,"If there must be rent increases, there should also be a cap to avoid nasty surprises."
different_topic,0.39516751113392057,keep_retirement_at_63,the statutory retirement age should in the future not remain at 63 years.,German universities should on no account charge tuition fees.
different_topic,0.4816153335571289,keep_retirement_at_63,the statutory retirement age should in the future not remain at 63 years.,Hence it is good when shops are not open on Sundays and public holidays.
different_topic,0.632220194889949,keep_retirement_at_63,the statutory retirement age should in the future not remain at 63 years.,"Intelligence services should be more closely regulated by parliament,"
different_topic,0.3383247679785678,keep_retirement_at_63,the statutory retirement age should in the future not remain at 63 years.,"BER should be re-conceptualized from scratch,"
different_topic,0.36781830850400427,keep_retirement_at_63,the statutory retirement age should in the future not remain at 63 years.,the EU should not intervene in local politics.
same_topic,0.6911830317515594,keep_retirement_at_63,the statutory retirement age should in the future not remain at 63 years.,"The implementation of retirement at 63 is no longer socially sustainable,"
different_topic,0.665917328719435,keep_retirement_at_63,the statutory retirement age should in the future not remain at 63 years.,That's why there ought to be one day a week when supermarkets and shopping centres stay closed.
different_topic,0.35181724197334713,keep_retirement_at_63,the statutory retirement age should in the future not remain at 63 years.,everyone should chip in.
different_topic,0.31666185510785955,keep_retirement_at_63,the statutory retirement age should in the future not remain at 63 years.,The state ought to prevent murder - not avenge it.
different_topic,0.43268184946930927,keep_retirement_at_63,the statutory retirement age should in the future not remain at 63 years.,A constant increase in rent upon a change of tenants hence cannot be desired by society.
different_topic,0.5828715148179427,keep_retirement_at_63,the statutory retirement age should in the future not remain at 63 years.,It is quite clear that Sunday should remain a day of rest.
different_topic,0.5283577839533488,keep_retirement_at_63,the statutory retirement age should in the future not remain at 63 years.,"The BA dissertation should, if not make up the entire grade, then at least constitute a larger share of it."
different_topic,0.5900972358606479,keep_retirement_at_63,the statutory retirement age should in the future not remain at 63 years.,"Dog owners should pay higher fines for dog dirt left on pavements,"
different_topic,0.2973925528072175,keep_retirement_at_63,the statutory retirement age should in the future not remain at 63 years.,"Still, the state needs the death penalty as a deterrent to horrific crimes."
different_topic,0.6179552582235863,keep_retirement_at_63,the statutory retirement age should in the future not remain at 63 years.,The TV license fee should only be collected from those who actually make use of the programming of the public broadcasters.
different_topic,0.5099024097124736,keep_retirement_at_63,the statutory retirement age should in the future not remain at 63 years.,No one should have the possibility to pick up the morning-after pill over the counter at the pharmacy.
different_topic,0.2896215683884091,keep_retirement_at_63,the statutory retirement age should in the future not remain at 63 years.,Increasing penalties is therefore the right way.
different_topic,0.5239595068352563,health_insurance_cover_complementary_medicine,That's why the statutory health insurance companies should not cover such treatments.,"If however one could find a compromise between green space and housing, then Tempelhofer Feld should definitely be made available for residential construction."
different_topic,0.39375884405204226,health_insurance_cover_complementary_medicine,That's why the statutory health insurance companies should not cover such treatments.,I argue categorically in favour of over-the-counter availability of the morning-after pill in pharmacies.
different_topic,0.5328481942415237,health_insurance_cover_complementary_medicine,That's why the statutory health insurance companies should not cover such treatments.,the EU should intervene right away.
different_topic,0.4450213169610059,health_insurance_cover_complementary_medicine,That's why the statutory health insurance companies should not cover such treatments.,"Especially now, as there is a lack of skilled labour, it's irresponsible for the economy and prosperity to retire at 63."
different_topic,0.510248576893526,health_insurance_cover_complementary_medicine,That's why the statutory health insurance companies should not cover such treatments.,It would be fair to make them into an Olympic event.
different_topic,0.42448923410847783,health_insurance_cover_complementary_medicine,That's why the statutory health insurance companies should not cover such treatments.,A cap on rent increases upon tenant change is therefore not to be supported.
different_topic,0.5004477774103482,health_insurance_cover_complementary_medicine,That's why the statutory health insurance companies should not cover such treatments.,Opening on Sundays and holidays would therefore help both customers and shops.
different_topic,0.3888927794271899,health_insurance_cover_complementary_medicine,That's why the statutory health insurance companies should not cover such treatments.,Higher penalties for dog dirt are pointless as long as there is not enough personnel to enforce them.
different_topic,0.4251825589509238,health_insurance_cover_complementary_medicine,That's why the statutory health insurance companies should not cover such treatments.,I am not of the opinion that the retirement age should be set at 63 years.
different_topic,0.6056059088025774,health_insurance_cover_complementary_medicine,That's why the statutory health insurance companies should not cover such treatments.,"After the new BER Airport has been commissioned, Tegel should definitely be closed."
different_topic,0.4509928916629992,health_insurance_cover_complementary_medicine,That's why the statutory health insurance companies should not cover such treatments.,Not everyone should be obliged to pay the TV & radio licence.
different_topic,0.5019465839002458,health_insurance_cover_complementary_medicine,That's why the statutory health insurance companies should not cover such treatments.,Actually it would be justified if all German universities charged tuition fees.
different_topic,0.4618056855703655,health_insurance_cover_complementary_medicine,That's why the statutory health insurance companies should not cover such treatments.,Current regulations for the calculation of the total grade should therefore be maintained.
different_topic,0.43389442563056946,health_insurance_cover_complementary_medicine,That's why the statutory health insurance companies should not cover such treatments.,Supermarkets and shopping centres should be allowed to open on any Sundays and holidays.
different_topic,0.48387673016517396,health_insurance_cover_complementary_medicine,That's why the statutory health insurance companies should not cover such treatments.,"Many European countries, for instance the Netherlands, Sweden and Great Britain, have already understood this and successfully adjusted the opening hours for retailers."
different_topic,0.28342109918594366,health_insurance_cover_complementary_medicine,That's why the statutory health insurance companies should not cover such treatments.,We don't need it.
different_topic,0.41782426171832615,health_insurance_cover_complementary_medicine,That's why the statutory health insurance companies should not cover such treatments.,Supermarkets and shopping centres should be allowed to open any Sundays and holidays at their discretion.
different_topic,0.5239827143294472,health_insurance_cover_complementary_medicine,That's why the statutory health insurance companies should not cover such treatments.,"If there were higher fines for leaving dog dirt on pavements, there would presumably be less dog dirt,"
different_topic,0.521684384312142,health_insurance_cover_complementary_medicine,That's why the statutory health insurance companies should not cover such treatments.,Germany should by no means introduce capital punishment.
different_topic,0.4859011608820695,health_insurance_cover_complementary_medicine,That's why the statutory health insurance companies should not cover such treatments.,"Considering what's on television these days, it would be appropriate to only have those people pay who actually (want to) follow the programming."
different_topic,0.5829986554125081,health_insurance_cover_complementary_medicine,That's why the statutory health insurance companies should not cover such treatments.,"If there must be rent increases, there should also be a cap to avoid nasty surprises."
different_topic,0.43173433683420487,health_insurance_cover_complementary_medicine,That's why the statutory health insurance companies should not cover such treatments.,German universities should on no account charge tuition fees.
different_topic,0.4972589910030365,health_insurance_cover_complementary_medicine,That's why the statutory health insurance companies should not cover such treatments.,Hence it is good when shops are not open on Sundays and public holidays.
different_topic,0.5667869014044603,health_insurance_cover_complementary_medicine,That's why the statutory health insurance companies should not cover such treatments.,"Intelligence services should be more closely regulated by parliament,"
different_topic,0.45699365699992456,health_insurance_cover_complementary_medicine,That's why the statutory health insurance companies should not cover such treatments.,"BER should be re-conceptualized from scratch,"
different_topic,0.43134620610405416,health_insurance_cover_complementary_medicine,That's why the statutory health insurance companies should not cover such treatments.,the EU should not intervene in local politics.
different_topic,0.3987097019950549,health_insurance_cover_complementary_medicine,That's why the statutory health insurance companies should not cover such treatments.,"The implementation of retirement at 63 is no longer socially sustainable,"
different_topic,0.5227113034990098,health_insurance_cover_complementary_medicine,That's why the statutory health insurance companies should not cover such treatments.,That's why there ought to be one day a week when supermarkets and shopping centres stay closed.
different_topic,0.2987492876127362,health_insurance_cover_complementary_medicine,That's why the statutory health insurance companies should not cover such treatments.,everyone should chip in.
different_topic,0.41177157093496886,health_insurance_cover_complementary_medicine,That's why the statutory health insurance companies should not cover such treatments.,The state ought to prevent murder - not avenge it.
different_topic,0.45723135414577665,health_insurance_cover_complementary_medicine,That's why the statutory health insurance companies should not cover such treatments.,A constant increase in rent upon a change of tenants hence cannot be desired by society.
different_topic,0.5495803682577042,health_insurance_cover_complementary_medicine,That's why the statutory health insurance companies should not cover such treatments.,It is quite clear that Sunday should remain a day of rest.
different_topic,0.482555131758413,health_insurance_cover_complementary_medicine,That's why the statutory health insurance companies should not cover such treatments.,"The BA dissertation should, if not make up the entire grade, then at least constitute a larger share of it."
different_topic,0.5216191470623016,health_insurance_cover_complementary_medicine,That's why the statutory health insurance companies should not cover such treatments.,"Dog owners should pay higher fines for dog dirt left on pavements,"
different_topic,0.4224143028259278,health_insurance_cover_complementary_medicine,That's why the statutory health insurance companies should not cover such treatments.,"Still, the state needs the death penalty as a deterrent to horrific crimes."
different_topic,0.5087950006127357,health_insurance_cover_complementary_medicine,That's why the statutory health insurance companies should not cover such treatments.,The TV license fee should only be collected from those who actually make use of the programming of the public broadcasters.
different_topic,0.45505521340029575,health_insurance_cover_complementary_medicine,That's why the statutory health insurance companies should not cover such treatments.,No one should have the possibility to pick up the morning-after pill over the counter at the pharmacy.
different_topic,0.4328988678753376,health_insurance_cover_complementary_medicine,That's why the statutory health insurance companies should not cover such treatments.,Increasing penalties is therefore the right way.
different_topic,0.4807073000599356,partial_housing_development_at_Tempelhofer_Feld,"If however one could find a compromise between green space and housing, then Tempelhofer Feld should definitely be made available for residential construction.",I argue categorically in favour of over-the-counter availability of the morning-after pill in pharmacies.
different_topic,0.48472833633422857,partial_housing_development_at_Tempelhofer_Feld,"If however one could find a compromise between green space and housing, then Tempelhofer Feld should definitely be made available for residential construction.",the EU should intervene right away.
different_topic,0.49276995658874506,partial_housing_development_at_Tempelhofer_Feld,"If however one could find a compromise between green space and housing, then Tempelhofer Feld should definitely be made available for residential construction.","Especially now, as there is a lack of skilled labour, it's irresponsible for the economy and prosperity to retire at 63."
different_topic,0.4229760688284169,partial_housing_development_at_Tempelhofer_Feld,"If however one could find a compromise between green space and housing, then Tempelhofer Feld should definitely be made available for residential construction.",It would be fair to make them into an Olympic event.
different_topic,0.47555148204167685,partial_housing_development_at_Tempelhofer_Feld,"If however one could find a compromise between green space and housing, then Tempelhofer Feld should definitely be made available for residential construction.",A cap on rent increases upon tenant change is therefore not to be supported.
different_topic,0.47312509417533877,partial_housing_development_at_Tempelhofer_Feld,"If however one could find a compromise between green space and housing, then Tempelhofer Feld should definitely be made available for residential construction.",Opening on Sundays and holidays would therefore help both customers and shops.
different_topic,0.47659953381564163,partial_housing_development_at_Tempelhofer_Feld,"If however one could find a compromise between green space and housing, then Tempelhofer Feld should definitely be made available for residential construction.",Higher penalties for dog dirt are pointless as long as there is not enough personnel to enforce them.
different_topic,0.45349133676952785,partial_housing_development_at_Tempelhofer_Feld,"If however one could find a compromise between green space and housing, then Tempelhofer Feld should definitely be made available for residential construction.",I am not of the opinion that the retirement age should be set at 63 years.
different_topic,0.5002081879863033,partial_housing_development_at_Tempelhofer_Feld,"If however one could find a compromise between green space and housing, then Tempelhofer Feld should definitely be made available for residential construction.","After the new BER Airport has been commissioned, Tegel should definitely be closed."
different_topic,0.3817981290817261,partial_housing_development_at_Tempelhofer_Feld,"If however one could find a compromise between green space and housing, then Tempelhofer Feld should definitely be made available for residential construction.",Not everyone should be obliged to pay the TV & radio licence.
different_topic,0.42814797935662446,partial_housing_development_at_Tempelhofer_Feld,"If however one could find a compromise between green space and housing, then Tempelhofer Feld should definitely be made available for residential construction.",Actually it would be justified if all German universities charged tuition fees.
different_topic,0.36789490699768074,partial_housing_development_at_Tempelhofer_Feld,"If however one could find a compromise between green space and housing, then Tempelhofer Feld should definitely be made available for residential construction.",Current regulations for the calculation of the total grade should therefore be maintained.
different_topic,0.544035109691322,partial_housing_development_at_Tempelhofer_Feld,"If however one could find a compromise between green space and housing, then Tempelhofer Feld should definitely be made available for residential construction.",Supermarkets and shopping centres should be allowed to open on any Sundays and holidays.
different_topic,0.5289325037518063,partial_housing_development_at_Tempelhofer_Feld,"If however one could find a compromise between green space and housing, then Tempelhofer Feld should definitely be made available for residential construction.","Many European countries, for instance the Netherlands, Sweden and Great Britain, have already understood this and successfully adjusted the opening hours for retailers."
different_topic,0.20213283300399779,partial_housing_development_at_Tempelhofer_Feld,"If however one could find a compromise between green space and housing, then Tempelhofer Feld should definitely be made available for residential construction.",We don't need it.
different_topic,0.5516589292974183,partial_housing_development_at_Tempelhofer_Feld,"If however one could find a compromise between green space and housing, then Tempelhofer Feld should definitely be made available for residential construction.",Supermarkets and shopping centres should be allowed to open any Sundays and holidays at their discretion.
different_topic,0.4735369314165676,partial_housing_development_at_Tempelhofer_Feld,"If however one could find a compromise between green space and housing, then Tempelhofer Feld should definitely be made available for residential construction.","If there were higher fines for leaving dog dirt on pavements, there would presumably be less dog dirt,"
different_topic,0.5598163828253745,partial_housing_development_at_Tempelhofer_Feld,"If however one could find a compromise between green space and housing, then Tempelhofer Feld should definitely be made available for residential construction.",Germany should by no means introduce capital punishment.
different_topic,0.516356292180717,partial_housing_development_at_Tempelhofer_Feld,"If however one could find a compromise between green space and housing, then Tempelhofer Feld should definitely be made available for residential construction.","Considering what's on television these days, it would be appropriate to only have those people pay who actually (want to) follow the programming."
different_topic,0.492202234679255,partial_housing_development_at_Tempelhofer_Feld,"If however one could find a compromise between green space and housing, then Tempelhofer Feld should definitely be made available for residential construction.","If there must be rent increases, there should also be a cap to avoid nasty surprises."
different_topic,0.3602832734584808,partial_housing_development_at_Tempelhofer_Feld,"If however one could find a compromise between green space and housing, then Tempelhofer Feld should definitely be made available for residential construction.",German universities should on no account charge tuition fees.
different_topic,0.4919740670713885,partial_housing_development_at_Tempelhofer_Feld,"If however one could find a compromise between green space and housing, then Tempelhofer Feld should definitely be made available for residential construction.",Hence it is good when shops are not open on Sundays and public holidays.
different_topic,0.5267305960257849,partial_housing_development_at_Tempelhofer_Feld,"If however one could find a compromise between green space and housing, then Tempelhofer Feld should definitely be made available for residential construction.","Intelligence services should be more closely regulated by parliament,"
different_topic,0.34828228795010113,partial_housing_development_at_Tempelhofer_Feld,"If however one could find a compromise between green space and housing, then Tempelhofer Feld should definitely be made available for residential construction.","BER should be re-conceptualized from scratch,"
different_topic,0.34798093723214196,partial_housing_development_at_Tempelhofer_Feld,"If however one could find a compromise between green space and housing, then Tempelhofer Feld should definitely be made available for residential construction.",the EU should not intervene in local politics.
different_topic,0.4550511111815771,partial_housing_development_at_Tempelhofer_Feld,"If however one could find a compromise between green space and housing, then Tempelhofer Feld should definitely be made available for residential construction.","The implementation of retirement at 63 is no longer socially sustainable,"
different_topic,0.5656674964861437,partial_housing_development_at_Tempelhofer_Feld,"If however one could find a compromise between green space and housing, then Tempelhofer Feld should definitely be made available for residential construction.",That's why there ought to be one day a week when supermarkets and shopping centres stay closed.
different_topic,0.32506260275840754,partial_housing_development_at_Tempelhofer_Feld,"If however one could find a compromise between green space and housing, then Tempelhofer Feld should definitely be made available for residential construction.",everyone should chip in.
different_topic,0.2784369613813317,partial_housing_development_at_Tempelhofer_Feld,"If however one could find a compromise between green space and housing, then Tempelhofer Feld should definitely be made available for residential construction.",The state ought to prevent murder - not avenge it.
different_topic,0.3932510040424488,partial_housing_development_at_Tempelhofer_Feld,"If however one could find a compromise between green space and housing, then Tempelhofer Feld should definitely be made available for residential construction.",A constant increase in rent upon a change of tenants hence cannot be desired by society.
different_topic,0.5079775761674952,partial_housing_development_at_Tempelhofer_Feld,"If however one could find a compromise between green space and housing, then Tempelhofer Feld should definitely be made available for residential construction.",It is quite clear that Sunday should remain a day of rest.
different_topic,0.5674712263249062,partial_housing_development_at_Tempelhofer_Feld,"If however one could find a compromise between green space and housing, then Tempelhofer Feld should definitely be made available for residential construction.","The BA dissertation should, if not make up the entire grade, then at least constitute a larger share of it."
different_topic,0.530932980199014,partial_housing_development_at_Tempelhofer_Feld,"If however one could find a compromise between green space and housing, then Tempelhofer Feld should definitely be made available for residential construction.","Dog owners should pay higher fines for dog dirt left on pavements,"
different_topic,0.3153975462913513,partial_housing_development_at_Tempelhofer_Feld,"If however one could find a compromise between green space and housing, then Tempelhofer Feld should definitely be made available for residential construction.","Still, the state needs the death penalty as a deterrent to horrific crimes."
different_topic,0.48116663098335266,partial_housing_development_at_Tempelhofer_Feld,"If however one could find a compromise between green space and housing, then Tempelhofer Feld should definitely be made available for residential construction.",The TV license fee should only be collected from those who actually make use of the programming of the public broadcasters.
different_topic,0.48188989302691293,partial_housing_development_at_Tempelhofer_Feld,"If however one could find a compromise between green space and housing, then Tempelhofer Feld should definitely be made available for residential construction.",No one should have the possibility to pick up the morning-after pill over the counter at the pharmacy.
different_topic,0.3189853213050149,partial_housing_development_at_Tempelhofer_Feld,"If however one could find a compromise between green space and housing, then Tempelhofer Feld should definitely be made available for residential construction.",Increasing penalties is therefore the right way.
different_topic,0.4227580726146698,over_the_counter_morning_after_pill,I argue categorically in favour of over-the-counter availability of the morning-after pill in pharmacies.,the EU should intervene right away.
different_topic,0.4441274113275788,over_the_counter_morning_after_pill,I argue categorically in favour of over-the-counter availability of the morning-after pill in pharmacies.,"Especially now, as there is a lack of skilled labour, it's irresponsible for the economy and prosperity to retire at 63."
different_topic,0.2427574733029241,over_the_counter_morning_after_pill,I argue categorically in favour of over-the-counter availability of the morning-after pill in pharmacies.,It would be fair to make them into an Olympic event.
different_topic,0.4952475607395172,over_the_counter_morning_after_pill,I argue categorically in favour of over-the-counter availability of the morning-after pill in pharmacies.,A cap on rent increases upon tenant change is therefore not to be supported.
different_topic,0.5068377653757732,over_the_counter_morning_after_pill,I argue categorically in favour of over-the-counter availability of the morning-after pill in pharmacies.,Opening on Sundays and holidays would therefore help both customers and shops.
different_topic,0.4771885896051252,over_the_counter_morning_after_pill,I argue categorically in favour of over-the-counter availability of the morning-after pill in pharmacies.,Higher penalties for dog dirt are pointless as long as there is not enough personnel to enforce them.
different_topic,0.4830102390713161,over_the_counter_morning_after_pill,I argue categorically in favour of over-the-counter availability of the morning-after pill in pharmacies.,I am not of the opinion that the retirement age should be set at 63 years.
different_topic,0.44452815364908294,over_the_counter_morning_after_pill,I argue categorically in favour of over-the-counter availability of the morning-after pill in pharmacies.,"After the new BER Airport has been commissioned, Tegel should definitely be closed."
different_topic,0.35458442926406863,over_the_counter_morning_after_pill,I argue categorically in favour of over-the-counter availability of the morning-after pill in pharmacies.,Not everyone should be obliged to pay the TV & radio licence.
different_topic,0.4125736355781555,over_the_counter_morning_after_pill,I argue categorically in favour of over-the-counter availability of the morning-after pill in pharmacies.,Actually it would be justified if all German universities charged tuition fees.
different_topic,0.3796118950843811,over_the_counter_morning_after_pill,I argue categorically in favour of over-the-counter availability of the morning-after pill in pharmacies.,Current regulations for the calculation of the total grade should therefore be maintained.
different_topic,0.5953984642401339,over_the_counter_morning_after_pill,I argue categorically in favour of over-the-counter availability of the morning-after pill in pharmacies.,Supermarkets and shopping centres should be allowed to open on any Sundays and holidays.
different_topic,0.40478948644689605,over_the_counter_morning_after_pill,I argue categorically in favour of over-the-counter availability of the morning-after pill in pharmacies.,"Many European countries, for instance the Netherlands, Sweden and Great Britain, have already understood this and successfully adjusted the opening hours for retailers."
different_topic,0.16322115957736968,over_the_counter_morning_after_pill,I argue categorically in favour of over-the-counter availability of the morning-after pill in pharmacies.,We don't need it.
different_topic,0.5933163771123596,over_the_counter_morning_after_pill,I argue categorically in favour of over-the-counter availability of the morning-after pill in pharmacies.,Supermarkets and shopping centres should be allowed to open any Sundays and holidays at their discretion.
different_topic,0.4888712724342066,over_the_counter_morning_after_pill,I argue categorically in favour of over-the-counter availability of the morning-after pill in pharmacies.,"If there were higher fines for leaving dog dirt on pavements, there would presumably be less dog dirt,"
different_topic,0.5015694626740047,over_the_counter_morning_after_pill,I argue categorically in favour of over-the-counter availability of the morning-after pill in pharmacies.,Germany should by no means introduce capital punishment.
different_topic,0.46503485646098847,over_the_counter_morning_after_pill,I argue categorically in favour of over-the-counter availability of the morning-after pill in pharmacies.,"Considering what's on television these days, it would be appropriate to only have those people pay who actually (want to) follow the programming."
different_topic,0.46805669110396814,over_the_counter_morning_after_pill,I argue categorically in favour of over-the-counter availability of the morning-after pill in pharmacies.,"If there must be rent increases, there should also be a cap to avoid nasty surprises."
different_topic,0.3661424493789672,over_the_counter_morning_after_pill,I argue categorically in favour of over-the-counter availability of the morning-after pill in pharmacies.,German universities should on no account charge tuition fees.
different_topic,0.5153736451576495,over_the_counter_morning_after_pill,I argue categorically in favour of over-the-counter availability of the morning-after pill in pharmacies.,Hence it is good when shops are not open on Sundays and public holidays.
different_topic,0.5459823658068975,over_the_counter_morning_after_pill,I argue categorically in favour of over-the-counter availability of the morning-after pill in pharmacies.,"Intelligence services should be more closely regulated by parliament,"
different_topic,0.2657229148823282,over_the_counter_morning_after_pill,I argue categorically in favour of over-the-counter availability of the morning-after pill in pharmacies.,"BER should be re-conceptualized from scratch,"
different_topic,0.336312825265138,over_the_counter_morning_after_pill,I argue categorically in favour of over-the-counter availability of the morning-after pill in pharmacies.,the EU should not intervene in local politics.
different_topic,0.47725018858909607,over_the_counter_morning_after_pill,I argue categorically in favour of over-the-counter availability of the morning-after pill in pharmacies.,"The implementation of retirement at 63 is no longer socially sustainable,"
different_topic,0.6156881099397485,over_the_counter_morning_after_pill,I argue categorically in favour of over-the-counter availability of the morning-after pill in pharmacies.,That's why there ought to be one day a week when supermarkets and shopping centres stay closed.
different_topic,0.3599224903366782,over_the_counter_morning_after_pill,I argue categorically in favour of over-the-counter availability of the morning-after pill in pharmacies.,everyone should chip in.
different_topic,0.29918962457905646,over_the_counter_morning_after_pill,I argue categorically in favour of over-the-counter availability of the morning-after pill in pharmacies.,The state ought to prevent murder - not avenge it.
different_topic,0.3337619326732777,over_the_counter_morning_after_pill,I argue categorically in favour of over-the-counter availability of the morning-after pill in pharmacies.,A constant increase in rent upon a change of tenants hence cannot be desired by society.
different_topic,0.4869816457783734,over_the_counter_morning_after_pill,I argue categorically in favour of over-the-counter availability of the morning-after pill in pharmacies.,It is quite clear that Sunday should remain a day of rest.
different_topic,0.5438044618915867,over_the_counter_morning_after_pill,I argue categorically in favour of over-the-counter availability of the morning-after pill in pharmacies.,"The BA dissertation should, if not make up the entire grade, then at least constitute a larger share of it."
different_topic,0.4894677150634027,over_the_counter_morning_after_pill,I argue categorically in favour of over-the-counter availability of the morning-after pill in pharmacies.,"Dog owners should pay higher fines for dog dirt left on pavements,"
different_topic,0.31871837615966797,over_the_counter_morning_after_pill,I argue categorically in favour of over-the-counter availability of the morning-after pill in pharmacies.,"Still, the state needs the death penalty as a deterrent to horrific crimes."
different_topic,0.47413327246904374,over_the_counter_morning_after_pill,I argue categorically in favour of over-the-counter availability of the morning-after pill in pharmacies.,The TV license fee should only be collected from those who actually make use of the programming of the public broadcasters.
same_topic,0.8282447369659648,over_the_counter_morning_after_pill,I argue categorically in favour of over-the-counter availability of the morning-after pill in pharmacies.,No one should have the possibility to pick up the morning-after pill over the counter at the pharmacy.
different_topic,0.24689672209999777,over_the_counter_morning_after_pill,I argue categorically in favour of over-the-counter availability of the morning-after pill in pharmacies.,Increasing penalties is therefore the right way.
different_topic,0.3943489219831384,EU_influence_on_political_events_in_Ukraine,the EU should intervene right away.,"Especially now, as there is a lack of skilled labour, it's irresponsible for the economy and prosperity to retire at 63."
different_topic,0.5955606790689322,EU_influence_on_political_events_in_Ukraine,the EU should intervene right away.,It would be fair to make them into an Olympic event.
different_topic,0.44936556816101075,EU_influence_on_political_events_in_Ukraine,the EU should intervene right away.,A cap on rent increases upon tenant change is therefore not to be supported.
different_topic,0.47512165606021883,EU_influence_on_political_events_in_Ukraine,the EU should intervene right away.,Opening on Sundays and holidays would therefore help both customers and shops.
different_topic,0.33577724739357273,EU_influence_on_political_events_in_Ukraine,the EU should intervene right away.,Higher penalties for dog dirt are pointless as long as there is not enough personnel to enforce them.
different_topic,0.5089341156622943,EU_influence_on_political_events_in_Ukraine,the EU should intervene right away.,I am not of the opinion that the retirement age should be set at 63 years.
different_topic,0.48128871093778053,EU_influence_on_political_events_in_Ukraine,the EU should intervene right away.,"After the new BER Airport has been commissioned, Tegel should definitely be closed."
different_topic,0.5055639326572419,EU_influence_on_political_events_in_Ukraine,the EU should intervene right away.,Not everyone should be obliged to pay the TV & radio licence.
different_topic,0.4799913864801912,EU_influence_on_political_events_in_Ukraine,the EU should intervene right away.,Actually it would be justified if all German universities charged tuition fees.
different_topic,0.5179593061407407,EU_influence_on_political_events_in_Ukraine,the EU should intervene right away.,Current regulations for the calculation of the total grade should therefore be maintained.
different_topic,0.4502821971069683,EU_influence_on_political_events_in_Ukraine,the EU should intervene right away.,Supermarkets and shopping centres should be allowed to open on any Sundays and holidays.
different_topic,0.3756971315101341,EU_influence_on_political_events_in_Ukraine,the EU should intervene right away.,"Many European countries, for instance the Netherlands, Sweden and Great Britain, have already understood this and successfully adjusted the opening hours for retailers."
different_topic,0.5030951142311096,EU_influence_on_political_events_in_Ukraine,the EU should intervene right away.,We don't need it.
different_topic,0.4307047102762305,EU_influence_on_political_events_in_Ukraine,the EU should intervene right away.,Supermarkets and shopping centres should be allowed to open any Sundays and holidays at their discretion.
different_topic,0.44978945950667065,EU_influence_on_political_events_in_Ukraine,the EU should intervene right away.,"If there were higher fines for leaving dog dirt on pavements, there would presumably be less dog dirt,"
different_topic,0.6529543697834016,EU_influence_on_political_events_in_Ukraine,the EU should intervene right away.,Germany should by no means introduce capital punishment.
different_topic,0.4151307357983155,EU_influence_on_political_events_in_Ukraine,the EU should intervene right away.,"Considering what's on television these days, it would be appropriate to only have those people pay who actually (want to) follow the programming."
different_topic,0.4930316743097807,EU_influence_on_political_events_in_Ukraine,the EU should intervene right away.,"If there must be rent increases, there should also be a cap to avoid nasty surprises."
different_topic,0.4638515109817187,EU_influence_on_political_events_in_Ukraine,the EU should intervene right away.,German universities should on no account charge tuition fees.
different_topic,0.5169965436584071,EU_influence_on_political_events_in_Ukraine,the EU should intervene right away.,Hence it is good when shops are not open on Sundays and public holidays.
different_topic,0.573558646440506,EU_influence_on_political_events_in_Ukraine,the EU should intervene right away.,"Intelligence services should be more closely regulated by parliament,"
different_topic,0.5705066529604105,EU_influence_on_political_events_in_Ukraine,the EU should intervene right away.,"BER should be re-conceptualized from scratch,"
same_topic,0.7138455510139465,EU_influence_on_political_events_in_Ukraine,the EU should intervene right away.,the EU should not intervene in local politics.
different_topic,0.42897000014781955,EU_influence_on_political_events_in_Ukraine,the EU should intervene right away.,"The implementation of retirement at 63 is no longer socially sustainable,"
different_topic,0.49062879966652906,EU_influence_on_political_events_in_Ukraine,the EU should intervene right away.,That's why there ought to be one day a week when supermarkets and shopping centres stay closed.
different_topic,0.5294875428080559,EU_influence_on_political_events_in_Ukraine,the EU should intervene right away.,everyone should chip in.
different_topic,0.4814985669576205,EU_influence_on_political_events_in_Ukraine,the EU should intervene right away.,The state ought to prevent murder - not avenge it.
different_topic,0.36793364058522615,EU_influence_on_political_events_in_Ukraine,the EU should intervene right away.,A constant increase in rent upon a change of tenants hence cannot be desired by society.
different_topic,0.6185096677611855,EU_influence_on_political_events_in_Ukraine,the EU should intervene right away.,It is quite clear that Sunday should remain a day of rest.
different_topic,0.4180441233846876,EU_influence_on_political_events_in_Ukraine,the EU should intervene right away.,"The BA dissertation should, if not make up the entire grade, then at least constitute a larger share of it."
different_topic,0.5165488095510574,EU_influence_on_political_events_in_Ukraine,the EU should intervene right away.,"Dog owners should pay higher fines for dog dirt left on pavements,"
different_topic,0.4773634349306424,EU_influence_on_political_events_in_Ukraine,the EU should intervene right away.,"Still, the state needs the death penalty as a deterrent to horrific crimes."
different_topic,0.44869581013917925,EU_influence_on_political_events_in_Ukraine,the EU should intervene right away.,The TV license fee should only be collected from those who actually make use of the programming of the public broadcasters.
different_topic,0.47047502050797146,EU_influence_on_political_events_in_Ukraine,the EU should intervene right away.,No one should have the possibility to pick up the morning-after pill over the counter at the pharmacy.
different_topic,0.5043484518925349,EU_influence_on_political_events_in_Ukraine,the EU should intervene right away.,Increasing penalties is therefore the right way.
different_topic,0.33756223862821405,keep_retirement_at_63,"Especially now, as there is a lack of skilled labour, it's irresponsible for the economy and prosperity to retire at 63.",It would be fair to make them into an Olympic event.
different_topic,0.48709583076937446,keep_retirement_at_63,"Especially now, as there is a lack of skilled labour, it's irresponsible for the economy and prosperity to retire at 63.",A cap on rent increases upon tenant change is therefore not to be supported.
different_topic,0.5978451381469595,keep_retirement_at_63,"Especially now, as there is a lack of skilled labour, it's irresponsible for the economy and prosperity to retire at 63.",Opening on Sundays and holidays would therefore help both customers and shops.
different_topic,0.46947551849815583,keep_retirement_at_63,"Especially now, as there is a lack of skilled labour, it's irresponsible for the economy and prosperity to retire at 63.",Higher penalties for dog dirt are pointless as long as there is not enough personnel to enforce them.
same_topic,0.6058850219616523,keep_retirement_at_63,"Especially now, as there is a lack of skilled labour, it's irresponsible for the economy and prosperity to retire at 63.",I am not of the opinion that the retirement age should be set at 63 years.
different_topic,0.3593011727699867,keep_retirement_at_63,"Especially now, as there is a lack of skilled labour, it's irresponsible for the economy and prosperity to retire at 63.","After the new BER Airport has been commissioned, Tegel should definitely be closed."
different_topic,0.3905448267857234,keep_retirement_at_63,"Especially now, as there is a lack of skilled labour, it's irresponsible for the economy and prosperity to retire at 63.",Not everyone should be obliged to pay the TV & radio licence.
different_topic,0.42563148530629963,keep_retirement_at_63,"Especially now, as there is a lack of skilled labour, it's irresponsible for the economy and prosperity to retire at 63.",Actually it would be justified if all German universities charged tuition fees.
different_topic,0.40109577029943466,keep_retirement_at_63,"Especially now, as there is a lack of skilled labour, it's irresponsible for the economy and prosperity to retire at 63.",Current regulations for the calculation of the total grade should therefore be maintained.
different_topic,0.5404730612231838,keep_retirement_at_63,"Especially now, as there is a lack of skilled labour, it's irresponsible for the economy and prosperity to retire at 63.",Supermarkets and shopping centres should be allowed to open on any Sundays and holidays.
different_topic,0.5146514657470914,keep_retirement_at_63,"Especially now, as there is a lack of skilled labour, it's irresponsible for the economy and prosperity to retire at 63.","Many European countries, for instance the Netherlands, Sweden and Great Britain, have already understood this and successfully adjusted the opening hours for retailers."
different_topic,0.200573300060473,keep_retirement_at_63,"Especially now, as there is a lack of skilled labour, it's irresponsible for the economy and prosperity to retire at 63.",We don't need it.
different_topic,0.5398270459845662,keep_retirement_at_63,"Especially now, as there is a lack of skilled labour, it's irresponsible for the economy and prosperity to retire at 63.",Supermarkets and shopping centres should be allowed to open any Sundays and holidays at their discretion.
different_topic,0.48221493986519903,keep_retirement_at_63,"Especially now, as there is a lack of skilled labour, it's irresponsible for the economy and prosperity to retire at 63.","If there were higher fines for leaving dog dirt on pavements, there would presumably be less dog dirt,"
different_topic,0.4327226846858307,keep_retirement_at_63,"Especially now, as there is a lack of skilled labour, it's irresponsible for the economy and prosperity to retire at 63.",Germany should by no means introduce capital punishment.
different_topic,0.5687795887070317,keep_retirement_at_63,"Especially now, as there is a lack of skilled labour, it's irresponsible for the economy and prosperity to retire at 63.","Considering what's on television these days, it would be appropriate to only have those people pay who actually (want to) follow the programming."
different_topic,0.47747230316911426,keep_retirement_at_63,"Especially now, as there is a lack of skilled labour, it's irresponsible for the economy and prosperity to retire at 63.","If there must be rent increases, there should also be a cap to avoid nasty surprises."
different_topic,0.31957154224316275,keep_retirement_at_63,"Especially now, as there is a lack of skilled labour, it's irresponsible for the economy and prosperity to retire at 63.",German universities should on no account charge tuition fees.
different_topic,0.5164361649325916,keep_retirement_at_63,"Especially now, as there is a lack of skilled labour, it's irresponsible for the economy and prosperity to retire at 63.",Hence it is good when shops are not open on Sundays and public holidays.
different_topic,0.49452351830128966,keep_retirement_at_63,"Especially now, as there is a lack of skilled labour, it's irresponsible for the economy and prosperity to retire at 63.","Intelligence services should be more closely regulated by parliament,"
different_topic,0.27378768406131054,keep_retirement_at_63,"Especially now, as there is a lack of skilled labour, it's irresponsible for the economy and prosperity to retire at 63.","BER should be re-conceptualized from scratch,"
different_topic,0.26695586063645105,keep_retirement_at_63,"Especially now, as there is a lack of skilled labour, it's irresponsible for the economy and prosperity to retire at 63.",the EU should not intervene in local politics.
same_topic,0.6785257142679445,keep_retirement_at_63,"Especially now, as there is a lack of skilled labour, it's irresponsible for the economy and prosperity to retire at 63.","The implementation of retirement at 63 is no longer socially sustainable,"
different_topic,0.6305544888600707,keep_retirement_at_63,"Especially now, as there is a lack of skilled labour, it's irresponsible for the economy and prosperity to retire at 63.",That's why there ought to be one day a week when supermarkets and shopping centres stay closed.
different_topic,0.27203454715865,keep_retirement_at_63,"Especially now, as there is a lack of skilled labour, it's irresponsible for the economy and prosperity to retire at 63.",everyone should chip in.
different_topic,0.24232427369464526,keep_retirement_at_63,"Especially now, as there is a lack of skilled labour, it's irresponsible for the economy and prosperity to retire at 63.",The state ought to prevent murder - not avenge it.
different_topic,0.38004303207764256,keep_retirement_at_63,"Especially now, as there is a lack of skilled labour, it's irresponsible for the economy and prosperity to retire at 63.",A constant increase in rent upon a change of tenants hence cannot be desired by society.
different_topic,0.5047397716687276,keep_retirement_at_63,"Especially now, as there is a lack of skilled labour, it's irresponsible for the economy and prosperity to retire at 63.",It is quite clear that Sunday should remain a day of rest.
different_topic,0.5256803466214074,keep_retirement_at_63,"Especially now, as there is a lack of skilled labour, it's irresponsible for the economy and prosperity to retire at 63.","The BA dissertation should, if not make up the entire grade, then at least constitute a larger share of it."
different_topic,0.532816300789515,keep_retirement_at_63,"Especially now, as there is a lack of skilled labour, it's irresponsible for the economy and prosperity to retire at 63.","Dog owners should pay higher fines for dog dirt left on pavements,"
different_topic,0.3445186714331309,keep_retirement_at_63,"Especially now, as there is a lack of skilled labour, it's irresponsible for the economy and prosperity to retire at 63.","Still, the state needs the death penalty as a deterrent to horrific crimes."
different_topic,0.4961297779247679,keep_retirement_at_63,"Especially now, as there is a lack of skilled labour, it's irresponsible for the economy and prosperity to retire at 63.",The TV license fee should only be collected from those who actually make use of the programming of the public broadcasters.
different_topic,0.462989137253978,keep_retirement_at_63,"Especially now, as there is a lack of skilled labour, it's irresponsible for the economy and prosperity to retire at 63.",No one should have the possibility to pick up the morning-after pill over the counter at the pharmacy.
different_topic,0.32890287183579947,keep_retirement_at_63,"Especially now, as there is a lack of skilled labour, it's irresponsible for the economy and prosperity to retire at 63.",Increasing penalties is therefore the right way.
different_topic,0.3931921469537835,make_video_games_olympic,It would be fair to make them into an Olympic event.,A cap on rent increases upon tenant change is therefore not to be supported.
different_topic,0.363107000526629,make_video_games_olympic,It would be fair to make them into an Olympic event.,Opening on Sundays and holidays would therefore help both customers and shops.
different_topic,0.2949330050211686,make_video_games_olympic,It would be fair to make them into an Olympic event.,Higher penalties for dog dirt are pointless as long as there is not enough personnel to enforce them.
different_topic,0.3574353232979775,make_video_games_olympic,It would be fair to make them into an Olympic event.,I am not of the opinion that the retirement age should be set at 63 years.
different_topic,0.4060517400503158,make_video_games_olympic,It would be fair to make them into an Olympic event.,"After the new BER Airport has been commissioned, Tegel should definitely be closed."
different_topic,0.42596014056886944,make_video_games_olympic,It would be fair to make them into an Olympic event.,Not everyone should be obliged to pay the TV & radio licence.
different_topic,0.4841297790408135,make_video_games_olympic,It would be fair to make them into an Olympic event.,Actually it would be justified if all German universities charged tuition fees.
different_topic,0.4340431477342333,make_video_games_olympic,It would be fair to make them into an Olympic event.,Current regulations for the calculation of the total grade should therefore be maintained.
different_topic,0.2967384400821867,make_video_games_olympic,It would be fair to make them into an Olympic event.,Supermarkets and shopping centres should be allowed to open on any Sundays and holidays.
different_topic,0.3231526773709517,make_video_games_olympic,It would be fair to make them into an Olympic event.,"Many European countries, for instance the Netherlands, Sweden and Great Britain, have already understood this and successfully adjusted the opening hours for retailers."
different_topic,0.41210001707077026,make_video_games_olympic,It would be fair to make them into an Olympic event.,We don't need it.
different_topic,0.28325032916936005,make_video_games_olympic,It would be fair to make them into an Olympic event.,Supermarkets and shopping centres should be allowed to open any Sundays and holidays at their discretion.
different_topic,0.38083982985952625,make_video_games_olympic,It would be fair to make them into an Olympic event.,"If there were higher fines for leaving dog dirt on pavements, there would presumably be less dog dirt,"
different_topic,0.5105597762500538,make_video_games_olympic,It would be fair to make them into an Olympic event.,Germany should by no means introduce capital punishment.
different_topic,0.3942449348313468,make_video_games_olympic,It would be fair to make them into an Olympic event.,"Considering what's on television these days, it would be appropriate to only have those people pay who actually (want to) follow the programming."
different_topic,0.3713132507271236,make_video_games_olympic,It would be fair to make them into an Olympic event.,"If there must be rent increases, there should also be a cap to avoid nasty surprises."
different_topic,0.39271373408181326,make_video_games_olympic,It would be fair to make them into an Olympic event.,German universities should on no account charge tuition fees.
different_topic,0.421645849943161,make_video_games_olympic,It would be fair to make them into an Olympic event.,Hence it is good when shops are not open on Sundays and public holidays.
different_topic,0.4034344899026971,make_video_games_olympic,It would be fair to make them into an Olympic event.,"Intelligence services should be more closely regulated by parliament,"
different_topic,0.5499927848577499,make_video_games_olympic,It would be fair to make them into an Olympic event.,"BER should be re-conceptualized from scratch,"
different_topic,0.5043843239545822,make_video_games_olympic,It would be fair to make them into an Olympic event.,the EU should not intervene in local politics.
different_topic,0.34930882014726333,make_video_games_olympic,It would be fair to make them into an Olympic event.,"The implementation of retirement at 63 is no longer socially sustainable,"
different_topic,0.36397676034407184,make_video_games_olympic,It would be fair to make them into an Olympic event.,That's why there ought to be one day a week when supermarkets and shopping centres stay closed.
different_topic,0.33892089534889563,make_video_games_olympic,It would be fair to make them into an Olympic event.,everyone should chip in.
different_topic,0.39701920251051587,make_video_games_olympic,It would be fair to make them into an Olympic event.,The state ought to prevent murder - not avenge it.
different_topic,0.4118551164865493,make_video_games_olympic,It would be fair to make them into an Olympic event.,A constant increase in rent upon a change of tenants hence cannot be desired by society.
different_topic,0.4112682417035103,make_video_games_olympic,It would be fair to make them into an Olympic event.,It is quite clear that Sunday should remain a day of rest.
different_topic,0.3750532269477845,make_video_games_olympic,It would be fair to make them into an Olympic event.,"The BA dissertation should, if not make up the entire grade, then at least constitute a larger share of it."
different_topic,0.41725628376007085,make_video_games_olympic,It would be fair to make them into an Olympic event.,"Dog owners should pay higher fines for dog dirt left on pavements,"
different_topic,0.3792735551084791,make_video_games_olympic,It would be fair to make them into an Olympic event.,"Still, the state needs the death penalty as a deterrent to horrific crimes."
different_topic,0.36440950632095337,make_video_games_olympic,It would be fair to make them into an Olympic event.,The TV license fee should only be collected from those who actually make use of the programming of the public broadcasters.
different_topic,0.3286966914715974,make_video_games_olympic,It would be fair to make them into an Olympic event.,No one should have the possibility to pick up the morning-after pill over the counter at the pharmacy.
different_topic,0.6238057992675088,make_video_games_olympic,It would be fair to make them into an Olympic event.,Increasing penalties is therefore the right way.
different_topic,0.5308199066382188,cap_rent_increases,A cap on rent increases upon tenant change is therefore not to be supported.,Opening on Sundays and holidays would therefore help both customers and shops.
different_topic,0.4904865270311181,cap_rent_increases,A cap on rent increases upon tenant change is therefore not to be supported.,Higher penalties for dog dirt are pointless as long as there is not enough personnel to enforce them.
different_topic,0.4910894295443659,cap_rent_increases,A cap on rent increases upon tenant change is therefore not to be supported.,I am not of the opinion that the retirement age should be set at 63 years.
different_topic,0.34548900697542273,cap_rent_increases,A cap on rent increases upon tenant change is therefore not to be supported.,"After the new BER Airport has been commissioned, Tegel should definitely be closed."
different_topic,0.35802854952358065,cap_rent_increases,A cap on rent increases upon tenant change is therefore not to be supported.,Not everyone should be obliged to pay the TV & radio licence.
different_topic,0.4262531166491301,cap_rent_increases,A cap on rent increases upon tenant change is therefore not to be supported.,Actually it would be justified if all German universities charged tuition fees.
different_topic,0.4428585143316359,cap_rent_increases,A cap on rent increases upon tenant change is therefore not to be supported.,Current regulations for the calculation of the total grade should therefore be maintained.
different_topic,0.5106952829020365,cap_rent_increases,A cap on rent increases upon tenant change is therefore not to be supported.,Supermarkets and shopping centres should be allowed to open on any Sundays and holidays.
different_topic,0.344678570375298,cap_rent_increases,A cap on rent increases upon tenant change is therefore not to be supported.,"Many European countries, for instance the Netherlands, Sweden and Great Britain, have already understood this and successfully adjusted the opening hours for retailers."
different_topic,0.25363797694444656,cap_rent_increases,A cap on rent increases upon tenant change is therefore not to be supported.,We don't need it.
different_topic,0.4930851007330007,cap_rent_increases,A cap on rent increases upon tenant change is therefore not to be supported.,Supermarkets and shopping centres should be allowed to open any Sundays and holidays at their discretion.
different_topic,0.5310934821764628,cap_rent_increases,A cap on rent increases upon tenant change is therefore not to be supported.,"If there were higher fines for leaving dog dirt on pavements, there would presumably be less dog dirt,"
different_topic,0.5368581414222717,cap_rent_increases,A cap on rent increases upon tenant change is therefore not to be supported.,Germany should by no means introduce capital punishment.
different_topic,0.4684867427817413,cap_rent_increases,A cap on rent increases upon tenant change is therefore not to be supported.,"Considering what's on television these days, it would be appropriate to only have those people pay who actually (want to) follow the programming."
same_topic,0.5997659549117088,cap_rent_increases,A cap on rent increases upon tenant change is therefore not to be supported.,"If there must be rent increases, there should also be a cap to avoid nasty surprises."
different_topic,0.31672374265534536,cap_rent_increases,A cap on rent increases upon tenant change is therefore not to be supported.,German universities should on no account charge tuition fees.
different_topic,0.5106465291976928,cap_rent_increases,A cap on rent increases upon tenant change is therefore not to be supported.,Hence it is good when shops are not open on Sundays and public holidays.
different_topic,0.5422563690405625,cap_rent_increases,A cap on rent increases upon tenant change is therefore not to be supported.,"Intelligence services should be more closely regulated by parliament,"
different_topic,0.34626167542056036,cap_rent_increases,A cap on rent increases upon tenant change is therefore not to be supported.,"BER should be re-conceptualized from scratch,"
different_topic,0.30041872513921636,cap_rent_increases,A cap on rent increases upon tenant change is therefore not to be supported.,the EU should not intervene in local politics.
different_topic,0.5808484995594392,cap_rent_increases,A cap on rent increases upon tenant change is therefore not to be supported.,"The implementation of retirement at 63 is no longer socially sustainable,"
different_topic,0.5775716479482321,cap_rent_increases,A cap on rent increases upon tenant change is therefore not to be supported.,That's why there ought to be one day a week when supermarkets and shopping centres stay closed.
different_topic,0.38197653161154854,cap_rent_increases,A cap on rent increases upon tenant change is therefore not to be supported.,everyone should chip in.
different_topic,0.2801419465165389,cap_rent_increases,A cap on rent increases upon tenant change is therefore not to be supported.,The state ought to prevent murder - not avenge it.
same_topic,0.6024060612139496,cap_rent_increases,A cap on rent increases upon tenant change is therefore not to be supported.,A constant increase in rent upon a change of tenants hence cannot be desired by society.
different_topic,0.45685670686804725,cap_rent_increases,A cap on rent increases upon tenant change is therefore not to be supported.,It is quite clear that Sunday should remain a day of rest.
different_topic,0.5133159296079115,cap_rent_increases,A cap on rent increases upon tenant change is therefore not to be supported.,"The BA dissertation should, if not make up the entire grade, then at least constitute a larger share of it."
different_topic,0.5289581600162719,cap_rent_increases,A cap on rent increases upon tenant change is therefore not to be supported.,"Dog owners should pay higher fines for dog dirt left on pavements,"
different_topic,0.3406098087628682,cap_rent_increases,A cap on rent increases upon tenant change is therefore not to be supported.,"Still, the state needs the death penalty as a deterrent to horrific crimes."
different_topic,0.4729700704248479,cap_rent_increases,A cap on rent increases upon tenant change is therefore not to be supported.,The TV license fee should only be collected from those who actually make use of the programming of the public broadcasters.
different_topic,0.4892362137635549,cap_rent_increases,A cap on rent increases upon tenant change is therefore not to be supported.,No one should have the possibility to pick up the morning-after pill over the counter at the pharmacy.
different_topic,0.41936028169261075,cap_rent_increases,A cap on rent increases upon tenant change is therefore not to be supported.,Increasing penalties is therefore the right way.
different_topic,0.42967709628018463,allow_shops_to_open_on_holidays_and_sundays,Opening on Sundays and holidays would therefore help both customers and shops.,Higher penalties for dog dirt are pointless as long as there is not enough personnel to enforce them.
different_topic,0.4214619864588199,allow_shops_to_open_on_holidays_and_sundays,Opening on Sundays and holidays would therefore help both customers and shops.,I am not of the opinion that the retirement age should be set at 63 years.
different_topic,0.43238668338112207,allow_shops_to_open_on_holidays_and_sundays,Opening on Sundays and holidays would therefore help both customers and shops.,"After the new BER Airport has been commissioned, Tegel should definitely be closed."
different_topic,0.3743471460683005,allow_shops_to_open_on_holidays_and_sundays,Opening on Sundays and holidays would therefore help both customers and shops.,Not everyone should be obliged to pay the TV & radio licence.
different_topic,0.44482582030089,allow_shops_to_open_on_holidays_and_sundays,Opening on Sundays and holidays would therefore help both customers and shops.,Actually it would be justified if all German universities charged tuition fees.
different_topic,0.44880994728633333,allow_shops_to_open_on_holidays_and_sundays,Opening on Sundays and holidays would therefore help both customers and shops.,Current regulations for the calculation of the total grade should therefore be maintained.
same_topic,0.7626828742878778,allow_shops_to_open_on_holidays_and_sundays,Opening on Sundays and holidays would therefore help both customers and shops.,Supermarkets and shopping centres should be allowed to open on any Sundays and holidays.
same_topic,0.4794852787798101,allow_shops_to_open_on_holidays_and_sundays,Opening on Sundays and holidays would therefore help both customers and shops.,"Many European countries, for instance the Netherlands, Sweden and Great Britain, have already understood this and successfully adjusted the opening hours for retailers."
different_topic,0.24157624319195745,allow_shops_to_open_on_holidays_and_sundays,Opening on Sundays and holidays would therefore help both customers and shops.,We don't need it.
same_topic,0.7374187892880933,allow_shops_to_open_on_holidays_and_sundays,Opening on Sundays and holidays would therefore help both customers and shops.,Supermarkets and shopping centres should be allowed to open any Sundays and holidays at their discretion.
different_topic,0.46714330712954205,allow_shops_to_open_on_holidays_and_sundays,Opening on Sundays and holidays would therefore help both customers and shops.,"If there were higher fines for leaving dog dirt on pavements, there would presumably be less dog dirt,"
different_topic,0.495101227114598,allow_shops_to_open_on_holidays_and_sundays,Opening on Sundays and holidays would therefore help both customers and shops.,Germany should by no means introduce capital punishment.
different_topic,0.46526428524936947,allow_shops_to_open_on_holidays_and_sundays,Opening on Sundays and holidays would therefore help both customers and shops.,"Considering what's on television these days, it would be appropriate to only have those people pay who actually (want to) follow the programming."
different_topic,0.5021244513988495,allow_shops_to_open_on_holidays_and_sundays,Opening on Sundays and holidays would therefore help both customers and shops.,"If there must be rent increases, there should also be a cap to avoid nasty surprises."
different_topic,0.37272731534072334,allow_shops_to_open_on_holidays_and_sundays,Opening on Sundays and holidays would therefore help both customers and shops.,German universities should on no account charge tuition fees.
same_topic,0.8492296028137206,allow_shops_to_open_on_holidays_and_sundays,Opening on Sundays and holidays would therefore help both customers and shops.,Hence it is good when shops are not open on Sundays and public holidays.
different_topic,0.5571612624021677,allow_shops_to_open_on_holidays_and_sundays,Opening on Sundays and holidays would therefore help both customers and shops.,"Intelligence services should be more closely regulated by parliament,"
different_topic,0.2981551791492261,allow_shops_to_open_on_holidays_and_sundays,Opening on Sundays and holidays would therefore help both customers and shops.,"BER should be re-conceptualized from scratch,"
different_topic,0.3323738700465152,allow_shops_to_open_on_holidays_and_sundays,Opening on Sundays and holidays would therefore help both customers and shops.,the EU should not intervene in local politics.
different_topic,0.5361966788768768,allow_shops_to_open_on_holidays_and_sundays,Opening on Sundays and holidays would therefore help both customers and shops.,"The implementation of retirement at 63 is no longer socially sustainable,"
same_topic,0.6387654871776186,allow_shops_to_open_on_holidays_and_sundays,Opening on Sundays and holidays would therefore help both customers and shops.,That's why there ought to be one day a week when supermarkets and shopping centres stay closed.
different_topic,0.2947833074463738,allow_shops_to_open_on_holidays_and_sundays,Opening on Sundays and holidays would therefore help both customers and shops.,everyone should chip in.
different_topic,0.25479417411904587,allow_shops_to_open_on_holidays_and_sundays,Opening on Sundays and holidays would therefore help both customers and shops.,The state ought to prevent murder - not avenge it.
different_topic,0.4609254559744959,allow_shops_to_open_on_holidays_and_sundays,Opening on Sundays and holidays would therefore help both customers and shops.,A constant increase in rent upon a change of tenants hence cannot be desired by society.
same_topic,0.6493963236394136,allow_shops_to_open_on_holidays_and_sundays,Opening on Sundays and holidays would therefore help both customers and shops.,It is quite clear that Sunday should remain a day of rest.
different_topic,0.4483097809733767,allow_shops_to_open_on_holidays_and_sundays,Opening on Sundays and holidays would therefore help both customers and shops.,"The BA dissertation should, if not make up the entire grade, then at least constitute a larger share of it."
different_topic,0.5473586707203477,allow_shops_to_open_on_holidays_and_sundays,Opening on Sundays and holidays would therefore help both customers and shops.,"Dog owners should pay higher fines for dog dirt left on pavements,"
different_topic,0.3439097092265174,allow_shops_to_open_on_holidays_and_sundays,Opening on Sundays and holidays would therefore help both customers and shops.,"Still, the state needs the death penalty as a deterrent to horrific crimes."
different_topic,0.4836767573769276,allow_shops_to_open_on_holidays_and_sundays,Opening on Sundays and holidays would therefore help both customers and shops.,The TV license fee should only be collected from those who actually make use of the programming of the public broadcasters.
different_topic,0.5554003874460857,allow_shops_to_open_on_holidays_and_sundays,Opening on Sundays and holidays would therefore help both customers and shops.,No one should have the possibility to pick up the morning-after pill over the counter at the pharmacy.
different_topic,0.3619351883729299,allow_shops_to_open_on_holidays_and_sundays,Opening on Sundays and holidays would therefore help both customers and shops.,Increasing penalties is therefore the right way.
different_topic,0.3341524094343185,higher_dog_poo_fines,Higher penalties for dog dirt are pointless as long as there is not enough personnel to enforce them.,I am not of the opinion that the retirement age should be set at 63 years.
different_topic,0.3582269698381424,higher_dog_poo_fines,Higher penalties for dog dirt are pointless as long as there is not enough personnel to enforce them.,"After the new BER Airport has been commissioned, Tegel should definitely be closed."
different_topic,0.28648109627621515,higher_dog_poo_fines,Higher penalties for dog dirt are pointless as long as there is not enough personnel to enforce them.,Not everyone should be obliged to pay the TV & radio licence.
different_topic,0.3192902346452077,higher_dog_poo_fines,Higher penalties for dog dirt are pointless as long as there is not enough personnel to enforce them.,Actually it would be justified if all German universities charged tuition fees.
different_topic,0.28112832350390293,higher_dog_poo_fines,Higher penalties for dog dirt are pointless as long as there is not enough personnel to enforce them.,Current regulations for the calculation of the total grade should therefore be maintained.
different_topic,0.42644429888044083,higher_dog_poo_fines,Higher penalties for dog dirt are pointless as long as there is not enough personnel to enforce them.,Supermarkets and shopping centres should be allowed to open on any Sundays and holidays.
different_topic,0.42914638444781306,higher_dog_poo_fines,Higher penalties for dog dirt are pointless as long as there is not enough personnel to enforce them.,"Many European countries, for instance the Netherlands, Sweden and Great Britain, have already understood this and successfully adjusted the opening hours for retailers."
different_topic,0.16744159097256867,higher_dog_poo_fines,Higher penalties for dog dirt are pointless as long as there is not enough personnel to enforce them.,We don't need it.
different_topic,0.42828913943635094,higher_dog_poo_fines,Higher penalties for dog dirt are pointless as long as there is not enough personnel to enforce them.,Supermarkets and shopping centres should be allowed to open any Sundays and holidays at their discretion.
same_topic,0.6382099373920543,higher_dog_poo_fines,Higher penalties for dog dirt are pointless as long as there is not enough personnel to enforce them.,"If there were higher fines for leaving dog dirt on pavements, there would presumably be less dog dirt,"
different_topic,0.4440462762309659,higher_dog_poo_fines,Higher penalties for dog dirt are pointless as long as there is not enough personnel to enforce them.,Germany should by no means introduce capital punishment.
different_topic,0.4297804721764156,higher_dog_poo_fines,Higher penalties for dog dirt are pointless as long as there is not enough personnel to enforce them.,"Considering what's on television these days, it would be appropriate to only have those people pay who actually (want to) follow the programming."
different_topic,0.4612641101703048,higher_dog_poo_fines,Higher penalties for dog dirt are pointless as long as there is not enough personnel to enforce them.,"If there must be rent increases, there should also be a cap to avoid nasty surprises."
different_topic,0.22746437149388454,higher_dog_poo_fines,Higher penalties for dog dirt are pointless as long as there is not enough personnel to enforce them.,German universities should on no account charge tuition fees.
different_topic,0.4084930680692196,higher_dog_poo_fines,Higher penalties for dog dirt are pointless as long as there is not enough personnel to enforce them.,Hence it is good when shops are not open on Sundays and public holidays.
different_topic,0.5321805025591995,higher_dog_poo_fines,Higher penalties for dog dirt are pointless as long as there is not enough personnel to enforce them.,"Intelligence services should be more closely regulated by parliament,"
different_topic,0.23176947923806995,higher_dog_poo_fines,Higher penalties for dog dirt are pointless as long as there is not enough personnel to enforce them.,"BER should be re-conceptualized from scratch,"
different_topic,0.2165880547120021,higher_dog_poo_fines,Higher penalties for dog dirt are pointless as long as there is not enough personnel to enforce them.,the EU should not intervene in local politics.
different_topic,0.4648177009640318,higher_dog_poo_fines,Higher penalties for dog dirt are pointless as long as there is not enough personnel to enforce them.,"The implementation of retirement at 63 is no longer socially sustainable,"
different_topic,0.5590309823552767,higher_dog_poo_fines,Higher penalties for dog dirt are pointless as long as there is not enough personnel to enforce them.,That's why there ought to be one day a week when supermarkets and shopping centres stay closed.
different_topic,0.25720628023147585,higher_dog_poo_fines,Higher penalties for dog dirt are pointless as long as there is not enough personnel to enforce them.,everyone should chip in.
different_topic,0.18136670039250302,higher_dog_poo_fines,Higher penalties for dog dirt are pointless as long as there is not enough personnel to enforce them.,The state ought to prevent murder - not avenge it.
different_topic,0.32515847583611807,higher_dog_poo_fines,Higher penalties for dog dirt are pointless as long as there is not enough personnel to enforce them.,A constant increase in rent upon a change of tenants hence cannot be desired by society.
different_topic,0.4668590486049652,higher_dog_poo_fines,Higher penalties for dog dirt are pointless as long as there is not enough personnel to enforce them.,It is quite clear that Sunday should remain a day of rest.
different_topic,0.5892372757196427,higher_dog_poo_fines,Higher penalties for dog dirt are pointless as long as there is not enough personnel to enforce them.,"The BA dissertation should, if not make up the entire grade, then at least constitute a larger share of it."
same_topic,0.5978879052049975,higher_dog_poo_fines,Higher penalties for dog dirt are pointless as long as there is not enough personnel to enforce them.,"Dog owners should pay higher fines for dog dirt left on pavements,"
different_topic,0.30098841445786617,higher_dog_poo_fines,Higher penalties for dog dirt are pointless as long as there is not enough personnel to enforce them.,"Still, the state needs the death penalty as a deterrent to horrific crimes."
different_topic,0.3510348047270919,higher_dog_poo_fines,Higher penalties for dog dirt are pointless as long as there is not enough personnel to enforce them.,The TV license fee should only be collected from those who actually make use of the programming of the public broadcasters.
different_topic,0.5028772152758934,higher_dog_poo_fines,Higher penalties for dog dirt are pointless as long as there is not enough personnel to enforce them.,No one should have the possibility to pick up the morning-after pill over the counter at the pharmacy.
same_topic,0.29031871318817143,higher_dog_poo_fines,Higher penalties for dog dirt are pointless as long as there is not enough personnel to enforce them.,Increasing penalties is therefore the right way.
different_topic,0.41159204617142675,keep_retirement_at_63,I am not of the opinion that the retirement age should be set at 63 years.,"After the new BER Airport has been commissioned, Tegel should definitely be closed."
different_topic,0.52379030154811,keep_retirement_at_63,I am not of the opinion that the retirement age should be set at 63 years.,Not everyone should be obliged to pay the TV & radio licence.
different_topic,0.4655361887067556,keep_retirement_at_63,I am not of the opinion that the retirement age should be set at 63 years.,Actually it would be justified if all German universities charged tuition fees.
different_topic,0.486135635111067,keep_retirement_at_63,I am not of the opinion that the retirement age should be set at 63 years.,Current regulations for the calculation of the total grade should therefore be maintained.
different_topic,0.49343047618865965,keep_retirement_at_63,I am not of the opinion that the retirement age should be set at 63 years.,Supermarkets and shopping centres should be allowed to open on any Sundays and holidays.
different_topic,0.32164498170216876,keep_retirement_at_63,I am not of the opinion that the retirement age should be set at 63 years.,"Many European countries, for instance the Netherlands, Sweden and Great Britain, have already understood this and successfully adjusted the opening hours for retailers."
different_topic,0.25166946191054124,keep_retirement_at_63,I am not of the opinion that the retirement age should be set at 63 years.,We don't need it.
different_topic,0.4744523809506342,keep_retirement_at_63,I am not of the opinion that the retirement age should be set at 63 years.,Supermarkets and shopping centres should be allowed to open any Sundays and holidays at their discretion.
different_topic,0.4093414258073877,keep_retirement_at_63,I am not of the opinion that the retirement age should be set at 63 years.,"If there were higher fines for leaving dog dirt on pavements, there would presumably be less dog dirt,"
different_topic,0.5204171084222339,keep_retirement_at_63,I am not of the opinion that the retirement age should be set at 63 years.,Germany should by no means introduce capital punishment.
different_topic,0.4507003748416901,keep_retirement_at_63,I am not of the opinion that the retirement age should be set at 63 years.,"Considering what's on television these days, it would be appropriate to only have those people pay who actually (want to) follow the programming."
different_topic,0.47776481915603985,keep_retirement_at_63,I am not of the opinion that the retirement age should be set at 63 years.,"If there must be rent increases, there should also be a cap to avoid nasty surprises."
different_topic,0.44330516788694596,keep_retirement_at_63,I am not of the opinion that the retirement age should be set at 63 years.,German universities should on no account charge tuition fees.
different_topic,0.4328879822384228,keep_retirement_at_63,I am not of the opinion that the retirement age should be set at 63 years.,Hence it is good when shops are not open on Sundays and public holidays.
different_topic,0.46962224918863044,keep_retirement_at_63,I am not of the opinion that the retirement age should be set at 63 years.,"Intelligence services should be more closely regulated by parliament,"
different_topic,0.36305514536797995,keep_retirement_at_63,I am not of the opinion that the retirement age should be set at 63 years.,"BER should be re-conceptualized from scratch,"
different_topic,0.40035887062549597,keep_retirement_at_63,I am not of the opinion that the retirement age should be set at 63 years.,the EU should not intervene in local politics.
same_topic,0.6825420817603236,keep_retirement_at_63,I am not of the opinion that the retirement age should be set at 63 years.,"The implementation of retirement at 63 is no longer socially sustainable,"
different_topic,0.5085757970809937,keep_retirement_at_63,I am not of the opinion that the retirement age should be set at 63 years.,That's why there ought to be one day a week when supermarkets and shopping centres stay closed.
different_topic,0.4483276625474294,keep_retirement_at_63,I am not of the opinion that the retirement age should be set at 63 years.,everyone should chip in.
different_topic,0.3649983238428831,keep_retirement_at_63,I am not of the opinion that the retirement age should be set at 63 years.,The state ought to prevent murder - not avenge it.
different_topic,0.410434626787901,keep_retirement_at_63,I am not of the opinion that the retirement age should be set at 63 years.,A constant increase in rent upon a change of tenants hence cannot be desired by society.
different_topic,0.5186688974499702,keep_retirement_at_63,I am not of the opinion that the retirement age should be set at 63 years.,It is quite clear that Sunday should remain a day of rest.
different_topic,0.41759787599245707,keep_retirement_at_63,I am not of the opinion that the retirement age should be set at 63 years.,"The BA dissertation should, if not make up the entire grade, then at least constitute a larger share of it."
different_topic,0.51117475827535,keep_retirement_at_63,I am not of the opinion that the retirement age should be set at 63 years.,"Dog owners should pay higher fines for dog dirt left on pavements,"
different_topic,0.3668525550100538,keep_retirement_at_63,I am not of the opinion that the retirement age should be set at 63 years.,"Still, the state needs the death penalty as a deterrent to horrific crimes."
different_topic,0.5190974720146344,keep_retirement_at_63,I am not of the opinion that the retirement age should be set at 63 years.,The TV license fee should only be collected from those who actually make use of the programming of the public broadcasters.
different_topic,0.39590524964862406,keep_retirement_at_63,I am not of the opinion that the retirement age should be set at 63 years.,No one should have the possibility to pick up the morning-after pill over the counter at the pharmacy.
different_topic,0.33233756621678673,keep_retirement_at_63,I am not of the opinion that the retirement age should be set at 63 years.,Increasing penalties is therefore the right way.
different_topic,0.42524377670552993,TXL_airport_remain_operational_after_BER_opening,"After the new BER Airport has been commissioned, Tegel should definitely be closed.",Not everyone should be obliged to pay the TV & radio licence.
different_topic,0.4510228231549263,TXL_airport_remain_operational_after_BER_opening,"After the new BER Airport has been commissioned, Tegel should definitely be closed.",Actually it would be justified if all German universities charged tuition fees.
different_topic,0.3737397284971343,TXL_airport_remain_operational_after_BER_opening,"After the new BER Airport has been commissioned, Tegel should definitely be closed.",Current regulations for the calculation of the total grade should therefore be maintained.
different_topic,0.3929521632194519,TXL_airport_remain_operational_after_BER_opening,"After the new BER Airport has been commissioned, Tegel should definitely be closed.",Supermarkets and shopping centres should be allowed to open on any Sundays and holidays.
different_topic,0.4501052031914393,TXL_airport_remain_operational_after_BER_opening,"After the new BER Airport has been commissioned, Tegel should definitely be closed.","Many European countries, for instance the Netherlands, Sweden and Great Britain, have already understood this and successfully adjusted the opening hours for retailers."
different_topic,0.2380736470222473,TXL_airport_remain_operational_after_BER_opening,"After the new BER Airport has been commissioned, Tegel should definitely be closed.",We don't need it.
different_topic,0.3783244169675387,TXL_airport_remain_operational_after_BER_opening,"After the new BER Airport has been commissioned, Tegel should definitely be closed.",Supermarkets and shopping centres should be allowed to open any Sundays and holidays at their discretion.
different_topic,0.40896210626319607,TXL_airport_remain_operational_after_BER_opening,"After the new BER Airport has been commissioned, Tegel should definitely be closed.","If there were higher fines for leaving dog dirt on pavements, there would presumably be less dog dirt,"
different_topic,0.45020703829470143,TXL_airport_remain_operational_after_BER_opening,"After the new BER Airport has been commissioned, Tegel should definitely be closed.",Germany should by no means introduce capital punishment.
different_topic,0.3943296313285828,TXL_airport_remain_operational_after_BER_opening,"After the new BER Airport has been commissioned, Tegel should definitely be closed.","Considering what's on television these days, it would be appropriate to only have those people pay who actually (want to) follow the programming."
different_topic,0.4611075534061952,TXL_airport_remain_operational_after_BER_opening,"After the new BER Airport has been commissioned, Tegel should definitely be closed.","If there must be rent increases, there should also be a cap to avoid nasty surprises."
different_topic,0.4203192384706603,TXL_airport_remain_operational_after_BER_opening,"After the new BER Airport has been commissioned, Tegel should definitely be closed.",German universities should on no account charge tuition fees.
different_topic,0.42725119265643025,TXL_airport_remain_operational_after_BER_opening,"After the new BER Airport has been commissioned, Tegel should definitely be closed.",Hence it is good when shops are not open on Sundays and public holidays.
different_topic,0.5003860100455906,TXL_airport_remain_operational_after_BER_opening,"After the new BER Airport has been commissioned, Tegel should definitely be closed.","Intelligence services should be more closely regulated by parliament,"
same_topic,0.4273697137832641,TXL_airport_remain_operational_after_BER_opening,"After the new BER Airport has been commissioned, Tegel should definitely be closed.","BER should be re-conceptualized from scratch,"
different_topic,0.4523516036570072,TXL_airport_remain_operational_after_BER_opening,"After the new BER Airport has been commissioned, Tegel should definitely be closed.",the EU should not intervene in local politics.
different_topic,0.3283294724381488,TXL_airport_remain_operational_after_BER_opening,"After the new BER Airport has been commissioned, Tegel should definitely be closed.","The implementation of retirement at 63 is no longer socially sustainable,"
different_topic,0.466428646674523,TXL_airport_remain_operational_after_BER_opening,"After the new BER Airport has been commissioned, Tegel should definitely be closed.",That's why there ought to be one day a week when supermarkets and shopping centres stay closed.
different_topic,0.299485777815183,TXL_airport_remain_operational_after_BER_opening,"After the new BER Airport has been commissioned, Tegel should definitely be closed.",everyone should chip in.
different_topic,0.39051373302936554,TXL_airport_remain_operational_after_BER_opening,"After the new BER Airport has been commissioned, Tegel should definitely be closed.",The state ought to prevent murder - not avenge it.
different_topic,0.3831330195069313,TXL_airport_remain_operational_after_BER_opening,"After the new BER Airport has been commissioned, Tegel should definitely be closed.",A constant increase in rent upon a change of tenants hence cannot be desired by society.
different_topic,0.5692526005208493,TXL_airport_remain_operational_after_BER_opening,"After the new BER Airport has been commissioned, Tegel should definitely be closed.",It is quite clear that Sunday should remain a day of rest.
different_topic,0.41054041584332784,TXL_airport_remain_operational_after_BER_opening,"After the new BER Airport has been commissioned, Tegel should definitely be closed.","The BA dissertation should, if not make up the entire grade, then at least constitute a larger share of it."
different_topic,0.4770279948910077,TXL_airport_remain_operational_after_BER_opening,"After the new BER Airport has been commissioned, Tegel should definitely be closed.","Dog owners should pay higher fines for dog dirt left on pavements,"
different_topic,0.37958438528908617,TXL_airport_remain_operational_after_BER_opening,"After the new BER Airport has been commissioned, Tegel should definitely be closed.","Still, the state needs the death penalty as a deterrent to horrific crimes."
different_topic,0.42706117940985633,TXL_airport_remain_operational_after_BER_opening,"After the new BER Airport has been commissioned, Tegel should definitely be closed.",The TV license fee should only be collected from those who actually make use of the programming of the public broadcasters.
different_topic,0.4479903490455062,TXL_airport_remain_operational_after_BER_opening,"After the new BER Airport has been commissioned, Tegel should definitely be closed.",No one should have the possibility to pick up the morning-after pill over the counter at the pharmacy.
different_topic,0.3472414016723633,TXL_airport_remain_operational_after_BER_opening,"After the new BER Airport has been commissioned, Tegel should definitely be closed.",Increasing penalties is therefore the right way.
different_topic,0.5042731265227,public_broadcasting_fees_on_demand,Not everyone should be obliged to pay the TV & radio licence.,Actually it would be justified if all German universities charged tuition fees.
different_topic,0.44298803247511387,public_broadcasting_fees_on_demand,Not everyone should be obliged to pay the TV & radio licence.,Current regulations for the calculation of the total grade should therefore be maintained.
different_topic,0.40031589243723,public_broadcasting_fees_on_demand,Not everyone should be obliged to pay the TV & radio licence.,Supermarkets and shopping centres should be allowed to open on any Sundays and holidays.
different_topic,0.321602966104235,public_broadcasting_fees_on_demand,Not everyone should be obliged to pay the TV & radio licence.,"Many European countries, for instance the Netherlands, Sweden and Great Britain, have already understood this and successfully adjusted the opening hours for retailers."
different_topic,0.3070135441693393,public_broadcasting_fees_on_demand,Not everyone should be obliged to pay the TV & radio licence.,We don't need it.
different_topic,0.4369124236206214,public_broadcasting_fees_on_demand,Not everyone should be obliged to pay the TV & radio licence.,Supermarkets and shopping centres should be allowed to open any Sundays and holidays at their discretion.
different_topic,0.34421992659568784,public_broadcasting_fees_on_demand,Not everyone should be obliged to pay the TV & radio licence.,"If there were higher fines for leaving dog dirt on pavements, there would presumably be less dog dirt,"
different_topic,0.5055968886927554,public_broadcasting_fees_on_demand,Not everyone should be obliged to pay the TV & radio licence.,Germany should by no means introduce capital punishment.
same_topic,0.47953295189401374,public_broadcasting_fees_on_demand,Not everyone should be obliged to pay the TV & radio licence.,"Considering what's on television these days, it would be appropriate to only have those people pay who actually (want to) follow the programming."
different_topic,0.3991300493478775,public_broadcasting_fees_on_demand,Not everyone should be obliged to pay the TV & radio licence.,"If there must be rent increases, there should also be a cap to avoid nasty surprises."
different_topic,0.4625358683988452,public_broadcasting_fees_on_demand,Not everyone should be obliged to pay the TV & radio licence.,German universities should on no account charge tuition fees.
different_topic,0.4014614179730415,public_broadcasting_fees_on_demand,Not everyone should be obliged to pay the TV & radio licence.,Hence it is good when shops are not open on Sundays and public holidays.
different_topic,0.39744071449552265,public_broadcasting_fees_on_demand,Not everyone should be obliged to pay the TV & radio licence.,"Intelligence services should be more closely regulated by parliament,"
different_topic,0.4212873067174639,public_broadcasting_fees_on_demand,Not everyone should be obliged to pay the TV & radio licence.,"BER should be re-conceptualized from scratch,"
different_topic,0.4674162907259805,public_broadcasting_fees_on_demand,Not everyone should be obliged to pay the TV & radio licence.,the EU should not intervene in local politics.
different_topic,0.3962501642249879,public_broadcasting_fees_on_demand,Not everyone should be obliged to pay the TV & radio licence.,"The implementation of retirement at 63 is no longer socially sustainable,"
different_topic,0.40275829285383224,public_broadcasting_fees_on_demand,Not everyone should be obliged to pay the TV & radio licence.,That's why there ought to be one day a week when supermarkets and shopping centres stay closed.
same_topic,0.4587382926390721,public_broadcasting_fees_on_demand,Not everyone should be obliged to pay the TV & radio licence.,everyone should chip in.
different_topic,0.48701606903757366,public_broadcasting_fees_on_demand,Not everyone should be obliged to pay the TV & radio licence.,The state ought to prevent murder - not avenge it.
different_topic,0.38316338260968524,public_broadcasting_fees_on_demand,Not everyone should be obliged to pay the TV & radio licence.,A constant increase in rent upon a change of tenants hence cannot be desired by society.
different_topic,0.45630765457948047,public_broadcasting_fees_on_demand,Not everyone should be obliged to pay the TV & radio licence.,It is quite clear that Sunday should remain a day of rest.
different_topic,0.32665398504052845,public_broadcasting_fees_on_demand,Not everyone should be obliged to pay the TV & radio licence.,"The BA dissertation should, if not make up the entire grade, then at least constitute a larger share of it."
different_topic,0.4220327829772776,public_broadcasting_fees_on_demand,Not everyone should be obliged to pay the TV & radio licence.,"Dog owners should pay higher fines for dog dirt left on pavements,"
different_topic,0.46476408466696734,public_broadcasting_fees_on_demand,Not everyone should be obliged to pay the TV & radio licence.,"Still, the state needs the death penalty as a deterrent to horrific crimes."
same_topic,0.5581403601737249,public_broadcasting_fees_on_demand,Not everyone should be obliged to pay the TV & radio licence.,The TV license fee should only be collected from those who actually make use of the programming of the public broadcasters.
different_topic,0.3538445329666138,public_broadcasting_fees_on_demand,Not everyone should be obliged to pay the TV & radio licence.,No one should have the possibility to pick up the morning-after pill over the counter at the pharmacy.
different_topic,0.4582893940118643,public_broadcasting_fees_on_demand,Not everyone should be obliged to pay the TV & radio licence.,Increasing penalties is therefore the right way.
different_topic,0.44314697550402743,charge_tuition_fees,Actually it would be justified if all German universities charged tuition fees.,Current regulations for the calculation of the total grade should therefore be maintained.
different_topic,0.45633330583572385,charge_tuition_fees,Actually it would be justified if all German universities charged tuition fees.,Supermarkets and shopping centres should be allowed to open on any Sundays and holidays.
different_topic,0.3761278569698333,charge_tuition_fees,Actually it would be justified if all German universities charged tuition fees.,"Many European countries, for instance the Netherlands, Sweden and Great Britain, have already understood this and successfully adjusted the opening hours for retailers."
different_topic,0.29924643039703375,charge_tuition_fees,Actually it would be justified if all German universities charged tuition fees.,We don't need it.
different_topic,0.4441902522857373,charge_tuition_fees,Actually it would be justified if all German universities charged tuition fees.,Supermarkets and shopping centres should be allowed to open any Sundays and holidays at their discretion.
different_topic,0.3613128286820871,charge_tuition_fees,Actually it would be justified if all German universities charged tuition fees.,"If there were higher fines for leaving dog dirt on pavements, there would presumably be less dog dirt,"
different_topic,0.5318732566776729,charge_tuition_fees,Actually it would be justified if all German universities charged tuition fees.,Germany should by no means introduce capital punishment.
different_topic,0.5302005490660668,charge_tuition_fees,Actually it would be justified if all German universities charged tuition fees.,"Considering what's on television these days, it would be appropriate to only have those people pay who actually (want to) follow the programming."
different_topic,0.4255485744638876,charge_tuition_fees,Actually it would be justified if all German universities charged tuition fees.,"If there must be rent increases, there should also be a cap to avoid nasty surprises."
same_topic,0.7964883181783889,charge_tuition_fees,Actually it would be justified if all German universities charged tuition fees.,German universities should on no account charge tuition fees.
different_topic,0.49864737824960187,charge_tuition_fees,Actually it would be justified if all German universities charged tuition fees.,Hence it is good when shops are not open on Sundays and public holidays.
different_topic,0.4398822816817657,charge_tuition_fees,Actually it would be justified if all German universities charged tuition fees.,"Intelligence services should be more closely regulated by parliament,"
different_topic,0.405695678666234,charge_tuition_fees,Actually it would be justified if all German universities charged tuition fees.,"BER should be re-conceptualized from scratch,"
different_topic,0.43071217089891434,charge_tuition_fees,Actually it would be justified if all German universities charged tuition fees.,the EU should not intervene in local politics.
different_topic,0.48820902083231055,charge_tuition_fees,Actually it would be justified if all German universities charged tuition fees.,"The implementation of retirement at 63 is no longer socially sustainable,"
different_topic,0.44971267535136294,charge_tuition_fees,Actually it would be justified if all German universities charged tuition fees.,That's why there ought to be one day a week when supermarkets and shopping centres stay closed.
different_topic,0.32647679348786673,charge_tuition_fees,Actually it would be justified if all German universities charged tuition fees.,everyone should chip in.
different_topic,0.34324624761939043,charge_tuition_fees,Actually it would be justified if all German universities charged tuition fees.,The state ought to prevent murder - not avenge it.
different_topic,0.4670217514038086,charge_tuition_fees,Actually it would be justified if all German universities charged tuition fees.,A constant increase in rent upon a change of tenants hence cannot be desired by society.
different_topic,0.4915510579943657,charge_tuition_fees,Actually it would be justified if all German universities charged tuition fees.,It is quite clear that Sunday should remain a day of rest.
different_topic,0.3932198832432429,charge_tuition_fees,Actually it would be justified if all German universities charged tuition fees.,"The BA dissertation should, if not make up the entire grade, then at least constitute a larger share of it."
different_topic,0.43204222371180856,charge_tuition_fees,Actually it would be justified if all German universities charged tuition fees.,"Dog owners should pay higher fines for dog dirt left on pavements,"
different_topic,0.41180310977829826,charge_tuition_fees,Actually it would be justified if all German universities charged tuition fees.,"Still, the state needs the death penalty as a deterrent to horrific crimes."
different_topic,0.529317776794019,charge_tuition_fees,Actually it would be justified if all German universities charged tuition fees.,The TV license fee should only be collected from those who actually make use of the programming of the public broadcasters.
different_topic,0.40294909697991826,charge_tuition_fees,Actually it would be justified if all German universities charged tuition fees.,No one should have the possibility to pick up the morning-after pill over the counter at the pharmacy.
different_topic,0.4503136316935222,charge_tuition_fees,Actually it would be justified if all German universities charged tuition fees.,Increasing penalties is therefore the right way.
different_topic,0.42459864201753034,increase_weight_of_BA_thesis_in_final_grade,Current regulations for the calculation of the total grade should therefore be maintained.,Supermarkets and shopping centres should be allowed to open on any Sundays and holidays.
different_topic,0.3035722055605479,increase_weight_of_BA_thesis_in_final_grade,Current regulations for the calculation of the total grade should therefore be maintained.,"Many European countries, for instance the Netherlands, Sweden and Great Britain, have already understood this and successfully adjusted the opening hours for retailers."
different_topic,0.36109360781582917,increase_weight_of_BA_thesis_in_final_grade,Current regulations for the calculation of the total grade should therefore be maintained.,We don't need it.
different_topic,0.4069070319334666,increase_weight_of_BA_thesis_in_final_grade,Current regulations for the calculation of the total grade should therefore be maintained.,Supermarkets and shopping centres should be allowed to open any Sundays and holidays at their discretion.
different_topic,0.3726107811927795,increase_weight_of_BA_thesis_in_final_grade,Current regulations for the calculation of the total grade should therefore be maintained.,"If there were higher fines for leaving dog dirt on pavements, there would presumably be less dog dirt,"
different_topic,0.4960316654882933,increase_weight_of_BA_thesis_in_final_grade,Current regulations for the calculation of the total grade should therefore be maintained.,Germany should by no means introduce capital punishment.
different_topic,0.3747138640154963,increase_weight_of_BA_thesis_in_final_grade,Current regulations for the calculation of the total grade should therefore be maintained.,"Considering what's on television these days, it would be appropriate to only have those people pay who actually (want to) follow the programming."
different_topic,0.45310941338539124,increase_weight_of_BA_thesis_in_final_grade,Current regulations for the calculation of the total grade should therefore be maintained.,"If there must be rent increases, there should also be a cap to avoid nasty surprises."
different_topic,0.4409720152616501,increase_weight_of_BA_thesis_in_final_grade,Current regulations for the calculation of the total grade should therefore be maintained.,German universities should on no account charge tuition fees.
different_topic,0.42232629656791687,increase_weight_of_BA_thesis_in_final_grade,Current regulations for the calculation of the total grade should therefore be maintained.,Hence it is good when shops are not open on Sundays and public holidays.
different_topic,0.5338613674754188,increase_weight_of_BA_thesis_in_final_grade,Current regulations for the calculation of the total grade should therefore be maintained.,"Intelligence services should be more closely regulated by parliament,"
different_topic,0.4313818258898599,increase_weight_of_BA_thesis_in_final_grade,Current regulations for the calculation of the total grade should therefore be maintained.,"BER should be re-conceptualized from scratch,"
different_topic,0.5096058547496796,increase_weight_of_BA_thesis_in_final_grade,Current regulations for the calculation of the total grade should therefore be maintained.,the EU should not intervene in local politics.
different_topic,0.4437685552097502,increase_weight_of_BA_thesis_in_final_grade,Current regulations for the calculation of the total grade should therefore be maintained.,"The implementation of retirement at 63 is no longer socially sustainable,"
different_topic,0.4470397705833117,increase_weight_of_BA_thesis_in_final_grade,Current regulations for the calculation of the total grade should therefore be maintained.,That's why there ought to be one day a week when supermarkets and shopping centres stay closed.
different_topic,0.3663514714974624,increase_weight_of_BA_thesis_in_final_grade,Current regulations for the calculation of the total grade should therefore be maintained.,everyone should chip in.
different_topic,0.4236561453768185,increase_weight_of_BA_thesis_in_final_grade,Current regulations for the calculation of the total grade should therefore be maintained.,The state ought to prevent murder - not avenge it.
different_topic,0.46198602848582804,increase_weight_of_BA_thesis_in_final_grade,Current regulations for the calculation of the total grade should therefore be maintained.,A constant increase in rent upon a change of tenants hence cannot be desired by society.
different_topic,0.4989910440312491,increase_weight_of_BA_thesis_in_final_grade,Current regulations for the calculation of the total grade should therefore be maintained.,It is quite clear that Sunday should remain a day of rest.
same_topic,0.4035944363900593,increase_weight_of_BA_thesis_in_final_grade,Current regulations for the calculation of the total grade should therefore be maintained.,"The BA dissertation should, if not make up the entire grade, then at least constitute a larger share of it."
different_topic,0.4118440124121579,increase_weight_of_BA_thesis_in_final_grade,Current regulations for the calculation of the total grade should therefore be maintained.,"Dog owners should pay higher fines for dog dirt left on pavements,"
different_topic,0.3991229310631752,increase_weight_of_BA_thesis_in_final_grade,Current regulations for the calculation of the total grade should therefore be maintained.,"Still, the state needs the death penalty as a deterrent to horrific crimes."
different_topic,0.4889309065682547,increase_weight_of_BA_thesis_in_final_grade,Current regulations for the calculation of the total grade should therefore be maintained.,The TV license fee should only be collected from those who actually make use of the programming of the public broadcasters.
different_topic,0.38232826232910155,increase_weight_of_BA_thesis_in_final_grade,Current regulations for the calculation of the total grade should therefore be maintained.,No one should have the possibility to pick up the morning-after pill over the counter at the pharmacy.
different_topic,0.41403567790985113,increase_weight_of_BA_thesis_in_final_grade,Current regulations for the calculation of the total grade should therefore be maintained.,Increasing penalties is therefore the right way.
same_topic,0.5037188172340394,allow_shops_to_open_on_holidays_and_sundays,Supermarkets and shopping centres should be allowed to open on any Sundays and holidays.,"Many European countries, for instance the Netherlands, Sweden and Great Britain, have already understood this and successfully adjusted the opening hours for retailers."
different_topic,0.1813105841477712,allow_shops_to_open_on_holidays_and_sundays,Supermarkets and shopping centres should be allowed to open on any Sundays and holidays.,We don't need it.
same_topic,0.967741935483871,allow_shops_to_open_on_holidays_and_sundays,Supermarkets and shopping centres should be allowed to open on any Sundays and holidays.,Supermarkets and shopping centres should be allowed to open any Sundays and holidays at their discretion.
different_topic,0.48439377732574945,allow_shops_to_open_on_holidays_and_sundays,Supermarkets and shopping centres should be allowed to open on any Sundays and holidays.,"If there were higher fines for leaving dog dirt on pavements, there would presumably be less dog dirt,"
different_topic,0.5141998288723139,allow_shops_to_open_on_holidays_and_sundays,Supermarkets and shopping centres should be allowed to open on any Sundays and holidays.,Germany should by no means introduce capital punishment.
different_topic,0.4813429802656174,allow_shops_to_open_on_holidays_and_sundays,Supermarkets and shopping centres should be allowed to open on any Sundays and holidays.,"Considering what's on television these days, it would be appropriate to only have those people pay who actually (want to) follow the programming."
different_topic,0.510041551457511,allow_shops_to_open_on_holidays_and_sundays,Supermarkets and shopping centres should be allowed to open on any Sundays and holidays.,"If there must be rent increases, there should also be a cap to avoid nasty surprises."
different_topic,0.40760067234868586,allow_shops_to_open_on_holidays_and_sundays,Supermarkets and shopping centres should be allowed to open on any Sundays and holidays.,German universities should on no account charge tuition fees.
same_topic,0.7408713301022848,allow_shops_to_open_on_holidays_and_sundays,Supermarkets and shopping centres should be allowed to open on any Sundays and holidays.,Hence it is good when shops are not open on Sundays and public holidays.
different_topic,0.5310886736427035,allow_shops_to_open_on_holidays_and_sundays,Supermarkets and shopping centres should be allowed to open on any Sundays and holidays.,"Intelligence services should be more closely regulated by parliament,"
different_topic,0.2967407107353211,allow_shops_to_open_on_holidays_and_sundays,Supermarkets and shopping centres should be allowed to open on any Sundays and holidays.,"BER should be re-conceptualized from scratch,"
different_topic,0.3378139166604905,allow_shops_to_open_on_holidays_and_sundays,Supermarkets and shopping centres should be allowed to open on any Sundays and holidays.,the EU should not intervene in local politics.
different_topic,0.5008867872612818,allow_shops_to_open_on_holidays_and_sundays,Supermarkets and shopping centres should be allowed to open on any Sundays and holidays.,"The implementation of retirement at 63 is no longer socially sustainable,"
same_topic,0.6979116278309975,allow_shops_to_open_on_holidays_and_sundays,Supermarkets and shopping centres should be allowed to open on any Sundays and holidays.,That's why there ought to be one day a week when supermarkets and shopping centres stay closed.
different_topic,0.3691366910934448,allow_shops_to_open_on_holidays_and_sundays,Supermarkets and shopping centres should be allowed to open on any Sundays and holidays.,everyone should chip in.
different_topic,0.2757567025366284,allow_shops_to_open_on_holidays_and_sundays,Supermarkets and shopping centres should be allowed to open on any Sundays and holidays.,The state ought to prevent murder - not avenge it.
different_topic,0.3882813489437103,allow_shops_to_open_on_holidays_and_sundays,Supermarkets and shopping centres should be allowed to open on any Sundays and holidays.,A constant increase in rent upon a change of tenants hence cannot be desired by society.
same_topic,0.5915579319000244,allow_shops_to_open_on_holidays_and_sundays,Supermarkets and shopping centres should be allowed to open on any Sundays and holidays.,It is quite clear that Sunday should remain a day of rest.
different_topic,0.49390529223850793,allow_shops_to_open_on_holidays_and_sundays,Supermarkets and shopping centres should be allowed to open on any Sundays and holidays.,"The BA dissertation should, if not make up the entire grade, then at least constitute a larger share of it."
different_topic,0.5396002202198423,allow_shops_to_open_on_holidays_and_sundays,Supermarkets and shopping centres should be allowed to open on any Sundays and holidays.,"Dog owners should pay higher fines for dog dirt left on pavements,"
different_topic,0.3036295020061991,allow_shops_to_open_on_holidays_and_sundays,Supermarkets and shopping centres should be allowed to open on any Sundays and holidays.,"Still, the state needs the death penalty as a deterrent to horrific crimes."
different_topic,0.5097015670367651,allow_shops_to_open_on_holidays_and_sundays,Supermarkets and shopping centres should be allowed to open on any Sundays and holidays.,The TV license fee should only be collected from those who actually make use of the programming of the public broadcasters.
different_topic,0.5638996381312608,allow_shops_to_open_on_holidays_and_sundays,Supermarkets and shopping centres should be allowed to open on any Sundays and holidays.,No one should have the possibility to pick up the morning-after pill over the counter at the pharmacy.
different_topic,0.2777370810508728,allow_shops_to_open_on_holidays_and_sundays,Supermarkets and shopping centres should be allowed to open on any Sundays and holidays.,Increasing penalties is therefore the right way.
different_topic,0.17446522609047266,allow_shops_to_open_on_holidays_and_sundays,"Many European countries, for instance the Netherlands, Sweden and Great Britain, have already understood this and successfully adjusted the opening hours for retailers.",We don't need it.
same_topic,0.5035559402571784,allow_shops_to_open_on_holidays_and_sundays,"Many European countries, for instance the Netherlands, Sweden and Great Britain, have already understood this and successfully adjusted the opening hours for retailers.",Supermarkets and shopping centres should be allowed to open any Sundays and holidays at their discretion.
different_topic,0.4360709911262667,allow_shops_to_open_on_holidays_and_sundays,"Many European countries, for instance the Netherlands, Sweden and Great Britain, have already understood this and successfully adjusted the opening hours for retailers.","If there were higher fines for leaving dog dirt on pavements, there would presumably be less dog dirt,"
different_topic,0.46333617644925273,allow_shops_to_open_on_holidays_and_sundays,"Many European countries, for instance the Netherlands, Sweden and Great Britain, have already understood this and successfully adjusted the opening hours for retailers.",Germany should by no means introduce capital punishment.
different_topic,0.4593578134264265,allow_shops_to_open_on_holidays_and_sundays,"Many European countries, for instance the Netherlands, Sweden and Great Britain, have already understood this and successfully adjusted the opening hours for retailers.","Considering what's on television these days, it would be appropriate to only have those people pay who actually (want to) follow the programming."
different_topic,0.4271821547299623,allow_shops_to_open_on_holidays_and_sundays,"Many European countries, for instance the Netherlands, Sweden and Great Britain, have already understood this and successfully adjusted the opening hours for retailers.","If there must be rent increases, there should also be a cap to avoid nasty surprises."
different_topic,0.31350248839173994,allow_shops_to_open_on_holidays_and_sundays,"Many European countries, for instance the Netherlands, Sweden and Great Britain, have already understood this and successfully adjusted the opening hours for retailers.",German universities should on no account charge tuition fees.
same_topic,0.4440968446433544,allow_shops_to_open_on_holidays_and_sundays,"Many European countries, for instance the Netherlands, Sweden and Great Britain, have already understood this and successfully adjusted the opening hours for retailers.",Hence it is good when shops are not open on Sundays and public holidays.
different_topic,0.457675035704266,allow_shops_to_open_on_holidays_and_sundays,"Many European countries, for instance the Netherlands, Sweden and Great Britain, have already understood this and successfully adjusted the opening hours for retailers.","Intelligence services should be more closely regulated by parliament,"
different_topic,0.3246408127821409,allow_shops_to_open_on_holidays_and_sundays,"Many European countries, for instance the Netherlands, Sweden and Great Britain, have already understood this and successfully adjusted the opening hours for retailers.","BER should be re-conceptualized from scratch,"
different_topic,0.29796795432384193,allow_shops_to_open_on_holidays_and_sundays,"Many European countries, for instance the Netherlands, Sweden and Great Britain, have already understood this and successfully adjusted the opening hours for retailers.",the EU should not intervene in local politics.
different_topic,0.40620810109557526,allow_shops_to_open_on_holidays_and_sundays,"Many European countries, for instance the Netherlands, Sweden and Great Britain, have already understood this and successfully adjusted the opening hours for retailers.","The implementation of retirement at 63 is no longer socially sustainable,"
same_topic,0.5163063601487213,allow_shops_to_open_on_holidays_and_sundays,"Many European countries, for instance the Netherlands, Sweden and Great Britain, have already understood this and successfully adjusted the opening hours for retailers.",That's why there ought to be one day a week when supermarkets and shopping centres stay closed.
different_topic,0.22873254060745238,allow_shops_to_open_on_holidays_and_sundays,"Many European countries, for instance the Netherlands, Sweden and Great Britain, have already understood this and successfully adjusted the opening hours for retailers.",everyone should chip in.
different_topic,0.23459747892159677,allow_shops_to_open_on_holidays_and_sundays,"Many European countries, for instance the Netherlands, Sweden and Great Britain, have already understood this and successfully adjusted the opening hours for retailers.",The state ought to prevent murder - not avenge it.
different_topic,0.31932525237401327,allow_shops_to_open_on_holidays_and_sundays,"Many European countries, for instance the Netherlands, Sweden and Great Britain, have already understood this and successfully adjusted the opening hours for retailers.",A constant increase in rent upon a change of tenants hence cannot be desired by society.
same_topic,0.42471270958582563,allow_shops_to_open_on_holidays_and_sundays,"Many European countries, for instance the Netherlands, Sweden and Great Britain, have already understood this and successfully adjusted the opening hours for retailers.",It is quite clear that Sunday should remain a day of rest.
different_topic,0.4937217697501183,allow_shops_to_open_on_holidays_and_sundays,"Many European countries, for instance the Netherlands, Sweden and Great Britain, have already understood this and successfully adjusted the opening hours for retailers.","The BA dissertation should, if not make up the entire grade, then at least constitute a larger share of it."
different_topic,0.44197409643846397,allow_shops_to_open_on_holidays_and_sundays,"Many European countries, for instance the Netherlands, Sweden and Great Britain, have already understood this and successfully adjusted the opening hours for retailers.","Dog owners should pay higher fines for dog dirt left on pavements,"
different_topic,0.30495379013674595,allow_shops_to_open_on_holidays_and_sundays,"Many European countries, for instance the Netherlands, Sweden and Great Britain, have already understood this and successfully adjusted the opening hours for retailers.","Still, the state needs the death penalty as a deterrent to horrific crimes."
different_topic,0.3726225770784147,allow_shops_to_open_on_holidays_and_sundays,"Many European countries, for instance the Netherlands, Sweden and Great Britain, have already understood this and successfully adjusted the opening hours for retailers.",The TV license fee should only be collected from those who actually make use of the programming of the public broadcasters.
different_topic,0.45103842744956146,allow_shops_to_open_on_holidays_and_sundays,"Many European countries, for instance the Netherlands, Sweden and Great Britain, have already understood this and successfully adjusted the opening hours for retailers.",No one should have the possibility to pick up the morning-after pill over the counter at the pharmacy.
different_topic,0.26775501489639286,allow_shops_to_open_on_holidays_and_sundays,"Many European countries, for instance the Netherlands, Sweden and Great Britain, have already understood this and successfully adjusted the opening hours for retailers.",Increasing penalties is therefore the right way.
different_topic,0.1717679218242043,introduce_capital_punishment,We don't need it.,Supermarkets and shopping centres should be allowed to open any Sundays and holidays at their discretion.
different_topic,0.20207356810569763,introduce_capital_punishment,We don't need it.,"If there were higher fines for leaving dog dirt on pavements, there would presumably be less dog dirt,"
same_topic,0.2790311276912689,introduce_capital_punishment,We don't need it.,Germany should by no means introduce capital punishment.
different_topic,0.2826886309517755,introduce_capital_punishment,We don't need it.,"Considering what's on television these days, it would be appropriate to only have those people pay who actually (want to) follow the programming."
different_topic,0.25668557484944665,introduce_capital_punishment,We don't need it.,"If there must be rent increases, there should also be a cap to avoid nasty surprises."
different_topic,0.2596001516688954,introduce_capital_punishment,We don't need it.,German universities should on no account charge tuition fees.
different_topic,0.2407981276512146,introduce_capital_punishment,We don't need it.,Hence it is good when shops are not open on Sundays and public holidays.
different_topic,0.24415223672986025,introduce_capital_punishment,We don't need it.,"Intelligence services should be more closely regulated by parliament,"
different_topic,0.406794269879659,introduce_capital_punishment,We don't need it.,"BER should be re-conceptualized from scratch,"
different_topic,0.46563767062293154,introduce_capital_punishment,We don't need it.,the EU should not intervene in local politics.
different_topic,0.24716868251562116,introduce_capital_punishment,We don't need it.,"The implementation of retirement at 63 is no longer socially sustainable,"
different_topic,0.20883659940016897,introduce_capital_punishment,We don't need it.,That's why there ought to be one day a week when supermarkets and shopping centres stay closed.
different_topic,0.35427810996770864,introduce_capital_punishment,We don't need it.,everyone should chip in.
same_topic,0.30796640449100066,introduce_capital_punishment,We don't need it.,The state ought to prevent murder - not avenge it.
different_topic,0.2978653678527245,introduce_capital_punishment,We don't need it.,A constant increase in rent upon a change of tenants hence cannot be desired by society.
different_topic,0.26933577427497274,introduce_capital_punishment,We don't need it.,It is quite clear that Sunday should remain a day of rest.
different_topic,0.17251719080883524,introduce_capital_punishment,We don't need it.,"The BA dissertation should, if not make up the entire grade, then at least constitute a larger share of it."
different_topic,0.24111268099616553,introduce_capital_punishment,We don't need it.,"Dog owners should pay higher fines for dog dirt left on pavements,"
same_topic,0.38970330628481775,introduce_capital_punishment,We don't need it.,"Still, the state needs the death penalty as a deterrent to horrific crimes."
different_topic,0.2561822235584259,introduce_capital_punishment,We don't need it.,The TV license fee should only be collected from those who actually make use of the programming of the public broadcasters.
different_topic,0.1983947694301605,introduce_capital_punishment,We don't need it.,No one should have the possibility to pick up the morning-after pill over the counter at the pharmacy.
different_topic,0.4692346751689911,introduce_capital_punishment,We don't need it.,Increasing penalties is therefore the right way.
different_topic,0.4772471261746956,allow_shops_to_open_on_holidays_and_sundays,Supermarkets and shopping centres should be allowed to open any Sundays and holidays at their discretion.,"If there were higher fines for leaving dog dirt on pavements, there would presumably be less dog dirt,"
different_topic,0.5017213313667863,allow_shops_to_open_on_holidays_and_sundays,Supermarkets and shopping centres should be allowed to open any Sundays and holidays at their discretion.,Germany should by no means introduce capital punishment.
different_topic,0.4844639349368311,allow_shops_to_open_on_holidays_and_sundays,Supermarkets and shopping centres should be allowed to open any Sundays and holidays at their discretion.,"Considering what's on television these days, it would be appropriate to only have those people pay who actually (want to) follow the programming."
different_topic,0.49620661565235685,allow_shops_to_open_on_holidays_and_sundays,Supermarkets and shopping centres should be allowed to open any Sundays and holidays at their discretion.,"If there must be rent increases, there should also be a cap to avoid nasty surprises."
different_topic,0.390617311000824,allow_shops_to_open_on_holidays_and_sundays,Supermarkets and shopping centres should be allowed to open any Sundays and holidays at their discretion.,German universities should on no account charge tuition fees.
same_topic,0.7144116397414888,allow_shops_to_open_on_holidays_and_sundays,Supermarkets and shopping centres should be allowed to open any Sundays and holidays at their discretion.,Hence it is good when shops are not open on Sundays and public holidays.
different_topic,0.5127752711032999,allow_shops_to_open_on_holidays_and_sundays,Supermarkets and shopping centres should be allowed to open any Sundays and holidays at their discretion.,"Intelligence services should be more closely regulated by parliament,"
different_topic,0.2832524966109883,allow_shops_to_open_on_holidays_and_sundays,Supermarkets and shopping centres should be allowed to open any Sundays and holidays at their discretion.,"BER should be re-conceptualized from scratch,"
different_topic,0.3224587386304682,allow_shops_to_open_on_holidays_and_sundays,Supermarkets and shopping centres should be allowed to open any Sundays and holidays at their discretion.,the EU should not intervene in local politics.
different_topic,0.4854273672761588,allow_shops_to_open_on_holidays_and_sundays,Supermarkets and shopping centres should be allowed to open any Sundays and holidays at their discretion.,"The implementation of retirement at 63 is no longer socially sustainable,"
same_topic,0.6871882155537605,allow_shops_to_open_on_holidays_and_sundays,Supermarkets and shopping centres should be allowed to open any Sundays and holidays at their discretion.,That's why there ought to be one day a week when supermarkets and shopping centres stay closed.
different_topic,0.3515587534223284,allow_shops_to_open_on_holidays_and_sundays,Supermarkets and shopping centres should be allowed to open any Sundays and holidays at their discretion.,everyone should chip in.
different_topic,0.28502430699088355,allow_shops_to_open_on_holidays_and_sundays,Supermarkets and shopping centres should be allowed to open any Sundays and holidays at their discretion.,The state ought to prevent murder - not avenge it.
different_topic,0.37735075331651247,allow_shops_to_open_on_holidays_and_sundays,Supermarkets and shopping centres should be allowed to open any Sundays and holidays at their discretion.,A constant increase in rent upon a change of tenants hence cannot be desired by society.
same_topic,0.5744944077271682,allow_shops_to_open_on_holidays_and_sundays,Supermarkets and shopping centres should be allowed to open any Sundays and holidays at their discretion.,It is quite clear that Sunday should remain a day of rest.
different_topic,0.4920620272556941,allow_shops_to_open_on_holidays_and_sundays,Supermarkets and shopping centres should be allowed to open any Sundays and holidays at their discretion.,"The BA dissertation should, if not make up the entire grade, then at least constitute a larger share of it."
different_topic,0.521874725818634,allow_shops_to_open_on_holidays_and_sundays,Supermarkets and shopping centres should be allowed to open any Sundays and holidays at their discretion.,"Dog owners should pay higher fines for dog dirt left on pavements,"
different_topic,0.29097827275594074,allow_shops_to_open_on_holidays_and_sundays,Supermarkets and shopping centres should be allowed to open any Sundays and holidays at their discretion.,"Still, the state needs the death penalty as a deterrent to horrific crimes."
different_topic,0.5535871761626211,allow_shops_to_open_on_holidays_and_sundays,Supermarkets and shopping centres should be allowed to open any Sundays and holidays at their discretion.,The TV license fee should only be collected from those who actually make use of the programming of the public broadcasters.
different_topic,0.5594207617369567,allow_shops_to_open_on_holidays_and_sundays,Supermarkets and shopping centres should be allowed to open any Sundays and holidays at their discretion.,No one should have the possibility to pick up the morning-after pill over the counter at the pharmacy.
different_topic,0.2754967865489778,allow_shops_to_open_on_holidays_and_sundays,Supermarkets and shopping centres should be allowed to open any Sundays and holidays at their discretion.,Increasing penalties is therefore the right way.
different_topic,0.5067160502076149,higher_dog_poo_fines,"If there were higher fines for leaving dog dirt on pavements, there would presumably be less dog dirt,",Germany should by no means introduce capital punishment.
different_topic,0.4493429968133568,higher_dog_poo_fines,"If there were higher fines for leaving dog dirt on pavements, there would presumably be less dog dirt,","Considering what's on television these days, it would be appropriate to only have those people pay who actually (want to) follow the programming."
different_topic,0.5766442448928438,higher_dog_poo_fines,"If there were higher fines for leaving dog dirt on pavements, there would presumably be less dog dirt,","If there must be rent increases, there should also be a cap to avoid nasty surprises."
different_topic,0.2819460678100586,higher_dog_poo_fines,"If there were higher fines for leaving dog dirt on pavements, there would presumably be less dog dirt,",German universities should on no account charge tuition fees.
different_topic,0.4539297531391012,higher_dog_poo_fines,"If there were higher fines for leaving dog dirt on pavements, there would presumably be less dog dirt,",Hence it is good when shops are not open on Sundays and public holidays.
different_topic,0.5751337885856628,higher_dog_poo_fines,"If there were higher fines for leaving dog dirt on pavements, there would presumably be less dog dirt,","Intelligence services should be more closely regulated by parliament,"
different_topic,0.30131557972534845,higher_dog_poo_fines,"If there were higher fines for leaving dog dirt on pavements, there would presumably be less dog dirt,","BER should be re-conceptualized from scratch,"
different_topic,0.2823521235714788,higher_dog_poo_fines,"If there were higher fines for leaving dog dirt on pavements, there would presumably be less dog dirt,",the EU should not intervene in local politics.
different_topic,0.4796640614668528,higher_dog_poo_fines,"If there were higher fines for leaving dog dirt on pavements, there would presumably be less dog dirt,","The implementation of retirement at 63 is no longer socially sustainable,"
different_topic,0.6378061970074972,higher_dog_poo_fines,"If there were higher fines for leaving dog dirt on pavements, there would presumably be less dog dirt,",That's why there ought to be one day a week when supermarkets and shopping centres stay closed.
different_topic,0.33706391941417346,higher_dog_poo_fines,"If there were higher fines for leaving dog dirt on pavements, there would presumably be less dog dirt,",everyone should chip in.
different_topic,0.2720155301301376,higher_dog_poo_fines,"If there were higher fines for leaving dog dirt on pavements, there would presumably be less dog dirt,",The state ought to prevent murder - not avenge it.
different_topic,0.35953524819126836,higher_dog_poo_fines,"If there were higher fines for leaving dog dirt on pavements, there would presumably be less dog dirt,",A constant increase in rent upon a change of tenants hence cannot be desired by society.
different_topic,0.47166821029451156,higher_dog_poo_fines,"If there were higher fines for leaving dog dirt on pavements, there would presumably be less dog dirt,",It is quite clear that Sunday should remain a day of rest.
different_topic,0.5635418255586883,higher_dog_poo_fines,"If there were higher fines for leaving dog dirt on pavements, there would presumably be less dog dirt,","The BA dissertation should, if not make up the entire grade, then at least constitute a larger share of it."
same_topic,0.7791559100151062,higher_dog_poo_fines,"If there were higher fines for leaving dog dirt on pavements, there would presumably be less dog dirt,","Dog owners should pay higher fines for dog dirt left on pavements,"
different_topic,0.29055201292037963,higher_dog_poo_fines,"If there were higher fines for leaving dog dirt on pavements, there would presumably be less dog dirt,","Still, the state needs the death penalty as a deterrent to horrific crimes."
different_topic,0.3991557389497757,higher_dog_poo_fines,"If there were higher fines for leaving dog dirt on pavements, there would presumably be less dog dirt,",The TV license fee should only be collected from those who actually make use of the programming of the public broadcasters.
different_topic,0.5195708410704837,higher_dog_poo_fines,"If there were higher fines for leaving dog dirt on pavements, there would presumably be less dog dirt,",No one should have the possibility to pick up the morning-after pill over the counter at the pharmacy.
same_topic,0.3417449837381189,higher_dog_poo_fines,"If there were higher fines for leaving dog dirt on pavements, there would presumably be less dog dirt,",Increasing penalties is therefore the right way.
different_topic,0.4427461893512653,introduce_capital_punishment,Germany should by no means introduce capital punishment.,"Considering what's on television these days, it would be appropriate to only have those people pay who actually (want to) follow the programming."
different_topic,0.5013967130495155,introduce_capital_punishment,Germany should by no means introduce capital punishment.,"If there must be rent increases, there should also be a cap to avoid nasty surprises."
different_topic,0.48081709052387034,introduce_capital_punishment,Germany should by no means introduce capital punishment.,German universities should on no account charge tuition fees.
different_topic,0.5175176742284194,introduce_capital_punishment,Germany should by no means introduce capital punishment.,Hence it is good when shops are not open on Sundays and public holidays.
different_topic,0.6670224269231161,introduce_capital_punishment,Germany should by no means introduce capital punishment.,"Intelligence services should be more closely regulated by parliament,"
different_topic,0.432693295619067,introduce_capital_punishment,Germany should by no means introduce capital punishment.,"BER should be re-conceptualized from scratch,"
different_topic,0.5078732686884263,introduce_capital_punishment,Germany should by no means introduce capital punishment.,the EU should not intervene in local politics.
different_topic,0.60919950902462,introduce_capital_punishment,Germany should by no means introduce capital punishment.,"The implementation of retirement at 63 is no longer socially sustainable,"
different_topic,0.5758276714218987,introduce_capital_punishment,Germany should by no means introduce capital punishment.,That's why there ought to be one day a week when supermarkets and shopping centres stay closed.
different_topic,0.4212134629487992,introduce_capital_punishment,Germany should by no means introduce capital punishment.,everyone should chip in.
same_topic,0.3805992357871112,introduce_capital_punishment,Germany should by no means introduce capital punishment.,The state ought to prevent murder - not avenge it.
different_topic,0.4487893560103008,introduce_capital_punishment,Germany should by no means introduce capital punishment.,A constant increase in rent upon a change of tenants hence cannot be desired by society.
different_topic,0.575823045912243,introduce_capital_punishment,Germany should by no means introduce capital punishment.,It is quite clear that Sunday should remain a day of rest.
different_topic,0.5285588329838168,introduce_capital_punishment,Germany should by no means introduce capital punishment.,"The BA dissertation should, if not make up the entire grade, then at least constitute a larger share of it."
different_topic,0.4903079396486282,introduce_capital_punishment,Germany should by no means introduce capital punishment.,"Dog owners should pay higher fines for dog dirt left on pavements,"
same_topic,0.4394853083710921,introduce_capital_punishment,Germany should by no means introduce capital punishment.,"Still, the state needs the death penalty as a deterrent to horrific crimes."
different_topic,0.45579471640909713,introduce_capital_punishment,Germany should by no means introduce capital punishment.,The TV license fee should only be collected from those who actually make use of the programming of the public broadcasters.
different_topic,0.5651024633220264,introduce_capital_punishment,Germany should by no means introduce capital punishment.,No one should have the possibility to pick up the morning-after pill over the counter at the pharmacy.
different_topic,0.40608672052621836,introduce_capital_punishment,Germany should by no means introduce capital punishment.,Increasing penalties is therefore the right way.
different_topic,0.44408983764825044,public_broadcasting_fees_on_demand,"Considering what's on television these days, it would be appropriate to only have those people pay who actually (want to) follow the programming.","If there must be rent increases, there should also be a cap to avoid nasty surprises."
different_topic,0.34458109866017883,public_broadcasting_fees_on_demand,"Considering what's on television these days, it would be appropriate to only have those people pay who actually (want to) follow the programming.",German universities should on no account charge tuition fees.
different_topic,0.5030745080223791,public_broadcasting_fees_on_demand,"Considering what's on television these days, it would be appropriate to only have those people pay who actually (want to) follow the programming.",Hence it is good when shops are not open on Sundays and public holidays.
different_topic,0.43816460615822245,public_broadcasting_fees_on_demand,"Considering what's on television these days, it would be appropriate to only have those people pay who actually (want to) follow the programming.","Intelligence services should be more closely regulated by parliament,"
different_topic,0.34376428524653113,public_broadcasting_fees_on_demand,"Considering what's on television these days, it would be appropriate to only have those people pay who actually (want to) follow the programming.","BER should be re-conceptualized from scratch,"
different_topic,0.3424621706917172,public_broadcasting_fees_on_demand,"Considering what's on television these days, it would be appropriate to only have those people pay who actually (want to) follow the programming.",the EU should not intervene in local politics.
different_topic,0.525861092443977,public_broadcasting_fees_on_demand,"Considering what's on television these days, it would be appropriate to only have those people pay who actually (want to) follow the programming.","The implementation of retirement at 63 is no longer socially sustainable,"
different_topic,0.6050589324966554,public_broadcasting_fees_on_demand,"Considering what's on television these days, it would be appropriate to only have those people pay who actually (want to) follow the programming.",That's why there ought to be one day a week when supermarkets and shopping centres stay closed.
same_topic,0.25037100762128833,public_broadcasting_fees_on_demand,"Considering what's on television these days, it would be appropriate to only have those people pay who actually (want to) follow the programming.",everyone should chip in.
different_topic,0.2660675389426095,public_broadcasting_fees_on_demand,"Considering what's on television these days, it would be appropriate to only have those people pay who actually (want to) follow the programming.",The state ought to prevent murder - not avenge it.
different_topic,0.47602494001388546,public_broadcasting_fees_on_demand,"Considering what's on television these days, it would be appropriate to only have those people pay who actually (want to) follow the programming.",A constant increase in rent upon a change of tenants hence cannot be desired by society.
different_topic,0.4571465623378754,public_broadcasting_fees_on_demand,"Considering what's on television these days, it would be appropriate to only have those people pay who actually (want to) follow the programming.",It is quite clear that Sunday should remain a day of rest.
different_topic,0.48881369744028363,public_broadcasting_fees_on_demand,"Considering what's on television these days, it would be appropriate to only have those people pay who actually (want to) follow the programming.","The BA dissertation should, if not make up the entire grade, then at least constitute a larger share of it."
different_topic,0.5328668854359924,public_broadcasting_fees_on_demand,"Considering what's on television these days, it would be appropriate to only have those people pay who actually (want to) follow the programming.","Dog owners should pay higher fines for dog dirt left on pavements,"
different_topic,0.4085134760193203,public_broadcasting_fees_on_demand,"Considering what's on television these days, it would be appropriate to only have those people pay who actually (want to) follow the programming.","Still, the state needs the death penalty as a deterrent to horrific crimes."
same_topic,0.6685856383826051,public_broadcasting_fees_on_demand,"Considering what's on television these days, it would be appropriate to only have those people pay who actually (want to) follow the programming.",The TV license fee should only be collected from those who actually make use of the programming of the public broadcasters.
different_topic,0.5392678109928966,public_broadcasting_fees_on_demand,"Considering what's on television these days, it would be appropriate to only have those people pay who actually (want to) follow the programming.",No one should have the possibility to pick up the morning-after pill over the counter at the pharmacy.
different_topic,0.4138025939464569,public_broadcasting_fees_on_demand,"Considering what's on television these days, it would be appropriate to only have those people pay who actually (want to) follow the programming.",Increasing penalties is therefore the right way.
different_topic,0.34181123971939087,cap_rent_increases,"If there must be rent increases, there should also be a cap to avoid nasty surprises.",German universities should on no account charge tuition fees.
different_topic,0.4782938100397586,cap_rent_increases,"If there must be rent increases, there should also be a cap to avoid nasty surprises.",Hence it is good when shops are not open on Sundays and public holidays.
different_topic,0.5939137339591979,cap_rent_increases,"If there must be rent increases, there should also be a cap to avoid nasty surprises.","Intelligence services should be more closely regulated by parliament,"
different_topic,0.36900671654277384,cap_rent_increases,"If there must be rent increases, there should also be a cap to avoid nasty surprises.","BER should be re-conceptualized from scratch,"
different_topic,0.34049913949436605,cap_rent_increases,"If there must be rent increases, there should also be a cap to avoid nasty surprises.",the EU should not intervene in local politics.
different_topic,0.45156515717506407,cap_rent_increases,"If there must be rent increases, there should also be a cap to avoid nasty surprises.","The implementation of retirement at 63 is no longer socially sustainable,"
different_topic,0.589599221944809,cap_rent_increases,"If there must be rent increases, there should also be a cap to avoid nasty surprises.",That's why there ought to be one day a week when supermarkets and shopping centres stay closed.
different_topic,0.45582588279948516,cap_rent_increases,"If there must be rent increases, there should also be a cap to avoid nasty surprises.",everyone should chip in.
different_topic,0.3391696645153894,cap_rent_increases,"If there must be rent increases, there should also be a cap to avoid nasty surprises.",The state ought to prevent murder - not avenge it.
same_topic,0.5510229529304939,cap_rent_increases,"If there must be rent increases, there should also be a cap to avoid nasty surprises.",A constant increase in rent upon a change of tenants hence cannot be desired by society.
different_topic,0.5583686578002844,cap_rent_increases,"If there must be rent increases, there should also be a cap to avoid nasty surprises.",It is quite clear that Sunday should remain a day of rest.
different_topic,0.5008180160075426,cap_rent_increases,"If there must be rent increases, there should also be a cap to avoid nasty surprises.","The BA dissertation should, if not make up the entire grade, then at least constitute a larger share of it."
different_topic,0.5799130545212672,cap_rent_increases,"If there must be rent increases, there should also be a cap to avoid nasty surprises.","Dog owners should pay higher fines for dog dirt left on pavements,"
different_topic,0.36059722006320954,cap_rent_increases,"If there must be rent increases, there should also be a cap to avoid nasty surprises.","Still, the state needs the death penalty as a deterrent to horrific crimes."
different_topic,0.4558669686317444,cap_rent_increases,"If there must be rent increases, there should also be a cap to avoid nasty surprises.",The TV license fee should only be collected from those who actually make use of the programming of the public broadcasters.
different_topic,0.4643798264963873,cap_rent_increases,"If there must be rent increases, there should also be a cap to avoid nasty surprises.",No one should have the possibility to pick up the morning-after pill over the counter at the pharmacy.
different_topic,0.4143528798047234,cap_rent_increases,"If there must be rent increases, there should also be a cap to avoid nasty surprises.",Increasing penalties is therefore the right way.
different_topic,0.41040127575397495,charge_tuition_fees,German universities should on no account charge tuition fees.,Hence it is good when shops are not open on Sundays and public holidays.
different_topic,0.3938981081758227,charge_tuition_fees,German universities should on no account charge tuition fees.,"Intelligence services should be more closely regulated by parliament,"
different_topic,0.42509134858846664,charge_tuition_fees,German universities should on no account charge tuition fees.,"BER should be re-conceptualized from scratch,"
different_topic,0.5203949170453208,charge_tuition_fees,German universities should on no account charge tuition fees.,the EU should not intervene in local politics.
different_topic,0.38313654065132136,charge_tuition_fees,German universities should on no account charge tuition fees.,"The implementation of retirement at 63 is no longer socially sustainable,"
different_topic,0.3496549154321352,charge_tuition_fees,German universities should on no account charge tuition fees.,That's why there ought to be one day a week when supermarkets and shopping centres stay closed.
different_topic,0.33744430026182765,charge_tuition_fees,German universities should on no account charge tuition fees.,everyone should chip in.
different_topic,0.4062547364405223,charge_tuition_fees,German universities should on no account charge tuition fees.,The state ought to prevent murder - not avenge it.
different_topic,0.3659109506342146,charge_tuition_fees,German universities should on no account charge tuition fees.,A constant increase in rent upon a change of tenants hence cannot be desired by society.
different_topic,0.47595133508245147,charge_tuition_fees,German universities should on no account charge tuition fees.,It is quite clear that Sunday should remain a day of rest.
different_topic,0.30859239718743736,charge_tuition_fees,German universities should on no account charge tuition fees.,"The BA dissertation should, if not make up the entire grade, then at least constitute a larger share of it."
different_topic,0.37030557881702075,charge_tuition_fees,German universities should on no account charge tuition fees.,"Dog owners should pay higher fines for dog dirt left on pavements,"
different_topic,0.37969646696001297,charge_tuition_fees,German universities should on no account charge tuition fees.,"Still, the state needs the death penalty as a deterrent to horrific crimes."
different_topic,0.454840905609585,charge_tuition_fees,German universities should on no account charge tuition fees.,The TV license fee should only be collected from those who actually make use of the programming of the public broadcasters.
different_topic,0.3365038275718689,charge_tuition_fees,German universities should on no account charge tuition fees.,No one should have the possibility to pick up the morning-after pill over the counter at the pharmacy.
different_topic,0.3258376992665804,charge_tuition_fees,German universities should on no account charge tuition fees.,Increasing penalties is therefore the right way.
different_topic,0.5209026098251343,allow_shops_to_open_on_holidays_and_sundays,Hence it is good when shops are not open on Sundays and public holidays.,"Intelligence services should be more closely regulated by parliament,"
different_topic,0.3022566901312934,allow_shops_to_open_on_holidays_and_sundays,Hence it is good when shops are not open on Sundays and public holidays.,"BER should be re-conceptualized from scratch,"
different_topic,0.35228375262684286,allow_shops_to_open_on_holidays_and_sundays,Hence it is good when shops are not open on Sundays and public holidays.,the EU should not intervene in local politics.
different_topic,0.494902617931366,allow_shops_to_open_on_holidays_and_sundays,Hence it is good when shops are not open on Sundays and public holidays.,"The implementation of retirement at 63 is no longer socially sustainable,"
same_topic,0.6549109773976463,allow_shops_to_open_on_holidays_and_sundays,Hence it is good when shops are not open on Sundays and public holidays.,That's why there ought to be one day a week when supermarkets and shopping centres stay closed.
different_topic,0.3249333886539235,allow_shops_to_open_on_holidays_and_sundays,Hence it is good when shops are not open on Sundays and public holidays.,everyone should chip in.
different_topic,0.2703135775195228,allow_shops_to_open_on_holidays_and_sundays,Hence it is good when shops are not open on Sundays and public holidays.,The state ought to prevent murder - not avenge it.
different_topic,0.40545128014954657,allow_shops_to_open_on_holidays_and_sundays,Hence it is good when shops are not open on Sundays and public holidays.,A constant increase in rent upon a change of tenants hence cannot be desired by society.
same_topic,0.6461216536435214,allow_shops_to_open_on_holidays_and_sundays,Hence it is good when shops are not open on Sundays and public holidays.,It is quite clear that Sunday should remain a day of rest.
different_topic,0.4244146384298801,allow_shops_to_open_on_holidays_and_sundays,Hence it is good when shops are not open on Sundays and public holidays.,"The BA dissertation should, if not make up the entire grade, then at least constitute a larger share of it."
different_topic,0.5113887867102256,allow_shops_to_open_on_holidays_and_sundays,Hence it is good when shops are not open on Sundays and public holidays.,"Dog owners should pay higher fines for dog dirt left on pavements,"
different_topic,0.351011061668396,allow_shops_to_open_on_holidays_and_sundays,Hence it is good when shops are not open on Sundays and public holidays.,"Still, the state needs the death penalty as a deterrent to horrific crimes."
different_topic,0.4879079341888427,allow_shops_to_open_on_holidays_and_sundays,Hence it is good when shops are not open on Sundays and public holidays.,The TV license fee should only be collected from those who actually make use of the programming of the public broadcasters.
different_topic,0.5848697835001452,allow_shops_to_open_on_holidays_and_sundays,Hence it is good when shops are not open on Sundays and public holidays.,No one should have the possibility to pick up the morning-after pill over the counter at the pharmacy.
different_topic,0.44372416243833657,allow_shops_to_open_on_holidays_and_sundays,Hence it is good when shops are not open on Sundays and public holidays.,Increasing penalties is therefore the right way.
different_topic,0.3989809971106679,stricter_regulation_of_intelligence_services,"Intelligence services should be more closely regulated by parliament,","BER should be re-conceptualized from scratch,"
different_topic,0.4306699884565253,stricter_regulation_of_intelligence_services,"Intelligence services should be more closely regulated by parliament,",the EU should not intervene in local politics.
different_topic,0.5364219890191004,stricter_regulation_of_intelligence_services,"Intelligence services should be more closely regulated by parliament,","The implementation of retirement at 63 is no longer socially sustainable,"
different_topic,0.6474654941723265,stricter_regulation_of_intelligence_services,"Intelligence services should be more closely regulated by parliament,",That's why there ought to be one day a week when supermarkets and shopping centres stay closed.
different_topic,0.4149886137909359,stricter_regulation_of_intelligence_services,"Intelligence services should be more closely regulated by parliament,",everyone should chip in.
different_topic,0.3333336459962945,stricter_regulation_of_intelligence_services,"Intelligence services should be more closely regulated by parliament,",The state ought to prevent murder - not avenge it.
different_topic,0.42997055986653204,stricter_regulation_of_intelligence_services,"Intelligence services should be more closely regulated by parliament,",A constant increase in rent upon a change of tenants hence cannot be desired by society.
different_topic,0.6422833100609158,stricter_regulation_of_intelligence_services,"Intelligence services should be more closely regulated by parliament,",It is quite clear that Sunday should remain a day of rest.
different_topic,0.5663407065651633,stricter_regulation_of_intelligence_services,"Intelligence services should be more closely regulated by parliament,","The BA dissertation should, if not make up the entire grade, then at least constitute a larger share of it."
different_topic,0.5809115121761957,stricter_regulation_of_intelligence_services,"Intelligence services should be more closely regulated by parliament,","Dog owners should pay higher fines for dog dirt left on pavements,"
different_topic,0.3418442323094323,stricter_regulation_of_intelligence_services,"Intelligence services should be more closely regulated by parliament,","Still, the state needs the death penalty as a deterrent to horrific crimes."
different_topic,0.5065283110150351,stricter_regulation_of_intelligence_services,"Intelligence services should be more closely regulated by parliament,",The TV license fee should only be collected from those who actually make use of the programming of the public broadcasters.
different_topic,0.5531012554963429,stricter_regulation_of_intelligence_services,"Intelligence services should be more closely regulated by parliament,",No one should have the possibility to pick up the morning-after pill over the counter at the pharmacy.
different_topic,0.3554010424349043,stricter_regulation_of_intelligence_services,"Intelligence services should be more closely regulated by parliament,",Increasing penalties is therefore the right way.
different_topic,0.5270019099116325,TXL_airport_remain_operational_after_BER_opening,"BER should be re-conceptualized from scratch,",the EU should not intervene in local politics.
different_topic,0.2791157537385038,TXL_airport_remain_operational_after_BER_opening,"BER should be re-conceptualized from scratch,","The implementation of retirement at 63 is no longer socially sustainable,"
different_topic,0.3115908747369593,TXL_airport_remain_operational_after_BER_opening,"BER should be re-conceptualized from scratch,",That's why there ought to be one day a week when supermarkets and shopping centres stay closed.
different_topic,0.39130345664241095,TXL_airport_remain_operational_after_BER_opening,"BER should be re-conceptualized from scratch,",everyone should chip in.
different_topic,0.4095783730347951,TXL_airport_remain_operational_after_BER_opening,"BER should be re-conceptualized from scratch,",The state ought to prevent murder - not avenge it.
different_topic,0.3639108221977949,TXL_airport_remain_operational_after_BER_opening,"BER should be re-conceptualized from scratch,",A constant increase in rent upon a change of tenants hence cannot be desired by society.
different_topic,0.43840485624969006,TXL_airport_remain_operational_after_BER_opening,"BER should be re-conceptualized from scratch,",It is quite clear that Sunday should remain a day of rest.
different_topic,0.2944392951635214,TXL_airport_remain_operational_after_BER_opening,"BER should be re-conceptualized from scratch,","The BA dissertation should, if not make up the entire grade, then at least constitute a larger share of it."
different_topic,0.3746457234025002,TXL_airport_remain_operational_after_BER_opening,"BER should be re-conceptualized from scratch,","Dog owners should pay higher fines for dog dirt left on pavements,"
different_topic,0.381342643073627,TXL_airport_remain_operational_after_BER_opening,"BER should be re-conceptualized from scratch,","Still, the state needs the death penalty as a deterrent to horrific crimes."
different_topic,0.38737401366233826,TXL_airport_remain_operational_after_BER_opening,"BER should be re-conceptualized from scratch,",The TV license fee should only be collected from those who actually make use of the programming of the public broadcasters.
different_topic,0.29598165854163794,TXL_airport_remain_operational_after_BER_opening,"BER should be re-conceptualized from scratch,",No one should have the possibility to pick up the morning-after pill over the counter at the pharmacy.
different_topic,0.4479752589355816,TXL_airport_remain_operational_after_BER_opening,"BER should be re-conceptualized from scratch,",Increasing penalties is therefore the right way.
different_topic,0.301359236240387,EU_influence_on_political_events_in_Ukraine,the EU should not intervene in local politics.,"The implementation of retirement at 63 is no longer socially sustainable,"
different_topic,0.3473206948150288,EU_influence_on_political_events_in_Ukraine,the EU should not intervene in local politics.,That's why there ought to be one day a week when supermarkets and shopping centres stay closed.
different_topic,0.4069245769218965,EU_influence_on_political_events_in_Ukraine,the EU should not intervene in local politics.,everyone should chip in.
different_topic,0.47670305023590726,EU_influence_on_political_events_in_Ukraine,the EU should not intervene in local politics.,The state ought to prevent murder - not avenge it.
different_topic,0.3466869182884693,EU_influence_on_political_events_in_Ukraine,the EU should not intervene in local politics.,A constant increase in rent upon a change of tenants hence cannot be desired by society.
different_topic,0.459579911082983,EU_influence_on_political_events_in_Ukraine,the EU should not intervene in local politics.,It is quite clear that Sunday should remain a day of rest.
different_topic,0.29150337668565607,EU_influence_on_political_events_in_Ukraine,the EU should not intervene in local politics.,"The BA dissertation should, if not make up the entire grade, then at least constitute a larger share of it."
different_topic,0.33547324240207677,EU_influence_on_political_events_in_Ukraine,the EU should not intervene in local politics.,"Dog owners should pay higher fines for dog dirt left on pavements,"
different_topic,0.4943027070590427,EU_influence_on_political_events_in_Ukraine,the EU should not intervene in local politics.,"Still, the state needs the death penalty as a deterrent to horrific crimes."
different_topic,0.3837481737136841,EU_influence_on_political_events_in_Ukraine,the EU should not intervene in local politics.,The TV license fee should only be collected from those who actually make use of the programming of the public broadcasters.
different_topic,0.324680437212405,EU_influence_on_political_events_in_Ukraine,the EU should not intervene in local politics.,No one should have the possibility to pick up the morning-after pill over the counter at the pharmacy.
different_topic,0.4026851112192327,EU_influence_on_political_events_in_Ukraine,the EU should not intervene in local politics.,Increasing penalties is therefore the right way.
different_topic,0.586564682680985,keep_retirement_at_63,"The implementation of retirement at 63 is no longer socially sustainable,",That's why there ought to be one day a week when supermarkets and shopping centres stay closed.
different_topic,0.3130900628036923,keep_retirement_at_63,"The implementation of retirement at 63 is no longer socially sustainable,",everyone should chip in.
different_topic,0.26993555457968466,keep_retirement_at_63,"The implementation of retirement at 63 is no longer socially sustainable,",The state ought to prevent murder - not avenge it.
different_topic,0.4632103611593661,keep_retirement_at_63,"The implementation of retirement at 63 is no longer socially sustainable,",A constant increase in rent upon a change of tenants hence cannot be desired by society.
different_topic,0.47729589109835413,keep_retirement_at_63,"The implementation of retirement at 63 is no longer socially sustainable,",It is quite clear that Sunday should remain a day of rest.
different_topic,0.47910506797559327,keep_retirement_at_63,"The implementation of retirement at 63 is no longer socially sustainable,","The BA dissertation should, if not make up the entire grade, then at least constitute a larger share of it."
different_topic,0.49528014273555193,keep_retirement_at_63,"The implementation of retirement at 63 is no longer socially sustainable,","Dog owners should pay higher fines for dog dirt left on pavements,"
different_topic,0.36310306049528573,keep_retirement_at_63,"The implementation of retirement at 63 is no longer socially sustainable,","Still, the state needs the death penalty as a deterrent to horrific crimes."
different_topic,0.4996037391157678,keep_retirement_at_63,"The implementation of retirement at 63 is no longer socially sustainable,",The TV license fee should only be collected from those who actually make use of the programming of the public broadcasters.
different_topic,0.49768525660037993,keep_retirement_at_63,"The implementation of retirement at 63 is no longer socially sustainable,",No one should have the possibility to pick up the morning-after pill over the counter at the pharmacy.
different_topic,0.3377305136786567,keep_retirement_at_63,"The implementation of retirement at 63 is no longer socially sustainable,",Increasing penalties is therefore the right way.
different_topic,0.3691727150054205,allow_shops_to_open_on_holidays_and_sundays,That's why there ought to be one day a week when supermarkets and shopping centres stay closed.,everyone should chip in.
different_topic,0.28385962681336835,allow_shops_to_open_on_holidays_and_sundays,That's why there ought to be one day a week when supermarkets and shopping centres stay closed.,The state ought to prevent murder - not avenge it.
different_topic,0.40044859510201675,allow_shops_to_open_on_holidays_and_sundays,That's why there ought to be one day a week when supermarkets and shopping centres stay closed.,A constant increase in rent upon a change of tenants hence cannot be desired by society.
same_topic,0.5884153086405534,allow_shops_to_open_on_holidays_and_sundays,That's why there ought to be one day a week when supermarkets and shopping centres stay closed.,It is quite clear that Sunday should remain a day of rest.
different_topic,0.6258697799510426,allow_shops_to_open_on_holidays_and_sundays,That's why there ought to be one day a week when supermarkets and shopping centres stay closed.,"The BA dissertation should, if not make up the entire grade, then at least constitute a larger share of it."
different_topic,0.6101054787635803,allow_shops_to_open_on_holidays_and_sundays,That's why there ought to be one day a week when supermarkets and shopping centres stay closed.,"Dog owners should pay higher fines for dog dirt left on pavements,"
different_topic,0.32459014654159546,allow_shops_to_open_on_holidays_and_sundays,That's why there ought to be one day a week when supermarkets and shopping centres stay closed.,"Still, the state needs the death penalty as a deterrent to horrific crimes."
different_topic,0.5268280218387472,allow_shops_to_open_on_holidays_and_sundays,That's why there ought to be one day a week when supermarkets and shopping centres stay closed.,The TV license fee should only be collected from those who actually make use of the programming of the public broadcasters.
different_topic,0.6355013188087578,allow_shops_to_open_on_holidays_and_sundays,That's why there ought to be one day a week when supermarkets and shopping centres stay closed.,No one should have the possibility to pick up the morning-after pill over the counter at the pharmacy.
different_topic,0.38689907108034405,allow_shops_to_open_on_holidays_and_sundays,That's why there ought to be one day a week when supermarkets and shopping centres stay closed.,Increasing penalties is therefore the right way.
different_topic,0.3897318108515306,public_broadcasting_fees_on_demand,everyone should chip in.,The state ought to prevent murder - not avenge it.
different_topic,0.28340560893217726,public_broadcasting_fees_on_demand,everyone should chip in.,A constant increase in rent upon a change of tenants hence cannot be desired by society.
different_topic,0.43394832213719686,public_broadcasting_fees_on_demand,everyone should chip in.,It is quite clear that Sunday should remain a day of rest.
different_topic,0.30232322454452515,public_broadcasting_fees_on_demand,everyone should chip in.,"The BA dissertation should, if not make up the entire grade, then at least constitute a larger share of it."
different_topic,0.3900655790379172,public_broadcasting_fees_on_demand,everyone should chip in.,"Dog owners should pay higher fines for dog dirt left on pavements,"
different_topic,0.2628530516074254,public_broadcasting_fees_on_demand,everyone should chip in.,"Still, the state needs the death penalty as a deterrent to horrific crimes."
same_topic,0.29049428469604915,public_broadcasting_fees_on_demand,everyone should chip in.,The TV license fee should only be collected from those who actually make use of the programming of the public broadcasters.
different_topic,0.29957128654826776,public_broadcasting_fees_on_demand,everyone should chip in.,No one should have the possibility to pick up the morning-after pill over the counter at the pharmacy.
different_topic,0.38476226106286043,public_broadcasting_fees_on_demand,everyone should chip in.,Increasing penalties is therefore the right way.
different_topic,0.3404979296028614,introduce_capital_punishment,The state ought to prevent murder - not avenge it.,A constant increase in rent upon a change of tenants hence cannot be desired by society.
different_topic,0.39381459914147854,introduce_capital_punishment,The state ought to prevent murder - not avenge it.,It is quite clear that Sunday should remain a day of rest.
different_topic,0.24583396315574646,introduce_capital_punishment,The state ought to prevent murder - not avenge it.,"The BA dissertation should, if not make up the entire grade, then at least constitute a larger share of it."
different_topic,0.32882773876190186,introduce_capital_punishment,The state ought to prevent murder - not avenge it.,"Dog owners should pay higher fines for dog dirt left on pavements,"
same_topic,0.48695818867002216,introduce_capital_punishment,The state ought to prevent murder - not avenge it.,"Still, the state needs the death penalty as a deterrent to horrific crimes."
different_topic,0.3512809841256393,introduce_capital_punishment,The state ought to prevent murder - not avenge it.,The TV license fee should only be collected from those who actually make use of the programming of the public broadcasters.
different_topic,0.2886769771575928,introduce_capital_punishment,The state ought to prevent murder - not avenge it.,No one should have the possibility to pick up the morning-after pill over the counter at the pharmacy.
different_topic,0.42223340814763854,introduce_capital_punishment,The state ought to prevent murder - not avenge it.,Increasing penalties is therefore the right way.
different_topic,0.39047007039189346,cap_rent_increases,A constant increase in rent upon a change of tenants hence cannot be desired by society.,It is quite clear that Sunday should remain a day of rest.
different_topic,0.3635316530863444,cap_rent_increases,A constant increase in rent upon a change of tenants hence cannot be desired by society.,"The BA dissertation should, if not make up the entire grade, then at least constitute a larger share of it."
different_topic,0.4464925080537796,cap_rent_increases,A constant increase in rent upon a change of tenants hence cannot be desired by society.,"Dog owners should pay higher fines for dog dirt left on pavements,"
different_topic,0.3786640730169084,cap_rent_increases,A constant increase in rent upon a change of tenants hence cannot be desired by society.,"Still, the state needs the death penalty as a deterrent to horrific crimes."
different_topic,0.46841543265011004,cap_rent_increases,A constant increase in rent upon a change of tenants hence cannot be desired by society.,The TV license fee should only be collected from those who actually make use of the programming of the public broadcasters.
different_topic,0.374047561928078,cap_rent_increases,A constant increase in rent upon a change of tenants hence cannot be desired by society.,No one should have the possibility to pick up the morning-after pill over the counter at the pharmacy.
different_topic,0.46076271136601765,cap_rent_increases,A constant increase in rent upon a change of tenants hence cannot be desired by society.,Increasing penalties is therefore the right way.
different_topic,0.46337995131810505,allow_shops_to_open_on_holidays_and_sundays,It is quite clear that Sunday should remain a day of rest.,"The BA dissertation should, if not make up the entire grade, then at least constitute a larger share of it."
different_topic,0.5770213678479196,allow_shops_to_open_on_holidays_and_sundays,It is quite clear that Sunday should remain a day of rest.,"Dog owners should pay higher fines for dog dirt left on pavements,"
different_topic,0.4114879402849409,allow_shops_to_open_on_holidays_and_sundays,It is quite clear that Sunday should remain a day of rest.,"Still, the state needs the death penalty as a deterrent to horrific crimes."
different_topic,0.522103259096975,allow_shops_to_open_on_holidays_and_sundays,It is quite clear that Sunday should remain a day of rest.,The TV license fee should only be collected from those who actually make use of the programming of the public broadcasters.
different_topic,0.55007819113908,allow_shops_to_open_on_holidays_and_sundays,It is quite clear that Sunday should remain a day of rest.,No one should have the possibility to pick up the morning-after pill over the counter at the pharmacy.
different_topic,0.37834803263346356,allow_shops_to_open_on_holidays_and_sundays,It is quite clear that Sunday should remain a day of rest.,Increasing penalties is therefore the right way.
different_topic,0.5403554527198566,increase_weight_of_BA_thesis_in_final_grade,"The BA dissertation should, if not make up the entire grade, then at least constitute a larger share of it.","Dog owners should pay higher fines for dog dirt left on pavements,"
different_topic,0.2697470358439854,increase_weight_of_BA_thesis_in_final_grade,"The BA dissertation should, if not make up the entire grade, then at least constitute a larger share of it.","Still, the state needs the death penalty as a deterrent to horrific crimes."
different_topic,0.4382851430864045,increase_weight_of_BA_thesis_in_final_grade,"The BA dissertation should, if not make up the entire grade, then at least constitute a larger share of it.",The TV license fee should only be collected from those who actually make use of the programming of the public broadcasters.
different_topic,0.596588461785703,increase_weight_of_BA_thesis_in_final_grade,"The BA dissertation should, if not make up the entire grade, then at least constitute a larger share of it.",No one should have the possibility to pick up the morning-after pill over the counter at the pharmacy.
different_topic,0.29411087751388554,increase_weight_of_BA_thesis_in_final_grade,"The BA dissertation should, if not make up the entire grade, then at least constitute a larger share of it.",Increasing penalties is therefore the right way.
different_topic,0.3374791551720013,higher_dog_poo_fines,"Dog owners should pay higher fines for dog dirt left on pavements,","Still, the state needs the death penalty as a deterrent to horrific crimes."
different_topic,0.5410710115123678,higher_dog_poo_fines,"Dog owners should pay higher fines for dog dirt left on pavements,",The TV license fee should only be collected from those who actually make use of the programming of the public broadcasters.
different_topic,0.4938508406762154,higher_dog_poo_fines,"Dog owners should pay higher fines for dog dirt left on pavements,",No one should have the possibility to pick up the morning-after pill over the counter at the pharmacy.
same_topic,0.346806548143688,higher_dog_poo_fines,"Dog owners should pay higher fines for dog dirt left on pavements,",Increasing penalties is therefore the right way.
different_topic,0.34059110709599083,introduce_capital_punishment,"Still, the state needs the death penalty as a deterrent to horrific crimes.",The TV license fee should only be collected from those who actually make use of the programming of the public broadcasters.
different_topic,0.3346264207363129,introduce_capital_punishment,"Still, the state needs the death penalty as a deterrent to horrific crimes.",No one should have the possibility to pick up the morning-after pill over the counter at the pharmacy.
different_topic,0.407164624104133,introduce_capital_punishment,"Still, the state needs the death penalty as a deterrent to horrific crimes.",Increasing penalties is therefore the right way.
different_topic,0.47011132886012397,public_broadcasting_fees_on_demand,The TV license fee should only be collected from those who actually make use of the programming of the public broadcasters.,No one should have the possibility to pick up the morning-after pill over the counter at the pharmacy.
different_topic,0.34027077092064756,public_broadcasting_fees_on_demand,The TV license fee should only be collected from those who actually make use of the programming of the public broadcasters.,Increasing penalties is therefore the right way.
different_topic,0.3262822926044464,over_the_counter_morning_after_pill,No one should have the possibility to pick up the morning-after pill over the counter at the pharmacy.,Increasing penalties is therefore the right way.
