file_id,topic_id,adu_id,is_major_claim,stance,text,amr_penman
micro_b001,waste_separation,a1,False,pro,"Yes, it's annoying and cumbersome to separate your rubbish properly all the time.","# ::snt Yes, it's annoying and cumbersome to separate your rubbish properly all the time.
(a / and
      :op1 (a2 / annoy-01
            :ARG0 (s / separate-01
                  :ARG0 (y / you)
                  :ARG1 (r / rubbish
                        :poss y)
                  :manner (p / proper)))
      :op2 (c / cumbersome
            :domain s)
      :time (t / time
            :mod (a3 / all)))"
micro_b001,waste_separation,a2,False,pro,Three different bin bags stink away in the kitchen and have to be sorted into different wheelie bins.,"# ::snt Three different bin bags stink away in the kitchen and have to be sorted into different wheelie bins.
(a / and
      :op1 (s / stink-01
            :ARG1 (b / bag
                  :quant 3
                  :ARG0-of (b2 / bin-01)
                  :ARG1-of (d / differ-02))
            :location (k / kitchen)
            :mod (a2 / away))
      :op2 (o / obligate-01
            :ARG2 (s2 / sort-01
                  :ARG1 b
                  :ARG2 (b3 / bin-01
                        :mod (w / wheel)
                        :ARG1-of (d2 / differ-02)))))"
micro_b001,waste_separation,a3,False,pro,But still Germany produces way too much rubbish,"# ::snt But still Germany produces way too much rubbish
(c / contrast-01
      :ARG2 (p / produce-01
            :ARG0 (c2 / country
                  :name (n / name
                        :op1 ""Germany""))
            :ARG1 (r / rubbish
                  :ARG1-of (h / have-quant-91
                        :ARG2 (m / much)
                        :ARG3 (t / too
                              :degree (w / way))))
            :time (s / still)))"
micro_b001,waste_separation,a4,False,pro,and too many resources are lost when what actually should be separated and recycled is burnt.,"# ::snt and too many resources are lost when what actually should be separated and recycled is burnt.
(a / and
      :op2 (l / lose-02
            :ARG1 (r / resource
                  :ARG1-of (h / have-quant-91
                        :ARG2 (m / many)
                        :ARG3 (t / too)))
            :time (b / burn-01
                  :ARG1 (t2 / thing
                        :ARG1-of (s / separate-01
                              :ARG1-of (r2 / recommend-01)
                              :ARG1-of (a2 / actual-02))
                        :ARG1-of (r3 / recycle-01)))))"
micro_b002,higher_dog_poo_fines,a1,False,pro,One can hardly move in Friedrichshain or Neukölln these days without permanently scanning the ground for dog dirt.,"# ::snt One can hardly move in Friedrichshain or Neukölln these days without permanently scanning the ground for dog dirt.
(p / possible-01
      :ARG1 (m / move-01
            :ARG1 (o / one)
            :mod (h / hardly)
            :location (o2 / or
                  :op1 (c / city
                        :name (n / name
                              :op1 ""Friedrichshain""))
                  :op2 (c2 / city
                        :name (n2 / name
                              :op1 ""Neukölln"")))
            :time (d / day
                  :mod (t / this))
            :manner (s / scan-01
                  :polarity -
                  :ARG0 o
                  :ARG1 (g / ground)
                  :ARG2 (d2 / dirt
                        :source (d3 / dog))
                  :mod (p2 / permanent))))"
micro_b002,higher_dog_poo_fines,a2,False,pro,And when bad luck does strike and you step into one of the many 'land mines' you have to painstakingly scrape the remains off your soles.,"# ::snt And when bad luck does strike and you step into one of the many 'land mines' you have to painstakingly scrape the remains off your soles.
(a / and
      :op2 (o / obligate-01
            :ARG1 (y / you
                  :part (s / sole))
            :ARG2 (s2 / scrape-01
                  :ARG0 y
                  :ARG1 (t / thing
                        :ARG1-of (r / remain-01))
                  :ARG2 (o2 / off
                        :op1 s)
                  :manner (p / painstaking))
            :time (a2 / and
                  :op1 (s3 / strike-01
                        :ARG1 (l / luck
                              :ARG1-of (b / bad-07)))
                  :op2 (s4 / step-01
                        :ARG0 y
                        :ARG2 (m / mine
                              :ARG1-of (ii / include-91
                                    :ARG2 (m2 / mine
                                          :mod (l2 / land)
                                          :quant (m3 / many))))))))"
micro_b002,higher_dog_poo_fines,a4,False,pro,"Of course, first they'd actually need to be caught in the act by public order officers,","# ::snt Of course, first they'd actually need to be caught in the act by public order officers,
(n / need-01
      :li 1
      :ARG0 (t / they)
      :ARG1 (c / catch-02
            :ARG0 (p / person
                  :ARG0-of (h / have-org-role-91
                        :ARG1 (o / order
                              :ARG1-of (p2 / public-02))
                        :ARG2 (o2 / officer)))
            :ARG1 t
            :ARG2 (a / act))
      :ARG1-of (a2 / actual-02)
      :mod (o3 / of-course))"
micro_b002,higher_dog_poo_fines,a5,False,pro,"but once they have to dig into their pockets, their laziness will sure vanish!","# ::snt but once they have to dig into their pockets, their laziness will sure vanish!
(c / contrast-01
      :ARG2 (v / vanish-01
            :ARG1 (l / lazy
                  :domain (t / they))
            :ARG1-of (s / sure-02)
            :time (o / obligate-01
                  :ARG1 t
                  :ARG2 (d / dig-01
                        :ARG0 t
                        :ARG2 (p / pocket
                              :poss t)))))"
micro_b003,health_insurance_cover_complementary_medicine,a2,False,con,unless the promised effect and its medical benefit have been concretely proven.,"# ::snt unless the promised effect and its medical benefit have been concretely proven.
(h / have-condition-91
      :ARG2 (p / prove-01
            :polarity -
            :ARG1 (a / and
                  :op1 (a2 / affect-01
                        :ARG2-of (p2 / promise-01))
                  :op2 (b / benefit-01
                        :ARG1 (ii / it)
                        :mod (m / medicine)))
            :ARG1-of (c / concrete-02)))"
micro_b003,health_insurance_cover_complementary_medicine,a3,False,con,Yet this very proof is lacking in most cases.,"# ::snt Yet this very proof is lacking in most cases.
(h / have-concession-91
      :ARG1 (l / lack-01
            :ARG0 (t / thing
                  :ARG0-of (p / prove-01)
                  :mod (t2 / this)
                  :mod (v / very))
            :time (c / case-04
                  :quant (m / most))))"
micro_b003,health_insurance_cover_complementary_medicine,a4,False,con,Patients do often report relief of their complaints after such treatments.,"# ::snt Patients do often report relief of their complaints after such treatments.
(r / report-01
      :ARG0 (p / person
            :ARG0-of (h / have-rel-role-91
                  :ARG2 (p2 / patient)))
      :ARG1 (r2 / relieve-01
            :ARG0 p
            :ARG1 (c / complain-01
                  :ARG0 p)
            :time (a / after
                  :op1 (t / treat-03
                        :ARG1 p
                        :mod (s / such))))
      :frequency (o / often))"
micro_b003,health_insurance_cover_complementary_medicine,a5,False,con,"But as long as it is unclear as to how this works, the funds should rather be spent on therapies where one knows with certainty.","# ::snt But as long as it is unclear as to how this works, the funds should rather be spent on therapies where one knows with certainty.
(c / contrast-01
      :ARG2 (r / recommend-01
            :ARG1 (s / spend-01
                  :ARG1 (t / therapy
                        :location-of (k / know-01
                              :ARG0 (o / one)
                              :manner (c2 / certainty)))
                  :ARG3 (f / fund))
            :condition (a / as-long-as
                  :op1 (c3 / clear-06
                        :polarity -
                        :ARG1 (t2 / thing
                              :manner-of (w / work-09
                                    :ARG1 (t3 / this)))))))"
micro_b004,public_broadcasting_fees_on_demand,a1,False,con,"Of course there are a number of programmes in public broadcasting that are not worth the licencing fee,","# ::snt Of course there are a number of programmes in public broadcasting that are not worth the licencing fee,
(w / worth-01
      :polarity -
      :ARG1 (p / program
            :quant (n / number)
            :ARG1-of (b / broadcast-01
                  :ARG1-of (p2 / public-02)))
      :ARG2 (f / fee
            :instrument-of (l / licence))
      :mod (o / of-course))"
micro_b004,public_broadcasting_fees_on_demand,a2,False,con,"and others, such as “Musikantenstadl” and soap operas, are only interesting to certain audiences.","# ::snt and others, such as “Musikantenstadl” and soap operas, are only interesting to certain audiences.
(a / and
      :op2 (ii / interest-01
            :ARG1 (a2 / audience
                  :mod (c / certain))
            :ARG2 (o / other
                  :example (a3 / and
                        :op1 (w / work-of-art
                              :name (n / name
                                    :op1 ""Musikantenstadl""))
                        :op2 (w2 / work-of-art
                              :name n
                              :op1 "" soap opera""))))
      :mod (o2 / only))"
micro_b004,public_broadcasting_fees_on_demand,a4,False,con,for we need general and independent media.,"# ::snt for we need general and independent media.
(c / cause-01
      :ARG1 (n / need-01
            :ARG0 (w / we)
            :ARG1 (m / media
                  :ARG1-of (g / general-02)
                  :ARG0-of (d / depend-01
                        :polarity -))))"
micro_b004,public_broadcasting_fees_on_demand,a5,False,con,After all we want to get our view of the world neither through the lens of the government nor through that of rich media entrepreneurs.,"# ::snt After all we want to get our view of the world neither through the lens of the government nor through that of rich media entrepreneurs.
(w / want-01
      :ARG0 (w2 / we)
      :ARG1 (g / get-01
            :polarity -
            :ARG0 w2
            :ARG1 (v / view-01
                  :ARG0 w2
                  :ARG1 (w3 / world))
            :manner (o / or
                  :op1 (l / lens
                        :poss (g2 / government-organization
                              :ARG0-of (g3 / govern-01)))
                  :op2 (l2 / lens
                        :poss (e / entrepreneur
                              :mod (m / media)
                              :mod (r / rich)))))
      :mod (a / after-all))"
micro_b005,stricter_regulation_of_intelligence_services,a2,False,pro,this should be clear to everyone after the disclosures of Edward Snowden.,"# ::snt this should be clear to everyone after the disclosures of Edward Snowden.
(r / recommend-01
      :ARG1 (c / clear-06
            :ARG1 (t / this)
            :ARG2 (e / everyone)
            :time (a / after
                  :op1 (d / disclose-01
                        :ARG1 (p / person
                              :name (n / name
                                    :op1 ""Edward""
                                    :op2 ""Snowden""))))))"
micro_b005,stricter_regulation_of_intelligence_services,a3,False,pro,"Granted, those concern primarily the British and American intelligence services,","# ::snt Granted, those concern primarily the British and American intelligence services,
(g / grant-01
      :ARG1 (c / concern-02
            :ARG0 (t / that)
            :ARG1 (a / and
                  :op1 (s / service
                        :mod (ii / intelligence)
                        :mod (c2 / country
                              :name (n / name
                                    :op1 ""Great""
                                    :op2 ""Britain"")))
                  :op2 (s2 / service
                        :mod (ii2 / intelligence)
                        :mod (c3 / country
                              :name (n2 / name
                                    :op1 ""America""))))
            :mod (p / primary)))"
micro_b005,stricter_regulation_of_intelligence_services,a4,False,pro,but the German services evidently do collaborate with them closely.,"# ::snt but the German services evidently do collaborate with them closely.
(c / contrast-01
      :ARG2 (c2 / collaborate-01
            :ARG0 (s / service
                  :mod (c3 / country
                        :name (n / name
                              :op1 ""Germany"")))
            :ARG1 (t / they)
            :ARG1-of (c4 / close-10)
            :manner (e / evident)))"
micro_b005,stricter_regulation_of_intelligence_services,a5,False,pro,"Their tools, data and expertise have been used to keep us under surveillance for a long time.","# ::snt Their tools, data and expertise have been used to keep us under surveillance for a long time.
(u / use-01
      :ARG1 (a / and
            :op1 (t / tool
                  :poss (t2 / they))
            :op2 (d / data
                  :poss t2)
            :op3 (e / expertise
                  :poss t2))
      :ARG2 (k / keep-02
            :ARG0 t2
            :ARG1 (s / surveil-01
                  :ARG1 (w / we))
            :duration (t3 / time
                  :ARG1-of (l / long-03))))"
micro_b006,introduce_capital_punishment,a2,False,con,"For one thing, inviolable human dignity is anchored in our constitution,","# ::snt For one thing, inviolable human dignity is anchored in our constitution,
(a / anchor-01
      :li 1
      :ARG1 (d / dignity
            :mod (h / human)
            :ARG1-of (a2 / alienate-01
                  :ARG1-of (p / possible-01
                        :polarity -)))
      :ARG2 (c / constitution
            :poss (w / we))
      :prep-for (t / thing))"
micro_b006,introduce_capital_punishment,a3,False,con,and furthermore no one may have the right to adjudicate upon the death of another human being.,"# ::snt and furthermore no one may have the right to adjudicate upon the death of another human being.
(a / and
      :op2 (p / possible-01
            :ARG1 (h / have-03
                  :ARG0 (n / no-one)
                  :ARG1 (r / right-05
                        :ARG1 n
                        :ARG2 (a2 / adjudicate-01
                              :ARG0 n
                              :ARG1 (d / die-01
                                    :ARG1 (b / being
                                          :mod (h2 / human)
                                          :mod (a3 / another))))))))"
micro_b006,introduce_capital_punishment,a4,False,con,"Even if many people think that a murderer has already decided on the life or death of another person,","# ::snt Even if many people think that a murderer has already decided on the life or death of another person,
(h / have-concession-91
      :ARG2 (e / even-if
            :op1 (t / think-01
                  :ARG0 (p / person
                        :quant (m / many))
                  :ARG1 (d / decide-01
                        :ARG0 (p2 / person
                              :ARG0-of (m2 / murder-01))
                        :ARG1 (o / or
                              :op1 (l / life
                                    :poss (p3 / person
                                          :mod (a / another)))
                              :op2 (d2 / die-01
                                    :ARG1 p3))
                        :time (a2 / already)))))"
micro_b006,introduce_capital_punishment,a5,False,con,this is precisely the crime that we should not repay with the same.,"# ::snt this is precisely the crime that we should not repay with the same.
(c / crime-02
      :ARG1 (t / this)
      :mod (p / precise)
      :ARG1-of (r / repay-01
            :polarity -
            :ARG0 (w / we)
            :ARG3 (t2 / thing
                  :ARG1-of (s / same-01))
            :ARG1-of (r2 / recommend-01)))"
micro_b007,higher_dog_poo_fines,a1,False,pro,"Dog dirt on the pavement requires my complete, ground-focused attention on my way to work.","# ::snt Dog dirt on the pavement requires my complete, ground-focused attention on my way to work.
(r / require-01
      :ARG0 (d / dirt
            :mod (d2 / dog)
            :location (p / pavement))
      :ARG1 (a / attend-02
            :ARG0 (ii / i)
            :ARG1-of (c / complete-02)
            :ARG1-of (f / focus-01
                  :ARG2 (g / ground)))
      :time (w / way
            :direction-of (w2 / work-01
                  :ARG0 ii)))"
micro_b007,higher_dog_poo_fines,a2,False,pro,This results in a lack of alertness in the road traffic comparable to a minor offense of the traffic regulations.,"# ::snt This results in a lack of alertness in the road traffic comparable to a minor offense of the traffic regulations.
(r / result-01
      :ARG1 (t / this)
      :ARG2 (l / lack-01
            :ARG1 (a / alert-01
                  :ARG1 (t2 / traffic
                        :mod (r2 / road))
                  :ARG1-of (c / comparable-03
                        :ARG2 (o / offend-03
                              :ARG1-of (m / minor-01)
                              :ARG1-of (r3 / regulate-01
                                    :ARG0 t2))))))"
micro_b007,higher_dog_poo_fines,a4,False,pro,Dog owners may think that dog dirt is only a harmless secretion of an animal like any other.,"# ::snt Dog owners may think that dog dirt is only a harmless secretion of an animal like any other.
(p / possible-01
      :ARG1 (t / think-01
            :ARG0 (p2 / person
                  :ARG0-of (o / own-01
                        :ARG1 (d / dog)))
            :ARG1 (t2 / thing
                  :ARG1-of (s / secretion-00
                        :ARG0 (a / animal))
                  :ARG0-of (h / harmful-02
                        :polarity -)
                  :domain (d2 / dirt
                        :part-of d))
            :mod (o2 / only)
            :ARG1-of (r / resemble-01
                  :ARG2 (o3 / other
                        :mod (a2 / any)))))"
micro_b007,higher_dog_poo_fines,a5,False,pro,Yet then they misjudge its impact on road traffic.,"# ::snt Yet then they misjudge its impact on road traffic.
(h / have-concession-91
      :ARG1 (m / misjudge-01
            :ARG0 (t / they)
            :ARG1 (ii / impact-01
                  :ARG0 (ii2 / it)
                  :ARG1 (t2 / traffic
                        :mod (r / road)))
            :time (t3 / then)))"
micro_b008,over_the_counter_morning_after_pill,a1,False,con,Of course it would be nice and simple if after a fun night out with a party acquaintance you could simply take the 'morning-after pill' and feel at ease.,"# ::snt Of course it would be nice and simple if after a fun night out with a party acquaintance you could simply take the 'morning-after pill' and feel at ease.
(a / and
      :op1 (n / nice-01
            :ARG1 (ii / it))
      :op2 (s / simple-02
            :ARG1 ii)
      :mod (o / of-course)
      :condition (p / possible-01
            :ARG1 (a2 / and
                  :op1 (t / take-01
                        :ARG0 (y / you)
                        :ARG1 (p2 / pill
                              :time (d / date-entity
                                    :dayperiod (m / morning)
                                    :time (a3 / after
                                          :op1 (n2 / night))))
                        :ARG1-of (s2 / simple-02))
                  :op2 (f / feel-01
                        :ARG0 y
                        :ARG1 (a4 / at-least))
                  :time (a5 / after
                        :op1 n2
                        :ARG1-of (f2 / fun-01)
                        :accompanier (p3 / person
                              :ARG1-of (a6 / acquaint-01
                                    :ARG2 (p4 / party)))))))"
micro_b008,over_the_counter_morning_after_pill,a2,False,con,But it's not that simple.,"# ::snt But it's not that simple.
(c / contrast-01
      :ARG2 (s / simple-02
            :polarity -
            :ARG1 (ii / it)
            :degree (t / that)))"
micro_b008,over_the_counter_morning_after_pill,a3,False,con,Perhaps a new life was already created that night.,"# ::snt Perhaps a new life was already created that night.
(p / possible-01
      :ARG1 (c / create-01
            :ARG1 (l / life
                  :ARG1-of (n / new-01))
            :time (d / date-entity
                  :dayperiod (n2 / night)
                  :mod (t / that))
            :time (a / already)))"
micro_b008,over_the_counter_morning_after_pill,a4,False,con,I would kill it without further thought.,"# ::snt I would kill it without further thought.
(k / kill-01
      :ARG0 (ii / i)
      :ARG1 (ii2 / it)
      :manner (t / think-01
            :polarity -
            :ARG0 ii
            :mod (f / further)))"
micro_b009,cap_rent_increases,a2,False,pro,Clearly the landlord has to pay for some repairs before a new lease.,"# ::snt Clearly the landlord has to pay for some repairs before a new lease.
(o / obligate-01
      :ARG1 (p / person
            :ARG0-of (h / have-rel-role-91
                  :ARG2 (l / landlord)))
      :ARG2 (p2 / pay-01
            :ARG0 p
            :ARG3 (r / repair-01
                  :ARG0 p
                  :quant (s / some))
            :time (b / before
                  :op1 (l2 / lease
                        :ARG1-of (n / new-01))))
      :ARG1-of (c / clear-06))"
micro_b009,cap_rent_increases,a3,False,pro,But surely these costs could be covered by a minimal increase in rent over the course of the entire lease.,"# ::snt But surely these costs could be covered by a minimal increase in rent over the course of the entire lease.
(c / contrast-01
      :ARG2 (p / possible-01
            :ARG1 (c2 / cover-01
                  :ARG1 (ii / increase-01
                        :ARG1 (r / rent)
                        :ARG1-of (m / minimal-02)
                        :duration (l / lease
                              :mod (e / entire)))
                  :ARG2 (t / thing
                        :ARG2-of (c3 / cost-01)
                        :mod (t2 / this)))
            :ARG1-of (s / sure-02)))"
micro_b009,cap_rent_increases,a4,False,pro,All the more so as for an adequate profit the rental rate as compared to the base rent need not be raised for every new lease.,"# ::snt All the more so as for an adequate profit the rental rate as compared to the base rent need not be raised for every new lease.
(c / cause-01
      :ARG0 (n / need-01
            :polarity -
            :ARG1 (r / raise-01
                  :ARG1 (r2 / rate
                        :mod (r3 / rent)
                        :ARG1-of (c2 / compare-01
                              :ARG2 (r4 / rate
                                    :mod (r5 / rent
                                          :mod (b / base)))))
                  :purpose (l / lease-01
                        :mod (e / every)
                        :ARG1-of (n2 / new-01))))
      :ARG1 (p / profit-01
            :mod (a / adequate))
      :mod (a2 / all))"
micro_b010,health_insurance_cover_complementary_medicine,a2,False,pro,"since both methods can lead to the prevention, mitigation or cure of an illness.","# ::snt since both methods can lead to the prevention, mitigation or cure of an illness.
(c / cause-01
      :ARG0 (p / possible-01
            :ARG1 (l / lead-03
                  :ARG0 (m / method
                        :mod (b / both))
                  :ARG2 (o / or
                        :op1 (p2 / prevent-01
                              :ARG1 (ii / ill-01))
                        :op2 (m2 / mitigate-01
                              :ARG1 ii)
                        :op3 (c2 / cure-01
                              :ARG2 ii)))))"
micro_b010,health_insurance_cover_complementary_medicine,a3,False,pro,"Besides it should be in the interest of the health insurers to recognize alternative medicine as treatment,","# ::snt Besides it should be in the interest of the health insurers to recognize alternative medicine as treatment,
(ii / interest-01
      :ARG1 (c / company
            :ARG0-of (ii2 / insure-02
                  :ARG1 (h / health)))
      :ARG2 (r / recognize-01
            :ARG0 c
            :ARG1 (m / medicine
                  :mod (a / alternative))
            :ARG2 (t / treat-03))
      :mod (b / besides))"
micro_b010,health_insurance_cover_complementary_medicine,a4,False,pro,since there is a chance of recovery.,"# ::snt since there is a chance of recovery.
(c / cause-01
      :ARG0 (c2 / chance-02
            :ARG1 (r / recover-01)))"
micro_b010,health_insurance_cover_complementary_medicine,a5,False,pro,It doesn't matter after all that those who administer the treatment don't have 'doctor status'.,"# ::snt It doesn't matter after all that those who administer the treatment don't have 'doctor status'.
(m / matter-01
      :polarity -
      :ARG1 (h / have-03
            :polarity -
            :ARG0 (p / person
                  :mod (t / that)
                  :ARG0-of (a / administer-01
                        :ARG1 (t2 / treat-03)))
            :ARG1 (s / status
                  :mod (d / doctor)))
      :mod (a2 / after-all))"
micro_b011,higher_dog_poo_fines,a2,False,pro,"Indeed it's not the fault of the animals,","# ::snt Indeed it's not the fault of the animals,
(f / fault-01
      :polarity -
      :ARG1 (a / animal)
      :ARG2 (ii / it)
      :mod (ii2 / indeed))"
micro_b011,higher_dog_poo_fines,a3,False,pro,"but once you step in it, their excrement seems to stick rather persistently to your soles.","# ::snt but once you step in it, their excrement seems to stick rather persistently to your soles.
(c / contrast-01
      :ARG2 (s / seem-01
            :ARG1 (s2 / stick-01
                  :ARG1 (e / excrement
                        :poss (t / they))
                  :ARG2 (s3 / soles
                        :part-of (y / you))
                  :ARG1-of (p / persist-01
                        :degree (r / rather)))
            :time (s4 / step-01
                  :ARG0 y
                  :ARG2 (ii / it))))"
micro_b012,school_uniforms,a1,False,pro,"Some may find the idea of a school uniform anachronistic,","# ::snt Some may find the idea of a school uniform anachronistic,
(p / possible-01
      :ARG1 (f / find-02
            :ARG0 (s / some)
            :ARG1 (a / anachronistic
                  :domain (ii / idea
                        :topic (u / uniform
                              :mod (s2 / school))))))"
micro_b012,school_uniforms,a2,False,pro,or regard it as too much of an intervention into the leeway of students and parents to make decisions.,"# ::snt or regard it as too much of an intervention into the leeway of students and parents to make decisions.
(o / or
      :op2 (r / regard-01
            :ARG1 (ii / it)
            :ARG2 (ii2 / intervene-01
                  :ARG1 (l / leeway
                        :poss (a / and
                              :op1 (p / person
                                    :ARG0-of (s / study-01))
                              :op2 (p2 / person
                                    :ARG0-of (h / have-rel-role-91
                                          :ARG2 (p3 / parent))))
                        :purpose (d / decide-01
                              :ARG0 a))
                  :ARG1-of (h2 / have-quant-91
                        :ARG2 (m / much)
                        :ARG3 (t / too)))))"
micro_b012,school_uniforms,a3,False,pro,"Indeed, however, it's already the case today that students of apparently 'uniform-free' schools are essentially wearing a uniform consisting of certain brand-name garments.","# ::snt Indeed, however, it's already the case today that students of apparently 'uniform-free' schools are essentially wearing a uniform consisting of certain brand-name garments.
(c / contrast-01
      :ARG2 (c2 / case-04
            :ARG1 (w / wear-01
                  :ARG0 (p / person
                        :ARG0-of (s / study-01
                              :location (s2 / school
                                    :ARG1-of (f / free-04
                                          :polarity -
                                          :ARG2 (ii / iform)
                                          :ARG1-of (a / appear-02)))))
                  :ARG1 (u / uniform
                        :ARG1-of (c3 / consist-01
                              :ARG2 (t / thing
                                    :ARG2-of (c4 / clothe-01)
                                    :mod (b / brand)
                                    :mod (c5 / certain))))
                  :mod (e / essential))
            :time (a2 / already)
            :time (t2 / today)
            :mod (ii2 / indeed)))"
micro_b013,health_insurance_cover_complementary_medicine,a2,False,pro,"Not all practices and approaches that are lumped together under this term may have been proven in clinical trials,","# ::snt Not all practices and approaches that are lumped together under this term may have been proven in clinical trials,
(p / possible-01
      :ARG1 (p2 / prove-01
            :ARG1 (a / and
                  :op1 (p3 / practice-01)
                  :op2 (a2 / approach-02)
                  :ARG1-of (l / lump-01
                        :manner (t / together)
                        :time (t2 / term
                              :mod (t3 / this)))
                  :mod (a3 / all
                        :polarity -))
            :location (t4 / try-01
                  :mod (c / clinic))))"
micro_b013,health_insurance_cover_complementary_medicine,a3,False,pro,yet it's precisely their positive effect when accompanying conventional 'western' medical therapies that's been demonstrated as beneficial.,"# ::snt yet it's precisely their positive effect when accompanying conventional 'western' medical therapies that's been demonstrated as beneficial.
(c / contrast-01
      :ARG2 (d / demonstrate-01
            :ARG1 (e / effect-03
                  :ARG0 (t / they)
                  :mod (p / positive)
                  :mod (p2 / precise)
                  :time (a / accompany-01
                        :ARG0 t
                        :ARG1 (t2 / therapy
                              :mod (m / medicine)
                              :mod (c2 / conventional)
                              :mod (w / world-region
                                    :name (n / name
                                          :op1 ""West""))))
                  :ARG0-of (b / benefit-01
                        :ARG1 t))))"
micro_b013,health_insurance_cover_complementary_medicine,a4,False,pro,Besides many general practitioners offer such counselling and treatments in parallel anyway -,"# ::snt Besides many general practitioners offer such counselling and treatments in parallel anyway -
(o / offer-01
      :ARG0 (p / practitioner
            :ARG1-of (g / general-02)
            :quant (m / many))
      :ARG1 (a / and
            :op1 (c / counsel-01)
            :op2 (t / treat-03)
            :mod (s / such))
      :mod (a2 / anyway)
      :ARG1-of (p2 / parallel-01))"
micro_b013,health_insurance_cover_complementary_medicine,a5,False,pro,and who would want to question their broad expertise?,"# ::snt and who would want to question their broad expertise?
(a / and
      :op2 (w / want-01
            :ARG0 (a2 / amr-unknown)
            :ARG1 (q / question-03
                  :ARG0 a2
                  :ARG1 (e / expertise
                        :poss (t / they)
                        :ARG1-of (b / broad-02)))))"
micro_b014,public_broadcasting_fees_on_demand,a2,False,pro,It is in fact good to support sophisticated programming through fees.,"# ::snt It is in fact good to support sophisticated programming through fees.
(g / good-02
      :ARG1 (s / support-01
            :ARG1 (p / program-01
                  :mod (s2 / sophisticated))
            :manner (f / fee))
      :mod (ii / in-fact))"
micro_b014,public_broadcasting_fees_on_demand,a3,False,pro,"Curiously, however, there are still adverts and product placements on the public channels.","# ::snt Curiously, however, there are still adverts and product placements on the public channels.
(c / contrast-01
      :ARG2 (a / and
            :op1 (a2 / advertise-01)
            :op2 (p / placate-01
                  :ARG2 (p2 / product))
            :mod (s / still)
            :location (c2 / channel
                  :ARG1-of (p3 / public-02))
            :ARG1-of (c3 / curious-02)))"
micro_b014,public_broadcasting_fees_on_demand,a4,False,pro,"What are you paying for, then? That the same actors time and again get to have a laugh at exotic shooting locations?","# ::snt What are you paying for, then? That the same actors time and again get to have a laugh at exotic shooting locations?
(m / multi-sentence
      :snt1 (p / pay-01
            :ARG0 (y / you)
            :ARG3 (a / amr-unknown)
            :mod (t / then))
      :snt2 (g / get-22
            :ARG0 (p2 / person
                  :ARG1-of (s / same-01)
                  :ARG0-of (a2 / act-01))
            :ARG1 (l / laugh-01
                  :ARG0 p2
                  :ARG2 (l2 / location
                        :location-of (s2 / shoot-02)
                        :mod (e / exotic)))
            :frequency (t2 / time-and-again)
            :polarity (a3 / amr-unknown)))"
micro_b014,public_broadcasting_fees_on_demand,a5,False,pro,Also the scripts are often copied off each other.,"# ::snt Also the scripts are often copied off each other.
(c / copy-01
      :ARG1 (s / script)
      :mod (a / also)
      :frequency (o / often)
      :mod (o2 / off)
      :mod (o3 / other
            :mod (e / each)))"
micro_b015,allow_shops_to_open_on_holidays_and_sundays,a2,False,pro,"Sure, other people have to work in the shops on the weekend,","# ::snt Sure, other people have to work in the shops on the weekend,
(o / obligate-01
      :ARG1 (p / person
            :mod (o2 / other))
      :ARG2 (w / work-01
            :ARG0 p
            :location (s / shop)
            :time (w2 / weekend))
      :ARG1-of (s2 / sure-02))"
micro_b015,allow_shops_to_open_on_holidays_and_sundays,a3,False,pro,but they can have days off during the week and run errands at their leisure while I'm stuck in the office.,"# ::snt but they can have days off during the week and run errands at their leisure while I'm stuck in the office.
(c / contrast-01
      :ARG2 (p / possible-01
            :ARG1 (a / and
                  :op1 (h / have-03
                        :ARG0 (t / they)
                        :ARG1 (d / day
                              :mod (o / off)
                              :duration (w / week)))
                  :op2 (r / run-01
                        :ARG0 t
                        :ARG1 (e / errand)
                        :manner (l / leisure
                              :poss t))
                  :time (s / stick-01
                        :ARG1 (ii / i)
                        :ARG2 (o2 / office)))))"
micro_b015,allow_shops_to_open_on_holidays_and_sundays,a4,False,pro,"Plus, the state wants me to spend my money,","# ::snt Plus, the state wants me to spend my money,
(w / want-01
      :ARG0 (s / state)
      :ARG1 (s2 / spend-01
            :ARG0 (ii / i)
            :ARG3 (m / money
                  :poss ii))
      :mod (p / plus))"
micro_b015,allow_shops_to_open_on_holidays_and_sundays,a5,False,pro,and how am I supposed to do that when the shops aren't open when I'm off work?,"# ::snt and how am I supposed to do that when the shops aren't open when I'm off work?
(a / and
      :op2 (s / suppose-02
            :ARG1 (ii / i)
            :ARG2 (d / do-02
                  :ARG0 ii
                  :ARG1 (t / that))
            :manner (a2 / amr-unknown)
            :time (o / open-09
                  :polarity -
                  :ARG1 (s2 / shop)
                  :time (w / work-01
                        :polarity -
                        :ARG0 ii))))"
micro_b016,increase_weight_of_BA_thesis_in_final_grade,a1,False,pro,The idea of the bachelor degree is to put together a cumulative grade from various individual assignments in order to generate a final grade.,"# ::snt The idea of the bachelor degree is to put together a cumulative grade from various individual assignments in order to generate a final grade.
(h / have-purpose-91
      :ARG1 (ii / idea
            :topic (d / degree
                  :mod (b / bachelor)))
      :ARG2 (p / put-03
            :ARG0 d
            :ARG1 (g / grade
                  :ARG1-of (c / cumulative-00)
                  :source (a / assignment
                        :mod (ii2 / individual)
                        :mod (v / various)))
            :ARG2 (t / together)
            :purpose (g2 / generate-01
                  :ARG0 d
                  :ARG1 (g3 / grade
                        :mod (f / final)))))"
micro_b016,increase_weight_of_BA_thesis_in_final_grade,a2,False,pro,"This is also more akin to the real working world later, where performance isn't singular, but constant and has to be delivered over longer periods.","# ::snt This is also more akin to the real working world later, where performance isn't singular, but constant and has to be delivered over longer periods.
(r / resemble-01
      :ARG1 (t / this)
      :ARG2 (w / world
            :ARG0-of (w2 / work-01)
            :ARG1-of (r2 / real-04)
            :time (a / after)
            :location-of (c / contrast-01
                  :ARG1 (s / singular
                        :polarity -
                        :domain (p / perform-01))
                  :ARG2 (c2 / constant
                        :domain p))
            :ARG0-of (o / obligate-01
                  :ARG2 (d / deliver-01
                        :ARG1 p
                        :duration (p2 / period
                              :ARG1-of (h / have-degree-91
                                    :ARG2 (l / long-03
                                          :ARG1 p2)
                                    :ARG3 (m / more))))))
      :mod (a2 / also)
      :ARG2-of h
      :ARG1 t
      :ARG3 m)"
micro_b016,increase_weight_of_BA_thesis_in_final_grade,a3,False,pro,That's why it makes sense that the bachelor thesis only makes up a relatively small portion of the final grade (15 out of 120 credits).,"# ::snt That's why it makes sense that the bachelor thesis only makes up a relatively small portion of the final grade (15 out of 120 credits).
(c / cause-01
      :ARG0 (t / that)
      :ARG1 (s / sense-02
            :ARG1 (m / make-up-07
                  :ARG0 (t2 / thesis
                        :topic (b / bachelor))
                  :ARG1 (p / portion
                        :mod (s2 / small
                              :ARG2-of (r / relative-05))
                        :part-of (g / grade
                              :mod (f / final))
                        :ARG1-of (ii / include-91
                              :ARG2 (c2 / credit
                                    :quant 120))
                        :mod (o / only)))))"
micro_b016,increase_weight_of_BA_thesis_in_final_grade,a4,False,pro,"However, the effort required for the individual equally weighted modules differs strongly.","# ::snt However, the effort required for the individual equally weighted modules differs strongly.
(c / contrast-01
      :ARG2 (d / differ-02
            :ARG1 (e / effort-01
                  :ARG1-of (r / require-01
                        :ARG0 (m / module
                              :ARG1-of (w / weight-01
                                    :ARG1-of (e2 / equal-01)
                                    :mod (ii / individual)))))
            :ARG1-of (s / strong-02)))"
micro_b017,cap_rent_increases,a2,False,pro,"Landlords may want to earn as much as possible,","# ::snt Landlords may want to earn as much as possible,
(p / possible-01
      :ARG1 (w / want-01
            :ARG0 (l / landlord)
            :ARG1 (e / earn-01
                  :ARG0 l
                  :ARG1 (t / thing
                        :ARG1-of (h / have-quant-91
                              :ARG2 (m / much)
                              :ARG3 (e2 / equal)
                              :ARG4 (p2 / possible-01))))))"
micro_b017,cap_rent_increases,a3,False,pro,"and many, consistent with market principles, are prepared to pay higher rents,","# ::snt and many, consistent with market principles, are prepared to pay higher rents,
(a / and
      :op2 (p / prepare-02
            :ARG1 (p2 / person
                  :quant (m / many)
                  :ARG1-of (c / consistent-01
                        :ARG2 (p3 / principle
                              :mod (m2 / market))))
            :ARG2 (p4 / pay-01
                  :ARG0 p2
                  :ARG1 (r / rent-01
                        :ARG1-of (h / have-degree-91
                              :ARG2 (h2 / high-02
                                    :ARG1 r)
                              :ARG3 (m3 / more))))))"
micro_b017,cap_rent_increases,a4,False,pro,but that people with the same income suddenly must pay more and can't live in the same flat anymore seems implausible.,"# ::snt but that people with the same income suddenly must pay more and can't live in the same flat anymore seems implausible.
(c / contrast-01
      :ARG2 (s / seem-01
            :ARG1 (ii / implausible
                  :domain (a / and
                        :op1 (o / obligate-01
                              :ARG1 (p / person
                                    :ARG0-of (h / have-03
                                          :ARG1 (ii2 / income
                                                :ARG1-of (s2 / same-01))))
                              :ARG2 (p2 / pay-01
                                    :ARG0 p
                                    :ARG1 (m / more))
                              :manner (s3 / sudden))
                        :op2 (p3 / possible-01
                              :polarity -
                              :ARG1 (l / live-01
                                    :ARG0 p
                                    :location (f / flat
                                          :ARG1-of (s4 / same-01))
                                    :time (a2 / anymore)))))))"
micro_b017,cap_rent_increases,a5,False,pro,Gentrification destroys entire districts and their culture.,"# ::snt Gentrification destroys entire districts and their culture.
(d / destroy-01
      :ARG0 (g / gentrify-01)
      :ARG1 (a / and
            :op1 (d2 / district
                  :mod (e / entire))
            :op2 (c / culture
                  :poss d2)))"
micro_b018,health_insurance_cover_complementary_medicine,a1,False,con,The choice of an attending physician is at the discretion of the patient.,"# ::snt The choice of an attending physician is at the discretion of the patient.
(d / discretion
      :poss (p / person
            :ARG0-of (h / have-rel-role-91
                  :ARG2 (p2 / patient)))
      :domain (c / choose-01
            :ARG1 (p3 / physician
                  :ARG0-of (a / attend-01))))"
micro_b018,health_insurance_cover_complementary_medicine,a2,False,con,Yet the funds of the health insurance companies are a common benefit for all premium payers.,"# ::snt Yet the funds of the health insurance companies are a common benefit for all premium payers.
(b / benefit-01
      :ARG0 (f / fund-01
            :ARG0 (c / company
                  :ARG0-of (ii / insure-02
                        :ARG1 (h / health))))
      :ARG1 (p / person
            :ARG0-of (p2 / pay-01
                  :mod (p3 / premium))
            :mod (a / all))
      :mod (c2 / common)
      :mod (y / yet))"
micro_b018,health_insurance_cover_complementary_medicine,a3,False,con,They should not be spent on personal preferences without proven use.,"# ::snt They should not be spent on personal preferences without proven use.
(r / recommend-01
      :ARG1 (s / spend-01
            :polarity -
            :ARG1 (t / thing
                  :ARG1-of (p / prefer-01)
                  :ARG1-of (p2 / personal-02))
            :ARG3 (t2 / they)
            :manner (u / use-01
                  :polarity -
                  :ARG1 t
                  :ARG1-of (p3 / prove-01))))"
micro_b018,health_insurance_cover_complementary_medicine,a4,False,con,The effectiveness of many natural remedies has not been demonstrated.,"# ::snt The effectiveness of many natural remedies has not been demonstrated.
(d / demonstrate-01
      :polarity -
      :ARG1 (e / effective-04
            :ARG0 (r / remedy
                  :ARG1-of (n / natural-03)
                  :quant (m / many))))"
micro_b019,buy_tax_evader_data_from_dubious_sources,a1,False,con,It is desirable that no one channels his or her wealth past the tax authorities.,"# ::snt It is desirable that no one channels his or her wealth past the tax authorities.
(d / desirable-02
      :ARG1 (c / channel-01
            :ARG0 (n / no-one)
            :ARG1 (w / wealth
                  :poss (o / or
                        :op1 (h / he)
                        :op2 (s / she)))
            :ARG2 (p / past
                  :op1 (a / authority
                        :mod (t / tax-01)))))"
micro_b019,buy_tax_evader_data_from_dubious_sources,a2,False,con,Those who do or try to should be held accountable if at all possible.,"# ::snt Those who do or try to should be held accountable if at all possible.
(r / recommend-01
      :ARG1 (h / hold-02
            :ARG1 (a / accountable-02
                  :ARG0 (p / person
                        :ARG0-of (d / do-02
                              :ARG1 (o / or
                                    :op1 (e / event)
                                    :op2 (t / try-01
                                          :ARG1 e)))))
            :condition (p2 / possible-01
                  :mod (a2 / at-all))))"
micro_b019,buy_tax_evader_data_from_dubious_sources,a3,False,con,"Having said that, state funds are often wasted on nonsensical investments,","# ::snt Having said that, state funds are often wasted on nonsensical investments,
(h / have-concession-91
      :ARG1 (w / waste-01
            :ARG1 (f / fund-01
                  :ARG0 (s / state))
            :ARG2 (ii / invest-01
                  :mod (n / nonsense))
            :frequency (o / often))
      :ARG2 (s2 / say-01
            :ARG1 (t / that)))"
micro_b019,buy_tax_evader_data_from_dubious_sources,a4,False,con,so that this ideal appears unworthy of support in many ways.,"# ::snt so that this ideal appears unworthy of support in many ways.
(c / cause-01
      :ARG1 (a / appear-02
            :ARG1 (d / deserve-01
                  :polarity -
                  :ARG0 (ii / ideal
                        :mod (t / this))
                  :ARG1 (s / support-01
                        :ARG1 ii)
                  :manner (w / way
                        :quant (m / many)))))"
micro_b019,buy_tax_evader_data_from_dubious_sources,a5,False,con,"Besides, the trading of information is obviously driven by greed of gain.","# ::snt Besides, the trading of information is obviously driven by greed of gain.
(d / drive-02
      :ARG0 (g / greed
            :mod (g2 / gain-02))
      :ARG1 (t / trade-01
            :ARG1 (ii / information))
      :ARG1-of (o / obvious-01)
      :mod (b / besides))"
micro_b020,make_video_games_olympic,a1,False,con,Olympic events are rooted in old traditions.,"# ::snt Olympic events are rooted in old traditions.
(r / root-02
      :ARG1 (e / event
            :mod (o / Olympic))
      :ARG2 (t / tradition
            :mod (o2 / old)))"
micro_b020,make_video_games_olympic,a2,False,con,"On the other hand, the events have a culturally determined character.","# ::snt On the other hand, the events have a culturally determined character.
(c / contrast-01
      :ARG2 (h / have-03
            :ARG0 (e / event)
            :ARG1 (c2 / character
                  :ARG1-of (d / determine-01
                        :manner (c3 / cultural)))))"
micro_b020,make_video_games_olympic,a3,False,con,Our society is strongly digitized and influenced by computers.,"# ::snt Our society is strongly digitized and influenced by computers.
(a / and
      :op1 (d / digitize-01
            :ARG0 (c / computer)
            :ARG1 (s / society
                  :poss (w / we))
            :ARG1-of (s2 / strong-02))
      :op2 (ii / influence-01
            :ARG0 c
            :ARG1 s))"
micro_b020,make_video_games_olympic,a4,False,con,Yet sports are usually associated with physical training.,"# ::snt Yet sports are usually associated with physical training.
(h / have-concession-91
      :ARG1 (a / associate-01
            :ARG1 (s / sport)
            :ARG2 (t / train-01
                  :manner (p / physical))
            :mod (u / usual)))"
micro_b020,make_video_games_olympic,a5,False,con,"Since however skat, chess etc. are not accepted as Olympic events,","# ::snt Since however skat, chess etc. are not accepted as Olympic events,
(c / cause-01
      :ARG0 (a / accept-01
            :polarity -
            :ARG1 (a2 / and
                  :op1 (g / game
                        :name (n / name
                              :op1 ""skat""))
                  :op2 (g2 / game
                        :name (n2 / name
                              :op1 "" chess""))
                  :op3 (e / et-cetera))
            :ARG3 (e2 / event
                  :mod (g3 / game
                        :name (n3 / name
                              :op1 ""Olympic""
                              :op2 ""Games"")))))"
micro_b021,charge_tuition_fees,a2,False,con,Studying and taking higher degrees must remain a basic right for everyone.,"# ::snt Studying and taking higher degrees must remain a basic right for everyone.
(o / obligate-01
      :ARG2 (r / remain-01
            :ARG1 (a / and
                  :op1 (s / study-01
                        :ARG0 (e / everyone))
                  :op2 (t / take-01
                        :ARG0 e
                        :ARG1 (d / degree
                              :ARG1-of (h / have-degree-91
                                    :ARG2 (h2 / high-02
                                          :ARG1 d)
                                    :ARG3 (m / more)))))
            :ARG3 (r2 / right-05
                  :ARG1 e
                  :mod (b / basic))))"
micro_b021,charge_tuition_fees,a3,False,con,Fees result in longer durations of studies.,"# ::snt Fees result in longer durations of studies.
(r / result-01
      :ARG1 (f / fee)
      :ARG2 (h / have-degree-91
            :ARG1 (s / study-01)
            :ARG2 (l / long-03
                  :ARG1 s)
            :ARG3 (m / more)))"
micro_b021,charge_tuition_fees,a4,False,con,That's costly!,"# ::snt That's costly!
(c / costly
      :domain (t / that))"
micro_b022,keep_retirement_at_63,a2,False,con,"People are getting older on average,","# ::snt People are getting older on average,
(g / get-03
      :ARG1 (p / person)
      :ARG2 (o / old
            :ARG2-of (h / have-degree-91
                  :ARG1 p
                  :ARG3 (m / more)))
      :ARG1-of (a / average-04))"
micro_b022,keep_retirement_at_63,a3,False,con,but they are not sicker and not duller because of it.,"# ::snt but they are not sicker and not duller because of it.
(c / contrast-01
      :ARG2 (c2 / cause-01
            :ARG0 (ii / it)
            :ARG1 (a / and
                  :op1 (s / sick-05
                        :polarity -
                        :ARG1 (t / they)
                        :ARG2-of (h / have-degree-91
                              :ARG1 t
                              :ARG3 (m / more)))
                  :op2 (d / dull-01
                        :polarity -
                        :ARG1 t
                        :ARG2-of (h2 / have-degree-91
                              :ARG1 t
                              :ARG3 (m2 / more))))))"
micro_b022,keep_retirement_at_63,a4,False,con,Without them we'd forgo a great deal of collected experience.,"# ::snt Without them we'd forgo a great deal of collected experience.
(f / forgo-01
      :ARG0 (w / we)
      :ARG1 (d / deal
            :ARG1-of (c / collect-01
                  :ARG0 w)
            :quant-of (e / experience-01
                  :ARG0 w))
      :condition (t / they
            :polarity -))"
micro_b022,keep_retirement_at_63,a5,False,con,And we'd have to offer more leisure activities for seniors.,"# ::snt And we'd have to offer more leisure activities for seniors.
(a / and
      :op2 (o / obligate-01
            :ARG1 (w / we)
            :ARG2 (o2 / offer-01
                  :ARG0 w
                  :ARG1 (a2 / activity-06
                        :ARG1 (l / leisure)
                        :beneficiary (s / senior)
                        :ARG1-of (h / have-quant-91
                              :ARG3 (m / more))))))"
micro_b023,introduce_capital_punishment,a1,False,con,No human being or human committee should again be given the permission to rule over 'life or death'.,"# ::snt No human being or human committee should again be given the permission to rule over 'life or death'.
(r / recommend-01
      :ARG1 (g / give-01
            :polarity -
            :ARG1 (p / permit-01
                  :ARG1 (r2 / rule-over-03
                        :ARG0 (o / or
                              :op1 (b / being
                                    :mod (h / human))
                              :op2 (c / committee
                                    :mod h))
                        :ARG1 (o2 / or
                              :op1 (l / live-01)
                              :op2 (d / die-01)))
                  :ARG2 o)
            :ARG2 o
            :mod (a / again)))"
micro_b023,introduce_capital_punishment,a2,False,con,Courts are also subject to human error.,"# ::snt Courts are also subject to human error.
(s / subject-02
      :ARG1 (c / court)
      :ARG2 (e / err-01
            :ARG0 (h / human))
      :mod (a / also))"
micro_b023,introduce_capital_punishment,a4,False,con,"Every human, even those who have committed a despicable crime, can bring themselves to regret and change their opinion.","# ::snt Every human, even those who have committed a despicable crime, can bring themselves to regret and change their opinion.
(p / possible-01
      :ARG1 (a / and
            :op1 (r / regret-01
                  :ARG0 (h / human
                        :mod (e / every)
                        :ARG2-of (ii / include-91
                              :ARG1 (p2 / person
                                    :ARG0-of (c / commit-02
                                          :ARG1 (c2 / crime-02
                                                :mod (d / despicable)))
                                    :mod (e2 / even))))
                  :ARG1 h)
            :op2 (c3 / change-01
                  :ARG0 h
                  :ARG1 (t / thing
                        :ARG1-of (o / opine-01
                              :ARG0 h)))))"
micro_b023,introduce_capital_punishment,a5,False,con,A door must remain open for making amends.,"# ::snt A door must remain open for making amends.
(o / obligate-01
      :ARG2 (r / remain-01
            :ARG1 (d / door)
            :ARG3 (o2 / open-09
                  :ARG1 d
                  :purpose (m / make-18
                        :ARG1 (a / amends-01)))))"
micro_b024,cap_rent_increases,a2,False,pro,For affordable living space is scarce.,"# ::snt For affordable living space is scarce.
(s / scarce
      :purpose (s2 / space
            :location-of (l / live-01)
            :ARG1-of (a / afford-01
                  :ARG1-of (p / possible-01))))"
micro_b024,cap_rent_increases,a3,False,pro,"Besides, a higher degree of luxury (expensive flats) is not necessary for the majority of the people, but rather a flat at all.","# ::snt Besides, a higher degree of luxury (expensive flats) is not necessary for the majority of the people, but rather a flat at all.
(c / contrast-01
      :ARG1 (n / need-01
            :polarity -
            :ARG0 (p / person
                  :quant (m / majority))
            :ARG1 (d / degree
                  :mod (l / luxury)
                  :ARG1-of (m2 / mean-01
                        :ARG2 (f / flat
                              :ARG1-of (c2 / cheap-02)))
                  :ARG1-of (h / have-degree-91
                        :ARG2 (h2 / high-02
                              :ARG1 d)
                        :ARG3 (m3 / more))))
      :ARG2 (n2 / need-01
            :ARG0 p
            :ARG1 (f2 / flat
                  :mod (a / at-all)))
      :mod (b / besides))"
micro_b024,cap_rent_increases,a4,False,pro,"Plus everyone has to move approx. 3-10 times in his or her life,","# ::snt Plus everyone has to move approx. 3-10 times in his or her life,
(a / and
      :op2 (o / obligate-01
            :ARG1 (e / everyone)
            :ARG2 (m / move-01
                  :ARG0 e
                  :frequency (a2 / approximately
                        :op1 (b / between
                              :op1 3
                              :op2 10))
                  :time (l / life
                        :poss (o2 / or
                              :op1 (h / he)
                              :op2 (s / she))))))"
micro_b024,cap_rent_increases,a5,False,pro,because the size of the desired accommodation changes over the course of a lifetime.,"# ::snt because the size of the desired accommodation changes over the course of a lifetime.
(c / cause-01
      :ARG0 (c2 / change-01
            :ARG1 (s / size
                  :poss (a / accommodation
                        :ARG1-of (d / desire-01)))
            :duration (l / lifetime)))"
micro_b025,health_insurance_cover_complementary_medicine,a1,False,pro,"From time immemorial humans have had complementary medicine,","# ::snt From time immemorial humans have had complementary medicine,
(h / have-03
      :ARG0 (h2 / human)
      :ARG1 (m / medicine
            :ARG2-of (c / complement-01))
      :time (f / from
            :op1 (t / time)))"
micro_b025,health_insurance_cover_complementary_medicine,a2,False,pro,and it has not generally been ineffective.,"# ::snt and it has not generally been ineffective.
(a / and
      :op2 (e / effective-04
            :polarity -
            :ARG0 (ii / it)
            :ARG1-of (g / general-02)))"
micro_b025,health_insurance_cover_complementary_medicine,a4,False,pro,"This will do little damage to the pharmaceutical industry,","# ::snt This will do little damage to the pharmaceutical industry,
(d / damage-01
      :ARG0 (t / this)
      :ARG1 (ii / industry
            :mod (p / pharmaceutical))
      :degree (l / little))"
micro_b025,health_insurance_cover_complementary_medicine,a5,False,pro,and conventional medicine will also hardly suffer.,"# ::snt and conventional medicine will also hardly suffer.
(a / and
      :op2 (s / suffer-01
            :ARG0 (m / medicine
                  :mod (c / conventional))
            :mod (a2 / also)
            :degree (h / hardly)))"
micro_b025,health_insurance_cover_complementary_medicine,a6,False,pro,The patient could learn to be more aware of his or her body and to treat it more healthily.,"# ::snt The patient could learn to be more aware of his or her body and to treat it more healthily.
(p / possible-01
      :ARG1 (l / learn-01
            :ARG0 (p2 / person
                  :ARG0-of (h / have-rel-role-91
                        :ARG2 (p3 / patient)))
            :ARG1 (a / and
                  :op1 (r / realize-01
                        :ARG0 p2
                        :ARG1 (b / body
                              :poss p2)
                        :ARG2-of (h2 / have-degree-91
                              :ARG1 p2
                              :ARG3 (m / more)))
                  :op2 (t / treat-03
                        :ARG0 p2
                        :ARG1 b
                        :manner (h3 / healthy
                              :ARG2-of (h4 / have-degree-91
                                    :ARG1 t
                                    :ARG3 (m2 / more)))))))"
micro_b026,health_insurance_cover_complementary_medicine,a2,False,pro,Their treatment methods and successes are not amply researched or proven.,"# ::snt Their treatment methods and successes are not amply researched or proven.
(o / or
      :op1 (r / research-01
            :polarity -
            :ARG1 (a / and
                  :op1 (m / method
                        :instrument-of (t / treat-03
                              :ARG1 (t2 / they)))
                  :op2 (s / succeed-01
                        :ARG0 t2)))
      :op2 (p / prove-01
            :polarity -
            :ARG1 a)
      :manner (a2 / ample))"
micro_b026,health_insurance_cover_complementary_medicine,a3,False,pro,"Yet many patients subjectively experience relief or are cured of their complaints,","# ::snt Yet many patients subjectively experience relief or are cured of their complaints,
(o / or
      :op1 (e / experience-01
            :ARG0 (p / patient
                  :quant (m / many))
            :ARG1 (r / relieve-01
                  :ARG1 p)
            :manner (s / subjective))
      :op2 (c / cure-01
            :ARG1 p
            :ARG2 (c2 / complain-01
                  :ARG0 p))
      :ARG1-of (h / have-concession-91))"
micro_b026,health_insurance_cover_complementary_medicine,a4,False,pro,which ultimately also saves costs for conventional treatments and medication.,"# ::snt which ultimately also saves costs for conventional treatments and medication.
(s / save-01
      :ARG0 (ii / it)
      :ARG1 (m / monetary-quantity
            :ARG2-of (c / cost-01
                  :ARG1 (a / and
                        :op1 (t / treat-03
                              :mod (c2 / conventional))
                        :op2 (m2 / medication))))
      :mod (u / ultimate)
      :mod (a2 / also))"
micro_b026,health_insurance_cover_complementary_medicine,a5,False,pro,"Also conventional medicine is in many cases not successful,","# ::snt Also conventional medicine is in many cases not successful,
(s / succeed-01
      :polarity -
      :ARG1 (m / medicine
            :mod (c / conventional))
      :mod (c2 / case-04
            :quant (m2 / many))
      :mod (a / also))"
micro_b026,health_insurance_cover_complementary_medicine,a6,False,pro,"and, moreover, entails significant risks and side effects.","# ::snt and, moreover, entails significant risks and side effects.
(a / and
      :op2 (e / entail-01
            :ARG1 (a2 / and
                  :op1 (r / risk-01
                        :ARG1-of (s / significant-02))
                  :op2 (e2 / effect-03
                        :mod (s2 / side)))
            :mod (m / moreover)))"
micro_b027,introduce_capital_punishment,a2,False,con,From a Christian and humanistic perspective it is not allowed to kill someone.,"# ::snt From a Christian and humanistic perspective it is not allowed to kill someone.
(a / allow-01
      :polarity -
      :ARG1 (k / kill-01
            :ARG1 (s / someone))
      :manner (p / perspective
            :mod (r / religious-group
                  :name (n / name
                        :op1 ""Christian""))
            :mod (h / humanistic)))"
micro_b027,introduce_capital_punishment,a3,False,con,Proponents of the death penalty count on its deterring effect as well as the ultimate elimination of any potential threat.,"# ::snt Proponents of the death penalty count on its deterring effect as well as the ultimate elimination of any potential threat.
(c / count-03
      :ARG0 (p / proponent
            :mod (p2 / penalize-01
                  :manner (d / die-01)))
      :ARG1 (a / and
            :op1 (a2 / affect-01
                  :ARG0 p2
                  :ARG2 (d2 / deter-01))
            :op2 (e / eliminate-01
                  :ARG0 p
                  :ARG1 (t / threat
                        :mod (p3 / potential)
                        :mod (a3 / any))
                  :mod (u / ultimate))))"
micro_b027,introduce_capital_punishment,a4,False,con,However also the threat of the death penalty in the respective countries apparently cannot prevent murder and violent crime.,"# ::snt However also the threat of the death penalty in the respective countries apparently cannot prevent murder and violent crime.
(c / contrast-01
      :ARG2 (p / possible-01
            :polarity -
            :ARG1 (p2 / prevent-01
                  :ARG0 (t / threaten-01
                        :ARG1 (p3 / penalize-01
                              :manner (d / die-01))
                        :location (c2 / country
                              :mod (r / respective)))
                  :ARG1 (a / and
                        :op1 (m / murder-01)
                        :op2 (c3 / crime-02
                              :manner (v / violent))))
            :mod (a2 / apparent)))"
micro_b027,introduce_capital_punishment,a5,False,con,Moreover it turns out time and again that innocent people are also convicted and executed.,"# ::snt Moreover it turns out time and again that innocent people are also convicted and executed.
(a / and
      :op2 (t / turn-out-11
            :ARG1 (a2 / and
                  :op1 (c / convict-01
                        :ARG1 (p / person
                              :ARG1-of (ii / innocent-01)))
                  :op2 (e / execute-01
                        :ARG1 p)
                  :mod (a3 / also))
            :frequency (t2 / time-and-again)))"
micro_b028,charge_tuition_fees,a2,False,con,This would impede or prevent access to those who are financially weaker.,"# ::snt This would impede or prevent access to those who are financially weaker.
(o / or
      :op1 (ii / impede-01
            :ARG0 (t / this)
            :ARG1 (a / access-01
                  :ARG1 (p / person
                        :mod (t2 / that)
                        :ARG1-of (w / weak-02
                              :ARG2 (f / finance)
                              :ARG2-of (h / have-degree-91
                                    :ARG1 p
                                    :ARG3 (m / more))))))
      :op2 (p2 / prevent-01
            :ARG0 t
            :ARG1 a))"
micro_b028,charge_tuition_fees,a3,False,con,The anticipated objectives of tuition fees can be achieved by other means.,"# ::snt The anticipated objectives of tuition fees can be achieved by other means.
(p / possible-01
      :ARG1 (a / achieve-01
            :ARG1 (o / objective
                  :ARG1-of (a2 / anticipate-01)
                  :poss (f / fee
                        :mod (t / tuition)))
            :manner (m / means
                  :mod (o2 / other))))"
micro_b028,charge_tuition_fees,a4,False,con,There are other instruments to motivate tighter discipline while studying.,"# ::snt There are other instruments to motivate tighter discipline while studying.
(ii / instrument
      :mod (o / other)
      :purpose (m / motivate-01
            :ARG2 (d / discipline
                  :ARG1-of (h / have-degree-91
                        :ARG2 (t / tight-05
                              :ARG1 d)
                        :ARG3 (m2 / more)))
            :time (s / study-01))
      :ARG0-of m)"
micro_b028,charge_tuition_fees,a5,False,con,And funding-wise it ought to be considered how costs incurred by students from other (federal) states can be reimbursed.,"# ::snt And funding-wise it ought to be considered how costs incurred by students from other (federal) states can be reimbursed.
(a / and
      :op2 (r / recommend-01
            :ARG1 (c / consider-02
                  :ARG1 (t / thing
                        :manner-of (p / possible-01
                              :ARG1 (r2 / reimburse-01
                                    :ARG1 (c2 / cost-01
                                          :ARG1-of (ii / incur-01
                                                :ARG0 (p2 / person
                                                      :ARG0-of (s / study-01)
                                                      :source (s2 / state
                                                            :mod (f / federal)
                                                            :mod (o / other)))))
                                    :ARG2 p2)))
                  :topic (f2 / fund-01))))"
micro_b029,public_broadcasting_fees_on_demand,a2,False,con,Critics point out that they are not using what's on offer by public broadcasting.,"# ::snt Critics point out that they are not using what's on offer by public broadcasting.
(p / point-out-02
      :ARG0 (p2 / person
            :ARG0-of (c / criticize-01))
      :ARG1 (u / use-01
            :polarity -
            :ARG0 (t / they)
            :ARG1 (t2 / thing
                  :ARG1-of (o / offer-01
                        :ARG0 (b / broadcast-01
                              :ARG1-of (p3 / public-02))))))"
micro_b029,public_broadcasting_fees_on_demand,a3,False,con,I do doubt that there is anyone who has never at least indirectly watched the programming of the public broadcasters.,"# ::snt I do doubt that there is anyone who has never at least indirectly watched the programming of the public broadcasters.
(d / doubt-01
      :ARG0 (ii / i)
      :ARG1 (a / anyone
            :ARG0-of (w / watch-01
                  :polarity -
                  :ARG1 (p / program-01
                        :ARG0 (p2 / person
                              :ARG0-of (b / broadcast-01)
                              :ARG1-of (p3 / public-02)))
                  :ARG1-of (d2 / direct-02
                        :polarity -
                        :mod (a2 / at-least))
                  :time (e / ever))))"
micro_b029,public_broadcasting_fees_on_demand,a4,False,con,"However, it is impossible to monitor this and collect more customized fees.","# ::snt However, it is impossible to monitor this and collect more customized fees.
(c / contrast-01
      :ARG2 (p / possible-01
            :polarity -
            :ARG1 (a / and
                  :op1 (m / monitor-01
                        :ARG1 (t / this))
                  :op2 (c2 / collect-01
                        :ARG1 (f / fee
                              :ARG1-of (c3 / customize-01)
                              :mod (m2 / more))))))"
micro_b029,public_broadcasting_fees_on_demand,a5,False,con,"Just as with other choices in culture or infrastructure, public broadcasters are also to be financed, regardless of whether individuals make use of their programming or not.","# ::snt Just as with other choices in culture or infrastructure, public broadcasters are also to be financed, regardless of whether individuals make use of their programming or not.
(f / finance-01
      :ARG1 (p / person
            :ARG0-of (b / broadcast-01)
            :ARG1-of (p2 / public-02))
      :mod (a / also)
      :ARG1-of (r / resemble-01
            :ARG2 (c / choose-01
                  :ARG3 (o / or
                        :op1 (c2 / culture)
                        :op2 (ii / infrastructure))
                  :mod (o2 / other))
            :mod (j / just))
      :ARG1-of (r2 / regardless-91
            :ARG2 (o3 / or
                  :op1 (u / use-01
                        :ARG0 (ii2 / individual)
                        :ARG1 (p3 / program-01
                              :ARG0 ii2))
                  :op2 (u2 / use-01
                        :polarity -
                        :ARG0 ii2
                        :ARG1 p3))))"
micro_b030,school_uniforms,a2,False,con,They do offer the benefit that the competition over brand-name clothes and the discrimination of the socially weak are prevented.,"# ::snt They do offer the benefit that the competition over brand-name clothes and the discrimination of the socially weak are prevented.
(o / offer-01
      :ARG0 (t / they)
      :ARG1 (b / benefit-01
            :ARG0 (p / prevent-01
                  :ARG1 (a / and
                        :op1 (c / compete-01
                              :ARG2 (c2 / clothes
                                    :ARG1-of (n / name-01
                                          :ARG2 (b2 / brand))))
                        :op2 (d / discriminate-02
                              :ARG1 (p2 / person
                                    :ARG1-of (w / weak-02
                                          :mod (s / social))))))))"
micro_b030,school_uniforms,a3,False,con,Nevertheless hardly anyone wishes to dress themselves or their children in a standard uniform.,"# ::snt Nevertheless hardly anyone wishes to dress themselves or their children in a standard uniform.
(w / wish-01
      :ARG0 (a / anyone
            :mod (h / hardly))
      :ARG1 (d / dress-01
            :ARG0 a
            :ARG1 (o / or
                  :op1 a
                  :op2 (p / person
                        :ARG0-of (h2 / have-rel-role-91
                              :ARG1 a
                              :ARG2 (c / child))))
            :ARG2 (u / uniform
                  :ARG1-of (s / standard-02)))
      :ARG1-of (h3 / have-concession-91))"
micro_b030,school_uniforms,a4,False,con,Plus such uniforms also stand for ideological conformity and for the suppression of individual self-development.,"# ::snt Plus such uniforms also stand for ideological conformity and for the suppression of individual self-development.
(a / and
      :op2 (s / stand-08
            :ARG0 (u / uniform
                  :mod (s2 / such))
            :ARG1 (a2 / and
                  :op1 (c / conform-01
                        :ARG2 (ii / ideology))
                  :op2 (s3 / suppress-01
                        :ARG1 (d / develop-02
                              :ARG1 (ii2 / individual)
                              :ARG2 ii2)))
            :mod (a3 / also)))"
micro_b031,introduce_capital_punishment,a2,False,con,since no one can claim the right to rule over the life or death of another human being.,"# ::snt since no one can claim the right to rule over the life or death of another human being.
(c / cause-01
      :ARG0 (p / possible-01
            :ARG1 (c2 / claim-01
                  :ARG0 (n / no-one)
                  :ARG1 (r / right-05
                        :ARG1 n
                        :ARG2 (r2 / rule-over-05
                              :ARG0 n
                              :ARG1 (o / or
                                    :op1 (l / live-01
                                          :ARG0 (b / being
                                                :mod (h / human)
                                                :mod (a / another)))
                                    :op2 (d / die-01
                                          :ARG1 b)))))))"
micro_b031,introduce_capital_punishment,a3,False,con,Capital punishment will not deter anyone else from an atrocity.,"# ::snt Capital punishment will not deter anyone else from an atrocity.
(d / deter-01
      :polarity -
      :ARG0 (p / punish-01
            :mod (c / capital))
      :ARG1 (a / anyone
            :mod (e / else))
      :ARG2 (a2 / atrocity))"
micro_b031,introduce_capital_punishment,a4,False,con,Everyone must be given the chance to hone their conscience and possibly make amends for their deed.,"# ::snt Everyone must be given the chance to hone their conscience and possibly make amends for their deed.
(o / obligate-01
      :ARG2 (g / give-01
            :ARG1 (c / chance-02
                  :ARG0 (e / everyone)
                  :ARG1 (a / and
                        :op1 (h / hone-01
                              :ARG0 e
                              :ARG1 (c2 / conscience
                                    :poss e))
                        :op2 (m / make-18
                              :ARG0 e
                              :ARG1 (a2 / amends-01
                                    :ARG0 e
                                    :ARG1 (d / deed
                                          :poss e)
                                    :ARG1-of (p / possible-01)))))
            :ARG2 e))"
micro_b032,higher_dog_poo_fines,a2,False,pro,Dog dirt is disgusting and a hygiene problem.,"# ::snt Dog dirt is disgusting and a hygiene problem.
(a / and
      :op1 (d / disgust-01
            :ARG0 (d2 / dirt
                  :part-of (d3 / dog)))
      :op2 (p / problem
            :topic (h / hygiene)
            :domain d2))"
micro_b032,higher_dog_poo_fines,a3,False,pro,"Also children, adults and other animals aren't allowed to leave droppings on the pavement.","# ::snt Also children, adults and other animals aren't allowed to leave droppings on the pavement.
(a / allow-01
      :polarity -
      :ARG1 (l / leave-12
            :ARG0 (a2 / and
                  :op1 (c / child)
                  :op2 (a3 / adult)
                  :op3 (a4 / animal
                        :mod (o / other)))
            :ARG1 (d / droppings)
            :location (p / pavement))
      :mod (a5 / also))"
micro_b032,higher_dog_poo_fines,a4,False,pro,"If you dispose of the waste then and there yourself, no fine is necessary.","# ::snt If you dispose of the waste then and there yourself, no fine is necessary.
(h / have-condition-91
      :ARG1 (n / need-01
            :polarity -
            :ARG1 (f / fine-01))
      :ARG2 (a / and
            :op1 (d / dispose-01
                  :ARG0 (y / you)
                  :ARG1 (w / waste)
                  :time (t / then))
            :op2 (d2 / dispose-01
                  :ARG0 y
                  :ARG1 w
                  :location (t2 / there))))"
micro_b033,partial_housing_development_at_Tempelhofer_Feld,a2,False,pro,as the area is right in the middle of the city (capital).,"# ::snt as the area is right in the middle of the city (capital).
(c / cause-01
      :ARG0 (b / be-located-at-91
            :ARG1 (a / area)
            :ARG2 (m / middle
                  :part-of (c2 / city
                        :ARG1-of (m2 / mean-01
                              :ARG2 (c3 / capital)))
                  :mod (r / right))))"
micro_b033,partial_housing_development_at_Tempelhofer_Feld,a3,False,pro,The size of the field allows for both housing and generous open space.,"# ::snt The size of the field allows for both housing and generous open space.
(a / allow-01
      :ARG0 (s / size
            :poss (f / field))
      :ARG1 (a2 / and
            :op1 (h / house-01)
            :op2 (s2 / space
                  :ARG2-of (g / generous-01)
                  :ARG1-of (o / open-09))))"
micro_b034,charge_tuition_fees,a2,False,con,"Universities are for all citizens, independent of their finances.","# ::snt Universities are for all citizens, independent of their finances.
(b / benefit-01
      :ARG0 (u / university)
      :ARG1 (c / citizen
            :mod (a / all)
            :ARG0-of (d / depend-01
                  :polarity -
                  :ARG1 (f / finance
                        :poss c))))"
micro_b034,charge_tuition_fees,a3,False,con,"Education and training are fundamental rights which the state, the society must provide.","# ::snt Education and training are fundamental rights which the state, the society must provide.
(r / right-05
      :ARG2 (a / and
            :op1 (e / educate-01)
            :op2 (t / train-01))
      :mod (f / fundamental)
      :ARG1-of (p / provide-01
            :ARG0 (s / state)
            :ARG2-of (o / obligate-01
                  :ARG1 (s2 / society))))"
micro_b034,charge_tuition_fees,a4,False,con,"If a university lacks the funds, sponsors must be found.","# ::snt If a university lacks the funds, sponsors must be found.
(o / obligate-01
      :ARG2 (f / find-01
            :ARG1 (p / person
                  :ARG0-of (s / sponsor-01)))
      :condition (l / lack-01
            :ARG0 (u / university)
            :ARG1 (f2 / fund)))"
micro_b034,charge_tuition_fees,a5,False,con,Unfortunately this can lead to disagreeable dependencies in some cases.,"# ::snt Unfortunately this can lead to disagreeable dependencies in some cases.
(f / fortunate-01
      :polarity -
      :ARG2 (p / possible-01
            :ARG1 (l / lead-03
                  :ARG0 (t / this)
                  :ARG2 (d / depend-01
                        :ARG1-of (d2 / disagree-01
                              :ARG1-of p)))
            :time (c / case-04
                  :mod (s / some))))"
micro_b035,health_insurance_cover_complementary_medicine,a1,False,pro,Complementary medicine includes treatments with proven health benefits in many areas,"# ::snt Complementary medicine includes treatments with proven health benefits in many areas
(ii / include-01
      :ARG1 (t / treat-03
            :ARG0-of (b / benefit-01
                  :ARG1 (h / health)
                  :ARG1-of (p / prove-01)
                  :location (a / area
                        :quant (m / many))))
      :ARG2 (m2 / medicine
            :mod (c / complement)))"
micro_b035,health_insurance_cover_complementary_medicine,a2,False,pro,"which are often less costly than medication from conventional medicine, which are also paid for after all.","# ::snt which are often less costly than medication from conventional medicine, which are also paid for after all.
(h / have-degree-91
      :ARG1 (m / medication
            :source (m2 / medicine
                  :mod (c / conventional))
            :ARG3-of (p / pay-01
                  :mod (a / after-all)
                  :mod (a2 / also)))
      :ARG2 (c2 / costly)
      :ARG3 (l / less)
      :ARG4 m
      :frequency (o / often))"
micro_b035,health_insurance_cover_complementary_medicine,a3,False,pro,Often natural treatments do not put as much of a strain on the patient.,"# ::snt Often natural treatments do not put as much of a strain on the patient.
(s / strain-01
      :polarity -
      :ARG0 (t / treat-03
            :ARG1-of (n / natural-03))
      :ARG1 (p / person
            :ARG0-of (h / have-rel-role-91
                  :ARG2 (p2 / patient)))
      :frequency (o / often)
      :ARG1-of (h2 / have-quant-91
            :ARG2 (m / much)
            :ARG3 (e / equal)))"
micro_b035,health_insurance_cover_complementary_medicine,a4,False,pro,Such therapies can frequently result in an improvement in the condition through the active participation of the patient.,"# ::snt Such therapies can frequently result in an improvement in the condition through the active participation of the patient.
(p / possible-01
      :ARG1 (r / result-01
            :ARG1 (t / therapy
                  :mod (s / such))
            :ARG2 (ii / improve-01
                  :ARG1 (c / condition)
                  :manner (p2 / participate-01
                        :ARG0 (p3 / person
                              :ARG0-of (h / have-rel-role-91
                                    :ARG2 (p4 / patient)))
                        :ARG1-of (a / activity-06
                              :ARG0 p3)))
            :ARG1-of (f / frequent-02)))"
micro_b036,make_video_games_olympic,a2,False,pro,The performance often required by players is considerable and by all means comparable to physical efforts.,"# ::snt The performance often required by players is considerable and by all means comparable to physical efforts.
(a / and
      :op1 (c / considerable
            :domain (p / perform-02
                  :ARG0 (p2 / person
                        :ARG0-of (p3 / play-01))
                  :ARG1-of (r / require-01
                        :ARG0 p2
                        :frequency (o / often))))
      :op2 (p4 / possible-01
            :ARG1 (c2 / compare-01
                  :ARG1 p
                  :ARG2 (e / effort-01
                        :manner (p5 / physical)))
            :mod (b / by-all-means)))"
micro_b036,make_video_games_olympic,a3,False,pro,"Various skills are promoted and required by different games,","# ::snt Various skills are promoted and required by different games,
(a / and
      :op1 (p / promote-02
            :ARG0 (g / game
                  :ARG1-of (d / differ-02))
            :ARG1 (s / skill
                  :mod (v / various)))
      :op2 (r / require-01
            :ARG0 g
            :ARG1 s))"
micro_b036,make_video_games_olympic,a5,False,pro,"Considering their requirements, some video games are not relevant as sports,","# ::snt Considering their requirements, some video games are not relevant as sports,
(r / relevant-01
      :polarity -
      :ARG1 (g / game
            :mod (v / video)
            :quant (s / some))
      :prep-as (s2 / sport)
      :condition (c / consider-02
            :ARG1 (r2 / require-01
                  :ARG0 (t / they))))"
micro_b036,make_video_games_olympic,a6,False,pro,but this issue should be solvable through a clearly structured preselection process.,"# ::snt but this issue should be solvable through a clearly structured preselection process.
(c / contrast-01
      :ARG2 (r / recommend-01
            :ARG1 (s / solvable-02
                  :ARG1 (ii / issue-02
                        :mod (t / this))
                  :manner (p / process-02
                        :ARG1 (s2 / select-01)
                        :ARG1-of (s3 / structure-01
                              :ARG1-of (c2 / clear-06))
                        :mod (p2 / preselection)))))"
micro_b037,over_the_counter_morning_after_pill,a2,False,pro,Even with state-of-the-art contraceptives there can be mistakes and problems,"# ::snt Even with state-of-the-art contraceptives there can be mistakes and problems
(p / possible-01
      :ARG1 (a / and
            :op1 (m / mistake-02)
            :op2 (p2 / problem))
      :concession (c / contraceptive
            :mod (s / state-of-the-art)))"
micro_b037,over_the_counter_morning_after_pill,a3,False,pro,and an unwanted pregnancy can place a significant strain on both the parents and the child for the rest of their lives.,"# ::snt and an unwanted pregnancy can place a significant strain on both the parents and the child for the rest of their lives.
(a / and
      :op2 (p / possible-01
            :ARG1 (p2 / place-01
                  :ARG0 (p3 / pregnancy
                        :ARG1-of (w / want-01
                              :polarity -))
                  :ARG1 (s / strain-01
                        :ARG1 (a2 / and
                              :op1 (p4 / person
                                    :ARG0-of (h / have-rel-role-91
                                          :ARG2 (p5 / parent)))
                              :op2 (c / child))
                        :ARG1-of (s2 / significant-02)
                        :duration (r / rest
                              :part-of (l / live-01
                                    :ARG0 a2))))))"
micro_b037,over_the_counter_morning_after_pill,a4,False,pro,"Some worry about careless use of such measures,","# ::snt Some worry about careless use of such measures,
(w / worry-01
      :ARG0 (s / some)
      :ARG1 (u / use-01
            :ARG1 (m / measure-02
                  :mod (s2 / such))
            :ARG1-of (c / care-04
                  :polarity -)))"
micro_b037,over_the_counter_morning_after_pill,a5,False,pro,but this problem should rather be addressed with comprehensive prior education.,"# ::snt but this problem should rather be addressed with comprehensive prior education.
(c / contrast-01
      :ARG2 (r / recommend-01
            :ARG1 (a / address-02
                  :ARG1 (p / problem
                        :mod (t / this))
                  :ARG2 (e / educate-01
                        :mod (c2 / comprehensive)
                        :time (p2 / prior))
                  :ARG1-of (ii / instead-of-91))))"
micro_b038,school_uniforms,a2,False,pro,"This provides an at least superficial equalization in our heavily economically oriented society,","# ::snt This provides an at least superficial equalization in our heavily economically oriented society,
(p / provide-01
      :ARG0 (t / this)
      :ARG1 (e / equalize-01
            :mod (s / superficial
                  :mod (a / at-least))
            :location (s2 / society
                  :poss (w / we)
                  :ARG1-of (o / orient-01
                        :ARG2 (e2 / economy)
                        :degree (h / heavy)))))"
micro_b038,school_uniforms,a3,False,pro,which may reduce discrimination of financially and/or socially disadvantaged children.,"# ::snt which may reduce discrimination of financially and/or socially disadvantaged children.
(p / possible-01
      :ARG1 (r / reduce-01
            :ARG1 (d / discriminate-02
                  :ARG1 (c / child
                        :ARG1-of (d2 / disadvantage-01
                              :manner (o / or
                                    :op1 (f / financial)
                                    :op2 (s / social)))))))"
micro_b038,school_uniforms,a4,False,pro,"Furthermore, it would facilitate the finding of truants, who may wish to get away with fewer classes at school.","# ::snt Furthermore, it would facilitate the finding of truants, who may wish to get away with fewer classes at school.
(a / and
      :op2 (f / facilitate-01
            :ARG0 (ii / it)
            :ARG1 (f2 / find-01
                  :ARG1 (p / person
                        :ARG0-of (t / truant-01)
                        :ARG0-of (w / wish-01
                              :ARG1 (g / get-away-08
                                    :ARG0 p
                                    :ARG1 (c / class
                                          :location (s / school)
                                          :quant (f3 / few)))
                              :ARG1-of (p2 / possible-01))))))"
micro_b038,school_uniforms,a5,False,pro,Uniforms always and immediately provoke fear of losing one's individuality,"# ::snt Uniforms always and immediately provoke fear of losing one's individuality
(p / provoke-01
      :ARG0 (u / uniform)
      :ARG1 (f / fear-01
            :ARG1 (l / lose-02
                  :ARG0 (o / one)
                  :ARG1 (ii / individuality
                        :poss o)))
      :time (a / and
            :op1 (a2 / always)
            :op2 (ii2 / immediate)))"
micro_b038,school_uniforms,a6,False,pro,"but what's really lacking in schools today is rather a real sense of community, which would possibly be strengthened by an equal, collective appearance.","# ::snt but what's really lacking in schools today is rather a real sense of community, which would possibly be strengthened by an equal, collective appearance.
(c / contrast-01
      :ARG2 (l / lack-01
            :ARG1 (s / sense-01
                  :ARG1 (c2 / community)
                  :ARG1-of (r / real-04)
                  :ARG1-of (s2 / strengthen-01
                        :ARG0 (a / appear-01
                              :mod (c3 / collective)
                              :ARG1-of (e / equal-01))
                        :ARG1-of (p / possible-01)))
            :location (s3 / school)
            :time (t / today)
            :ARG1-of (r2 / real-04)))"
micro_b039,EU_influence_on_political_events_in_Ukraine,a2,False,pro,"The developments in that conflict should not be left to former Cold War opponents alone,","# ::snt The developments in that conflict should not be left to former Cold War opponents alone,
(r / recommend-01
      :polarity -
      :ARG1 (l / leave-02
            :ARG1 (d / develop-01
                  :ARG2 (c / conflict-01
                        :mod (t / that)))
            :ARG2 (p / person
                  :ARG0-of (o / oppose-01
                        :ARG1 c
                        :time (f / former))
                  :mod (a / alone))))"
micro_b039,EU_influence_on_political_events_in_Ukraine,a3,False,pro,for that course can only lead to escalation in some form.,"# ::snt for that course can only lead to escalation in some form.
(c / cause-01
      :ARG1 (p / possible-01
            :ARG1 (l / lead-03
                  :ARG0 (c2 / course
                        :mod (t / that))
                  :ARG2 (e / escalate-01
                        :manner (f / form
                              :mod (s / some)))
                  :mod (o / only))))"
micro_b039,EU_influence_on_political_events_in_Ukraine,a4,False,pro,"Furthermore, Ukraine is culturally and geographically much closer than other countries that the EU (used to) get involved with.","# ::snt Furthermore, Ukraine is culturally and geographically much closer than other countries that the EU (used to) get involved with.
(a / and
      :op2 (c / close-06
            :ARG1 (c2 / country
                  :name (n / name
                        :op1 ""Ukraine""))
            :ARG2 (c3 / country
                  :mod (o / other)
                  :ARG1-of (ii / involve-01
                        :ARG0 (o2 / organization
                              :name (n2 / name
                                    :op1 ""EU""))
                        :time (u / use-03)))
            :manner (c4 / cultural)
            :manner (g / geographic)
            :ARG2-of (h / have-degree-91
                  :ARG1 c2
                  :ARG3 (m / more
                        :quant (m2 / much))
                  :ARG4 c3)))"
micro_b039,EU_influence_on_political_events_in_Ukraine,a5,False,pro,"Indeed one could argue that a country has to deal with internal political changes itself,","# ::snt Indeed one could argue that a country has to deal with internal political changes itself,
(p / possible-01
      :ARG1 (a / argue-01
            :ARG0 (o / one)
            :ARG1 (o2 / obligate-01
                  :ARG1 (c / country)
                  :ARG2 (d / deal-01
                        :ARG0 c
                        :ARG2 (c2 / change-01
                              :ARG1 (p2 / politics)
                              :ARG1-of (ii / internal-02))))
            :mod (ii2 / indeed)))"
micro_b039,EU_influence_on_political_events_in_Ukraine,a6,False,pro,"but political power also brings about political responsibility, in this case the responsibility to protect the Ukrainian people from the rather strong interests of the two Great Powers.","# ::snt but political power also brings about political responsibility, in this case the responsibility to protect the Ukrainian people from the rather strong interests of the two Great Powers.
(c / contrast-01
      :ARG2 (b / bring-about-05
            :ARG0 (p / power
                  :mod (p2 / politics))
            :ARG1 (r / responsible-03
                  :ARG1 (p3 / protect-01
                        :ARG1 (p4 / people
                              :mod (c2 / country
                                    :name (n / name
                                          :op1 ""Ukraine"")))
                        :ARG2 (ii / interest
                              :poss p
                              :quant 2
                              :mod (g / great))
                        :ARG1-of (s / strong-02
                              :degree (r2 / rather))))
            :mod (p5 / politics)
            :prep-in (c3 / case-04
                  :ARG1 (t / this)))
      :mod (a / also))"
micro_b040,higher_dog_poo_fines,a2,False,pro,Stepping in dog dirt is gross and absolutely ruins your day,"# ::snt Stepping in dog dirt is gross and absolutely ruins your day
(a / and
      :op1 (g / gross-05
            :ARG0 (s / stick-01
                  :ARG1 (y / you)
                  :ARG2 (d / dirt
                        :source (d2 / dog))))
      :op2 (r / ruin-01
            :ARG0 s
            :ARG1 (d3 / day
                  :poss y)
            :degree (a2 / absolute)))"
micro_b040,higher_dog_poo_fines,a3,False,pro,"due to the dirt, the stench and the often considerable effort to get rid of it.","# ::snt due to the dirt, the stench and the often considerable effort to get rid of it.
(c / cause-01
      :ARG0 (a / and
            :op1 (d / dirt)
            :op2 (s / stink-01)
            :op3 (e / effort-01
                  :ARG1 (r / rid-01
                        :ARG1 d)
                  :degree (c2 / considerable)
                  :frequency (o / often))))"
micro_b040,higher_dog_poo_fines,a4,False,pro,"Besides, the fines for public urination by a human are higher than for leaving behind dog dirt on the pavement, which is disproportionate.","# ::snt Besides, the fines for public urination by a human are higher than for leaving behind dog dirt on the pavement, which is disproportionate.
(h / have-degree-91
      :ARG1 (f / fine-01
            :ARG3 (u / urinate-01
                  :ARG0 (h2 / human)
                  :ARG1-of (p / public-02)))
      :ARG2 (h3 / high-02
            :ARG1 f)
      :ARG3 (m / more)
      :ARG4 (f2 / fine-01
            :ARG3 (l / leave-behind-18
                  :ARG1 (d / dirt
                        :source (d2 / dog))
                  :location (p2 / pavement))
            :mod (p3 / proportionate
                  :polarity -))
      :mod (b / besides))"
micro_b040,higher_dog_poo_fines,a5,False,pro,"Some dog owners assume that paying a dog licence fee covers the removal of such waste,","# ::snt Some dog owners assume that paying a dog licence fee covers the removal of such waste,
(a / assume-02
      :ARG0 (p / person
            :ARG0-of (o / own-01
                  :ARG1 (d / dog))
            :quant (s / some))
      :ARG1 (c / cover-01
            :ARG1 (r / remove-01
                  :ARG1 (w / waste
                        :mod (s2 / such)))
            :ARG2 (p2 / pay-01
                  :ARG0 p
                  :ARG1 (f / fee
                        :mod (l / license
                              :mod d)))))"
micro_b040,higher_dog_poo_fines,a6,False,pro,but according to this logic one could hardly make the taxpayer accountable for almost any offense.,"# ::snt but according to this logic one could hardly make the taxpayer accountable for almost any offense.
(c / contrast-01
      :ARG2 (s / say-01
            :ARG0 (l / logic
                  :mod (t / this))
            :ARG1 (p / possible-01
                  :ARG1 (m / make-02
                        :ARG0 (o / one)
                        :ARG1 (a / accountable-02
                              :ARG0 (p2 / person
                                    :ARG0-of (p3 / pay-01
                                          :ARG1 (t2 / tax-01)))
                              :ARG1 (o2 / offend-03
                                    :mod (a2 / any
                                          :mod (a3 / almost))))
                        :mod (h / hardly)))))"
micro_b041,stricter_regulation_of_intelligence_services,a2,False,pro,"After all, secret services tend to develop a life of their own (a state within a state), which would be irresponsible for democratic states.","# ::snt After all, secret services tend to develop a life of their own (a state within a state), which would be irresponsible for democratic states.
(t / tend-02
      :ARG1 (s / service
            :mod (s2 / secret))
      :ARG2 (d / develop-02
            :ARG0 s
            :ARG1 (l / life
                  :poss s
                  :ARG1-of (m / mean-01
                        :ARG2 (s3 / state
                              :location (s4 / state)))))
      :mod (a / after-all)
      :ARG1-of (r / responsible-02
            :polarity -
            :ARG2 (s5 / state
                  :mod (d2 / democracy))))"
micro_b041,stricter_regulation_of_intelligence_services,a3,False,pro,"Besides, intelligence services intervene massively in the privacy of citizens","# ::snt Besides, intelligence services intervene massively in the privacy of citizens
(ii / intervene-01
      :ARG0 (s / service
            :mod (ii2 / intelligence))
      :ARG1 (p / privacy
            :poss (c / citizen))
      :manner (m / massive)
      :mod (b / besides))"
micro_b041,stricter_regulation_of_intelligence_services,a4,False,pro,and must therefore be monitored more closely to prevent abuse.,"# ::snt and must therefore be monitored more closely to prevent abuse.
(a / and
      :op2 (o / obligate-01
            :ARG2 (m / monitor-01
                  :ARG1-of (h / have-degree-91
                        :ARG2 (c / close-10
                              :ARG1 m)
                        :ARG3 (m2 / more))
                  :purpose (p / prevent-01
                        :ARG1 (a2 / abuse-01)))))"
micro_b041,stricter_regulation_of_intelligence_services,a5,False,pro,Parliamentary control however hampers the work of intelligence services,"# ::snt Parliamentary control however hampers the work of intelligence services
(c / contrast-01
      :ARG2 (h / hamper-01
            :ARG0 (c2 / control-01
                  :ARG0 (g / government-organization
                        :name (n / name
                              :op1 ""Parliament"")))
            :ARG1 (w / work-01
                  :ARG0 (s / service
                        :mod (ii / intelligence)))))"
micro_b041,stricter_regulation_of_intelligence_services,a6,False,pro,for it jeopardizes the secrecy and security of confidential data and informants.,"# ::snt for it jeopardizes the secrecy and security of confidential data and informants.
(c / cause-01
      :ARG1 (j / jeopardize-01
            :ARG0 (ii / it)
            :ARG1 (a / and
                  :op1 (s / secrecy
                        :poss (a2 / and
                              :op1 (d / data
                                    :mod (c2 / confidential))
                              :op2 (p / person
                                    :ARG0-of (ii2 / inform-01))))
                  :op2 (s2 / security
                        :poss a2))))"
micro_b042,over_the_counter_morning_after_pill,a1,False,con,The state ought not to restrict medical products or medical treatments for moral reasons as long as they don't do damage to others.,"# ::snt The state ought not to restrict medical products or medical treatments for moral reasons as long as they don't do damage to others.
(r / recommend-01
      :ARG1 (r2 / restrict-01
            :polarity -
            :ARG0 (s / state)
            :ARG1 (o / or
                  :op1 (p / product
                        :mod (m / medicine))
                  :op2 (t / treat-03
                        :mod (m2 / medicine)))
            :ARG1-of (c / cause-01
                  :ARG0 (r3 / reason
                        :ARG1-of (m3 / moral-02)))
            :condition (a / as-long-as
                  :op1 (d / damage-01
                        :polarity -
                        :ARG0 o
                        :ARG1 (o2 / other)))))"
micro_b042,over_the_counter_morning_after_pill,a2,False,con,But without a prescription requirement there's also no medical advice given before intake.,"# ::snt But without a prescription requirement there's also no medical advice given before intake.
(c / contrast-01
      :ARG2 (a / advise-01
            :polarity -
            :mod (m / medicine)
            :mod (a2 / also)
            :time (b / before
                  :op1 (ii / intake-01))
            :ARG1-of (r / require-01
                  :polarity -
                  :ARG0 (t / thing
                        :ARG1-of (p / prescribe-02)))))"
micro_b042,over_the_counter_morning_after_pill,a3,False,con,"Since the impact of the morning-after pill is so massive, particularly due to its abortive effect,","# ::snt Since the impact of the morning-after pill is so massive, particularly due to its abortive effect,
(c / cause-01
      :ARG0 (h / have-degree-91
            :ARG1 (ii / impact-01
                  :ARG0 (p / pill
                        :time (a / after
                              :op1 (m / morning))))
            :ARG2 (m2 / massive)
            :ARG3 (s / so))
      :ARG1 (e / effect-03
            :ARG0 p
            :ARG1 (a2 / abort-01)
            :mod (p2 / particular)))"
micro_b042,over_the_counter_morning_after_pill,a5,False,con,"Easy access to the morning-after pill could also result in its appearing to be an easier method than other forms of contraception that, however, have fewer health effects.","# ::snt Easy access to the morning-after pill could also result in its appearing to be an easier method than other forms of contraception that, however, have fewer health effects.
(p / possible-01
      :ARG1 (r / result-01
            :ARG1 (a / access-01
                  :ARG1 (p2 / pill
                        :time (d / date-entity
                              :dayperiod (m / morning)
                              :time (a2 / after)))
                  :ARG1-of (e / easy-05))
            :ARG2 (a3 / appear-02
                  :ARG1 (m2 / method
                        :domain p2
                        :ARG1-of (h / have-degree-91
                              :ARG2 (e2 / easy-05)
                              :ARG3 (m3 / more)
                              :ARG4 (c / contraception
                                    :mod (f / form
                                          :mod (o / other))
                                    :ARG0-of (a4 / affect-01
                                          :ARG1 (h2 / health)
                                          :ARG1-of (c2 / contrast-01)
                                          :ARG1-of (h3 / have-quant-91
                                                :ARG3 (l / less)))))
                        :ARG1-of (h4 / have-degree-91
                              :ARG2 e2
                              :ARG3 (m4 / more))))
            :mod (a5 / also)))"
micro_b044,TXL_airport_remain_operational_after_BER_opening,a2,False,pro,It is an asset for the economy.,"# ::snt It is an asset for the economy.
(a / asset
      :beneficiary (e / economy)
      :domain (ii / it))"
micro_b044,TXL_airport_remain_operational_after_BER_opening,a3,False,pro,The negative impact of air traffic however is considerable.,"# ::snt The negative impact of air traffic however is considerable.
(c / contrast-01
      :ARG2 (ii / impact-01
            :ARG0 (t / traffic
                  :mod (a / air))
            :ARG1-of (n / negative-02)
            :degree (c2 / considerable)))"
micro_b044,TXL_airport_remain_operational_after_BER_opening,a4,False,pro,Air traffic is extremely environmentally unfriendly.,"# ::snt Air traffic is extremely environmentally unfriendly.
(f / friendly-01
      :polarity -
      :ARG0 (t / traffic
            :mod (a / air))
      :ARG2 (e / environment)
      :degree (e2 / extreme))"
micro_b044,TXL_airport_remain_operational_after_BER_opening,a5,False,pro,"Particularly in Tegel, the residents have been bearing the stress of aircraft noise for decades.","# ::snt Particularly in Tegel, the residents have been bearing the stress of aircraft noise for decades.
(b / bear-01
      :ARG0 (p / person
            :ARG0-of (r / reside-01))
      :ARG1 (s / stress-02
            :ARG0 (n / noise
                  :source (a / aircraft))
            :ARG1 p)
      :duration (m / multiple
            :op1 (t / temporal-quantity
                  :quant 1
                  :unit (d / decade)))
      :location (c / city
            :name (n2 / name
                  :op1 ""Tegel"")
            :mod (p2 / particular)))"
micro_b045,buy_tax_evader_data_from_dubious_sources,a1,False,con,"By purchasing illegally acquired tax data of citizens, the state is not only turning itself into a felon, but it is paying criminals, too.","# ::snt By purchasing illegally acquired tax data of citizens, the state is not only turning itself into a felon, but it is paying criminals, too.
(a / and
      :op1 (t / turn-02
            :ARG0 (s / state)
            :ARG1 s
            :ARG2 (f / felon)
            :manner (p / purchase-01
                  :ARG0 s
                  :ARG1 (d / data
                        :topic (t2 / tax-01)
                        :ARG1-of (a2 / acquire-01
                              :ARG1-of (l / legal-02
                                    :polarity -))
                        :poss (c / citizen))))
      :op2 (p2 / pay-01
            :ARG0 s
            :ARG2 (p3 / person
                  :ARG2-of (c2 / criminal-03))
            :mod (t3 / too)))"
micro_b045,buy_tax_evader_data_from_dubious_sources,a2,False,con,"Besides, the purchase of such CDs is unnecessary today,","# ::snt Besides, the purchase of such CDs is unnecessary today,
(n / need-01
      :polarity -
      :ARG1 (p / purchase-01
            :ARG1 (d / disc
                  :mod (s / such)
                  :mod (v / versatile)
                  :ARG1-of p))
      :mod (b / besides)
      :time (t / today))"
micro_b045,buy_tax_evader_data_from_dubious_sources,a3,False,con,"as, due to changed terms of business, many banks urge their customers to turn themselves in.","# ::snt as, due to changed terms of business, many banks urge their customers to turn themselves in.
(u / urge-01
      :ARG0 (b / bank
            :quant (m / many))
      :ARG1 (c / customer
            :poss b)
      :ARG2 (t / turn-in-22
            :ARG0 c
            :ARG1 b)
      :ARG1-of (c2 / cause-01
            :ARG0 (c3 / change-01
                  :ARG1 (t2 / term
                        :mod (b2 / business)))))"
micro_b045,buy_tax_evader_data_from_dubious_sources,a5,False,con,"It is indisputable, however, that by purchasing such data the state increases the pressure on tax evaders to turn themselves in.","# ::snt It is indisputable, however, that by purchasing such data the state increases the pressure on tax evaders to turn themselves in.
(c / contrast-01
      :ARG2 (p / possible-01
            :polarity -
            :ARG1 (d / dispute-01
                  :ARG2 (ii / increase-01
                        :ARG0 (p2 / purchase-01
                              :ARG0 (s / state)
                              :ARG1 (d2 / data
                                    :mod (s2 / such)))
                        :ARG1 (p3 / pressure-01
                              :ARG1 (p4 / person
                                    :ARG0-of (e / evade-01
                                          :ARG1 (t / tax)))
                              :ARG2 (t2 / turn-in-22
                                    :ARG0 p4
                                    :ARG1 p4))))))"
micro_b046,stricter_regulation_of_intelligence_services,a1,False,pro,Intelligence services apparently enjoy indiscriminate liberties.,"# ::snt Intelligence services apparently enjoy indiscriminate liberties.
(e / enjoy-01
      :ARG0 (s / service
            :mod (ii / intelligence))
      :ARG1 (l / liberty
            :ARG1-of (d / discriminate-01
                  :polarity -))
      :ARG1-of (a / appear-02))"
micro_b046,stricter_regulation_of_intelligence_services,a2,False,pro,No one can follow their activities in detail.,"# ::snt No one can follow their activities in detail.
(p / possible-01
      :ARG1 (f / follow-02
            :ARG0 (n / no-one)
            :ARG1 (a / activity-06
                  :ARG0 (t / they))
            :manner (d / detail-01)))"
micro_b046,stricter_regulation_of_intelligence_services,a3,False,pro,Of course a certain level of secrecy is the basis for the work of intelligence services.,"# ::snt Of course a certain level of secrecy is the basis for the work of intelligence services.
(b / base-02
      :ARG1 (w / work-01
            :ARG0 (s / service
                  :mod (ii / intelligence)))
      :ARG2 (s2 / secrecy
            :mod (l / level
                  :mod (c / certain)))
      :mod (o / of-course))"
micro_b046,stricter_regulation_of_intelligence_services,a4,False,pro,"The unregulated work of the secret services, however, carries the danger of misuse of their authority.","# ::snt The unregulated work of the secret services, however, carries the danger of misuse of their authority.
(c / contrast-01
      :ARG2 (c2 / carry-01
            :ARG0 (w / work-01
                  :ARG0 (s / service
                        :mod (s2 / secret))
                  :ARG1-of (r / regulate-01
                        :polarity -))
            :ARG1 (d / danger
                  :mod (m / misuse-01
                        :ARG0 s
                        :ARG1 (a / authority
                              :poss s)))))"
micro_b047,over_the_counter_morning_after_pill,a1,False,con,The morning-after pill has a number of side effects.,"# ::snt The morning-after pill has a number of side effects.
(e / effect-03
      :ARG0 (p / pill
            :time (d / date-entity
                  :dayperiod (m / morning)
                  :after (e2 / event
                        :mod (s / side)
                        :quant (n / number)))))"
micro_b047,over_the_counter_morning_after_pill,a2,False,con,A differentiated analysis of its side effects is not achievable for a layperson without medical advice.,"# ::snt A differentiated analysis of its side effects is not achievable for a layperson without medical advice.
(p / possible-01
      :polarity -
      :ARG1 (a / achieve-01
            :ARG0 (p2 / person
                  :ARG1-of (l / lay-05)
                  :ARG2-of (a2 / advise-01
                        :polarity -
                        :mod (m / medicine)))
            :ARG1 (a3 / analyze-01
                  :ARG1 (e / effect-03
                        :ARG0 (ii / it)
                        :mod (s / side))
                  :ARG1-of (d / differentiate-01))))"
micro_b047,over_the_counter_morning_after_pill,a3,False,con,"However these are clearly stated on the package insert,","# ::snt However these are clearly stated on the package insert,
(c / contrast-01
      :ARG2 (s / state-01
            :ARG1 (t / this)
            :location (ii / insert-01
                  :ARG1 (p / package))
            :ARG1-of (c2 / clear-06)))"
micro_b047,over_the_counter_morning_after_pill,a4,False,con,and a request for an early termination of a pregnancy is the right of every woman.,"# ::snt and a request for an early termination of a pregnancy is the right of every woman.
(a / and
      :op2 (r / right-05
            :ARG1 (w / woman
                  :mod (e / every))
            :ARG2 (r2 / request-01
                  :ARG0 w
                  :ARG1 (t / terminate-01
                        :ARG1 (p / pregnancy)
                        :time (e2 / early)))))"
micro_b048,charge_tuition_fees,a1,False,con,Every German citizen has a right to education.,"# ::snt Every German citizen has a right to education.
(r / right-05
      :ARG1 (c / citizen
            :mod (c2 / country
                  :name (n / name
                        :op1 ""Germany""))
            :mod (e / every))
      :ARG2 (e2 / educate-01
            :ARG1 c))"
micro_b048,charge_tuition_fees,a2,False,con,"Quality at universities has its price,","# ::snt Quality at universities has its price,
(p / price-01
      :ARG1 (q / quality
            :location (u / university))
      :ARG2 (t / thing))"
micro_b048,charge_tuition_fees,a3,False,con,which is why students also ought to be involved in this cost factor.,"# ::snt which is why students also ought to be involved in this cost factor.
(c / cause-01
      :ARG1 (r / recommend-01
            :ARG1 (ii / involve-01
                  :ARG1 (p / person
                        :ARG0-of (s / study-01))
                  :ARG2 (f / factor
                        :mod (c2 / cost-01)
                        :mod (t / this))
                  :mod (a / also))))"
micro_b048,charge_tuition_fees,a4,False,con,But education must not be a question of money in a wealthy society such as Germany.,"# ::snt But education must not be a question of money in a wealthy society such as Germany.
(c / contrast-01
      :ARG2 (o / obligate-01
            :ARG2 (q / question-03
                  :polarity -
                  :ARG1 (e / educate-01)
                  :topic (m / money)
                  :location (s / society
                        :mod (w / wealth)
                        :example (c2 / country
                              :name (n / name
                                    :op1 ""Germany""))))))"
micro_b049,increase_weight_of_BA_thesis_in_final_grade,a1,False,con,The bachelor thesis reflects both the content and the methods of the topics covered during a degree programme.,"# ::snt The bachelor thesis reflects both the content and the methods of the topics covered during a degree programme.
(r / reflect-01
      :ARG1 (t / thesis
            :mod (b / bachelor))
      :ARG2 (a / and
            :op1 (c / content)
            :op2 (m / method)
            :poss (t2 / topic
                  :ARG1-of (c2 / cover-01
                        :time (p / program
                              :mod (d / degree))))))"
micro_b049,increase_weight_of_BA_thesis_in_final_grade,a2,False,con,But one can make occasional mistakes in the thesis.,"# ::snt But one can make occasional mistakes in the thesis.
(c / contrast-01
      :ARG2 (p / possible-01
            :ARG1 (m / mistake-02
                  :ARG0 (o / one)
                  :ARG1 (t / thesis)
                  :frequency (o2 / occasional))))"
micro_b049,increase_weight_of_BA_thesis_in_final_grade,a3,False,con,"If this carries more weight, many good individual assignments done during the course of study may be obscured.","# ::snt If this carries more weight, many good individual assignments done during the course of study may be obscured.
(p / possible-01
      :ARG1 (o / obscure-01
            :ARG1 (a / assign-01
                  :ARG1-of (g / good-02)
                  :mod (ii / individual)
                  :quant (m / many)
                  :ARG1-of (d / do-02
                        :duration (s / study-01))))
      :condition (c / carry-01
            :ARG0 (t / this)
            :ARG1 (w / weight
                  :mod (m2 / more))))"
micro_b049,increase_weight_of_BA_thesis_in_final_grade,a4,False,con,A good grade for the thesis also significantly depends on the supervision of a dedicated teacher.,"# ::snt A good grade for the thesis also significantly depends on the supervision of a dedicated teacher.
(d / depend-01
      :ARG0 (g / grade
            :ARG1-of (g2 / good-02)
            :topic (t / thesis))
      :ARG1 (s / supervise-01
            :ARG0 (p / person
                  :ARG0-of (t2 / teach-01)
                  :ARG1-of (d2 / dedicate-01))
            :ARG1 g)
      :ARG1-of (s2 / significant-02
            :mod (a / also)))"
micro_b050,keep_retirement_at_63,a1,False,con,"Germany's aging society is undergoing demographic change,","# ::snt Germany's aging society is undergoing demographic change,
(u / undergo-28
      :ARG1 (s / society
            :mod (c / country
                  :name (n / name
                        :op1 ""Germany""))
            :ARG1-of (a / age-01))
      :ARG2 (c2 / change-01
            :ARG1 (d / demography)))"
micro_b050,keep_retirement_at_63,a2,False,con,and the age of those who are physically and mentally fit is increasing steadily.,"# ::snt and the age of those who are physically and mentally fit is increasing steadily.
(a / and
      :op2 (ii / increase-01
            :ARG1 (a2 / age-01
                  :ARG1 (p / person
                        :mod (t / that)
                        :ARG1-of (f / fit-05
                              :manner (a3 / and
                                    :op1 (p2 / physical)
                                    :op2 (m / mental)))))
            :manner (s / steady)))"
micro_b050,keep_retirement_at_63,a3,False,con,Thus social security and pension costs are increasing.,"# ::snt Thus social security and pension costs are increasing.
(ii / infer-01
      :ARG1 (ii2 / increase-01
            :ARG1 (a / and
                  :op1 (c / cost-01
                        :ARG1 (p / program
                              :name (n / name
                                    :op1 ""Social""
                                    :op2 ""Security"")))
                  :op2 (c2 / cost-01
                        :ARG1 (p2 / pension)))))"
micro_b050,keep_retirement_at_63,a4,False,con,Yet no one should be required to work for more than 40 years.,"# ::snt Yet no one should be required to work for more than 40 years.
(h / have-concession-91
      :ARG1 (r / recommend-01
            :ARG1 (r2 / require-01
                  :ARG1 (w / work-01
                        :ARG0 (n / no-one)
                        :duration (m / more-than
                              :op1 (t / temporal-quantity
                                    :quant 40
                                    :unit (y / year))))
                  :ARG2 n)))"
micro_b051,allow_shops_to_open_on_holidays_and_sundays,a1,False,con,Due to the increase in opening hours on Sundays and holidays there is a rise in employment.,"# ::snt Due to the increase in opening hours on Sundays and holidays there is a rise in employment.
(c / cause-01
      :ARG0 (ii / increase-01
            :ARG1 (h / hour
                  :time-of (o / open-01)
                  :frequency (a / and
                        :op1 (d / date-entity
                              :weekday (s / sunday))
                        :op2 (h2 / holiday))))
      :ARG1 (r / rise-01
            :ARG1 (e / employ-01)))"
micro_b051,allow_shops_to_open_on_holidays_and_sundays,a2,False,con,"However it's mainly temps (that is, students, pupils etc.) who are employed,","# ::snt However it's mainly temps (that is, students, pupils etc.) who are employed,
(c / contrast-01
      :ARG2 (e / employ-01
            :ARG1 (p / person
                  :ARG0-of (w / work-01
                        :manner (t / temporary))
                  :example (o / or
                        :op1 (p2 / person
                              :ARG0-of (s / study-01))
                        :op2 (p3 / pupil)
                        :op3 (e2 / et-cetera)))
            :mod (m / main)))"
micro_b051,allow_shops_to_open_on_holidays_and_sundays,a3,False,con,so this has hardly any effect on the level of full-time employment and the number of unemployed.,"# ::snt so this has hardly any effect on the level of full-time employment and the number of unemployed.
(ii / infer-01
      :ARG1 (a / affect-01
            :ARG0 (t / this)
            :ARG1 (a2 / and
                  :op1 (l / level
                        :mod (e / employ-01
                              :mod (f / full-time)))
                  :op2 (n / number
                        :quant-of (e2 / employ-01
                              :polarity -)))
            :degree (h / hardly)))"
micro_b051,allow_shops_to_open_on_holidays_and_sundays,a4,False,con,"On top of that, private and family life suffers massively because of this reduction and shifting in designated off-times.","# ::snt On top of that, private and family life suffers massively because of this reduction and shifting in designated off-times.
(a / and
      :op2 (s / suffer-01
            :ARG0 (a2 / and
                  :op1 (l / life
                        :ARG1-of (p / private-03))
                  :op2 (l2 / life
                        :mod (f / family)))
            :ARG1-of (c / cause-01
                  :ARG0 (a3 / and
                        :op1 (r / reduce-01
                              :mod (t / this))
                        :op2 (s2 / shift-01
                              :ARG1 a2
                              :ARG2 (t2 / time
                                    :ARG1-of (d / designate-01)
                                    :mod (o / off)))))
            :manner (m / massive)
            :prep-in (a4 / add-02
                  :ARG1 (t3 / that))))"
micro_b051,allow_shops_to_open_on_holidays_and_sundays,a5,False,con,And it’s only the large companies that can afford the additional personnel expenditure.,"# ::snt And it’s only the large companies that can afford the additional personnel expenditure.
(a / and
      :op2 (p / possible-01
            :ARG1 (a2 / afford-01
                  :ARG0 (c / company
                        :mod (l / large)
                        :mod (o / only))
                  :ARG1 (m / monetary-quantity
                        :ARG1-of (e / expend-01
                              :ARG2 (p2 / personnel)
                              :mod (a3 / additional))))))"
micro_b052,keep_retirement_at_63,a1,False,con,Although the workload is getting heavier in many professions,"# ::snt Although the workload is getting heavier in many professions
(h / have-concession-91
      :ARG2 (g / get-03
            :ARG1 (w / workload)
            :ARG2 (h2 / have-degree-91
                  :ARG1 w
                  :ARG2 (h3 / heavy)
                  :ARG3 (m / more))
            :location (p / profession
                  :quant (m2 / many))))"
micro_b052,keep_retirement_at_63,a2,False,con,"and physical and psychological wear on personnel is steadily increasing,","# ::snt and physical and psychological wear on personnel is steadily increasing,
(a / and
      :op2 (ii / increase-01
            :ARG1 (w / wear-01
                  :ARG1 (p / personnel)
                  :mod (p2 / physical)
                  :mod (p3 / psychological))
            :manner (s / steady)))"
micro_b052,keep_retirement_at_63,a4,False,con,"For, due to the low birth rate, the proportion of the elderly population and with it pension costs are on the rise,","# ::snt For, due to the low birth rate, the proportion of the elderly population and with it pension costs are on the rise,
(c / cause-01
      :ARG0 (r / rise-01
            :ARG1 (p / proportion
                  :part-of (p2 / population
                        :mod (e / elderly)))
            :ARG1-of c
            :ARG0 (r2 / rate
                  :mod (b / bear-02)
                  :ARG1-of (l / low-04)))
      :ARG1 (c2 / cost-01
            :ARG1 (p3 / pension)
            :ARG3 p))"
micro_b052,keep_retirement_at_63,a5,False,con,"and furthermore, due to today's healthcare most people in many occupations are fitter for work in old age than before.","# ::snt and furthermore, due to today's healthcare most people in many occupations are fitter for work in old age than before.
(a / and
      :op2 (c / cause-01
            :ARG0 (h / healthcare
                  :time (t / today))
            :ARG1 (h2 / have-degree-91
                  :ARG1 (p / person
                        :quant (m / most)
                        :ARG0-of (o / occupy-01
                              :quant (m2 / many)))
                  :ARG2 (f / fit-03
                        :ARG1 p
                        :purpose (w / work-01
                              :ARG0 p))
                  :ARG3 (m3 / more)
                  :ARG4 (b / before
                        :op1 (n / now)))))"
micro_b053,health_insurance_cover_complementary_medicine,a1,False,con,Many people see proven relief of their symptoms and complaints by complementary medicine.,"# ::snt Many people see proven relief of their symptoms and complaints by complementary medicine.
(s / see-01
      :ARG0 (p / person
            :quant (m / many))
      :ARG1 (r / relieve-01
            :ARG0 (m2 / medicine
                  :ARG2-of (c / complement-01))
            :ARG1 (a / and
                  :op1 (s2 / symptom
                        :poss p)
                  :op2 (c2 / complain-01
                        :ARG0 p))
            :ARG1-of (p2 / prove-01)))"
micro_b053,health_insurance_cover_complementary_medicine,a2,False,con,However there is no substantiated data that this healing isn't simply due to the placebo effect.,"# ::snt However there is no substantiated data that this healing isn't simply due to the placebo effect.
(c / contrast-01
      :ARG2 (d / data
            :polarity -
            :ARG0-of (s / substantiate-01)
            :topic (c2 / cause-01
                  :polarity -
                  :ARG0 (e / effect-03
                        :ARG1 (p / placebo)
                        :mod (s2 / simple))
                  :ARG1 (h / heal-01
                        :mod (t / this)))))"
micro_b053,health_insurance_cover_complementary_medicine,a3,False,con,"Besides many practices in this field are not regulated professions,","# ::snt Besides many practices in this field are not regulated professions,
(p / profession
      :ARG1-of (r / regulate-01
            :polarity -)
      :domain (p2 / practice-01
            :quant (m / many)
            :location (f / field
                  :mod (t / this)))
      :mod (b / besides))"
micro_b053,health_insurance_cover_complementary_medicine,a4,False,con,which means that quacks and phonies can practice these occupations unknown to the patients.,"# ::snt which means that quacks and phonies can practice these occupations unknown to the patients.
(m / mean-01
      :ARG2 (p / possible-01
            :ARG1 (p2 / practice-01
                  :ARG0 (a / and
                        :op1 (q / quack)
                        :op2 (p3 / phony))
                  :ARG1 (o / occupation
                        :mod (t / this)
                        :ARG1-of (k / know-02
                              :polarity -
                              :ARG0 (p4 / person
                                    :ARG0-of (h / have-rel-role-91
                                          :ARG2 (p5 / patient))))))))"
micro_b053,health_insurance_cover_complementary_medicine,a6,False,con,It would be conceivable to invest more into the training and control of this occupation sector on the part of the state.,"# ::snt It would be conceivable to invest more into the training and control of this occupation sector on the part of the state.
(p / possible-01
      :ARG1 (c / conceive-01
            :ARG1 (ii / invest-01
                  :ARG1 (m / more)
                  :ARG2 (a / and
                        :op1 (t / train-01
                              :ARG0 (s / sector
                                    :ARG0-of (o / occupy-01)
                                    :mod (t2 / this)
                                    :ARG2-of t))
                        :op2 (c2 / control-01
                              :ARG0 s
                              :ARG1 s)))))"
micro_b054,partial_housing_development_at_Tempelhofer_Feld,a1,False,pro,"For years there has been a housing shortage in Berlin,","# ::snt For years there has been a housing shortage in Berlin,
(s / short-06
      :ARG2 (h / house-01)
      :location (c / city
            :name (n / name
                  :op1 ""Berlin""))
      :duration (m / multiple
            :op1 (t / temporal-quantity
                  :quant 1
                  :unit (y / year))))"
micro_b054,partial_housing_development_at_Tempelhofer_Feld,a2,False,pro,"so that using Tempelhofer Feld, which offers a lot of open space and is currently hardly developed, as living space is a sensible idea.","# ::snt so that using Tempelhofer Feld, which offers a lot of open space and is currently hardly developed, as living space is a sensible idea.
(ii / infer-01
      :ARG1 (u / use-01
            :ARG1 (f / facility
                  :name (n / name
                        :op1 ""Telhofer""
                        :op2 ""Feld"")
                  :ARG0-of (o / offer-01
                        :ARG1 (s / space
                              :ARG1-of (o2 / open-04)
                              :quant (l / lot)))
                  :ARG1-of (d / develop-02
                        :degree (h / hardly)
                        :time (c / current)))
            :ARG1-of (c2 / cause-01
                  :ARG0 (ii2 / idea
                        :ARG1-of (s2 / sense-02)
                        :domain (s3 / space
                              :mod (l2 / live-01))))))"
micro_b054,partial_housing_development_at_Tempelhofer_Feld,a3,False,pro,"Since the area belongs to the federal state, or the federation,","# ::snt Since the area belongs to the federal state, or the federation,
(c / cause-01
      :ARG0 (b / belong-01
            :ARG0 (a / area)
            :ARG1 (o / or
                  :op1 (s / state
                        :mod (f / federal))
                  :op2 (f2 / federation))))"
micro_b054,partial_housing_development_at_Tempelhofer_Feld,a4,False,pro,it could even be used for social housing with affordable rents.,"# ::snt it could even be used for social housing with affordable rents.
(p / possible-01
      :ARG1 (u / use-01
            :ARG1 (ii / it)
            :ARG2 (h / house-01
                  :mod (s / society)
                  :prep-with (r / rent
                        :ARG1-of (a / afford-01
                              :ARG1-of p))))
      :mod (e / even))"
micro_b054,partial_housing_development_at_Tempelhofer_Feld,a5,False,pro,"Admittedly the fields have currently become an attractive leisure park with sporting areas for many visitors and Berliners, especially in spring and summer.","# ::snt Admittedly the fields have currently become an attractive leisure park with sporting areas for many visitors and Berliners, especially in spring and summer.
(a / admit-01
      :ARG1 (b / become-01
            :ARG1 (f / field)
            :ARG2 (p / park
                  :ARG0-of (a2 / attract-01)
                  :mod (l / leisure)
                  :ARG0-of (h / have-03
                        :ARG1 (a3 / area
                              :mod (s / sport))
                        :beneficiary (a4 / and
                              :op1 (p2 / person
                                    :ARG0-of (v / visit-01)
                                    :quant (m / many))
                              :op2 (p3 / person
                                    :mod (c / city
                                          :name (n / name
                                                :op1 ""Berlin""))))
                        :time (a5 / and
                              :op1 (d / date-entity
                                    :season (s2 / spring))
                              :op2 (d2 / date-entity
                                    :season (s3 / summer))
                              :mod (e / especially))))
            :time (c2 / current)))"
micro_b055,over_the_counter_morning_after_pill,a1,False,pro,"Being a pharmacist myself,","# ::snt Being a pharmacist myself,
(p / pharmacist
      :domain (ii / i))"
micro_b055,over_the_counter_morning_after_pill,a3,False,pro,From a medical perspective the morning-after pill works best when taken as soon as possible after intercourse.,"# ::snt From a medical perspective the morning-after pill works best when taken as soon as possible after intercourse.
(w / work-09
      :ARG1 (p / pill
            :time (a / after
                  :op1 (m / morning)))
      :manner (p2 / perspective
            :mod (m2 / medicine))
      :time (t / take-01
            :ARG1 p
            :time (a2 / after
                  :op1 (ii / intercourse))
            :time (s / soon
                  :ARG2-of (h / have-degree-91
                        :ARG1 t
                        :ARG3 (e / equal)
                        :ARG4 (p3 / possible-01
                              :ARG1 t))))
      :ARG1-of h
      :ARG2 (g / good-02)
      :ARG1-of g
      :ARG3 (m3 / most))"
micro_b055,over_the_counter_morning_after_pill,a4,False,pro,"Always having to visit the doctor first (including travel and waiting time, possible embarrassment, etc.) leads to more unwanted pregnancies.","# ::snt Always having to visit the doctor first (including travel and waiting time, possible embarrassment, etc.) leads to more unwanted pregnancies.
(l / lead-03
      :ARG0 (o / obligate-01
            :ARG2 (v / visit-01
                  :ARG1 (d / doctor)
                  :time (f / first))
            :ARG2-of (ii / include-01
                  :ARG1 (a / and
                        :op1 (t / travel-01)
                        :op2 (t2 / time
                              :duration-of (w / wait-01))
                        :op3 (e / embarrass-01
                              :ARG1-of (p / possible-01))
                        :op4 (e2 / et-cetera)))
            :time (a2 / always))
      :ARG2 (p2 / pregnancy
            :ARG1-of (w2 / want-01
                  :polarity -)
            :quant (m / more)))"
micro_b055,over_the_counter_morning_after_pill,a5,False,pro,Many opponents of the pill point out that this does away with the consultation at the doctor's and many women take it unnecessarily.,"# ::snt Many opponents of the pill point out that this does away with the consultation at the doctor's and many women take it unnecessarily.
(p / point-out-02
      :ARG0 (p2 / person
            :ARG0-of (o / oppose-01
                  :ARG1 (p3 / pill))
            :quant (m / many))
      :ARG1 (a / and
            :op1 (e / eliminate-01
                  :ARG0 (t / this)
                  :ARG1 (c / consult-01
                        :location (d / doctor)))
            :op2 (t2 / take-01
                  :ARG0 (w / woman
                        :quant (m2 / many))
                  :ARG1 c
                  :ARG1-of (n / need-01
                        :polarity -))))"
micro_b055,over_the_counter_morning_after_pill,a6,False,pro,"However, the fact is that we pharmacists are legally required to inform the patients and possess the same subject matter expertise as doctors.","# ::snt However, the fact is that we pharmacists are legally required to inform the patients and possess the same subject matter expertise as doctors.
(c / contrast-01
      :ARG2 (r / require-01
            :ARG1 (a / and
                  :op1 (ii / inform-01
                        :ARG0 (w / we
                              :mod (p / pharmacy))
                        :ARG1 (p2 / patient))
                  :op2 (p3 / possess-01
                        :ARG0 w
                        :ARG1 (e / expertise
                              :topic (m / matter
                                    :mod (s / subject))
                              :ARG1-of (s2 / same-01
                                    :ARG2 (d / doctor)))))
            :ARG2 w
            :ARG1-of (l / legal-02)))"
micro_b056,EU_influence_on_political_events_in_Ukraine,a1,False,pro,A violation of international law should be more than enough to consider a reaction!,"# ::snt A violation of international law should be more than enough to consider a reaction!
(r / recommend-01
      :ARG1 (h / have-quant-91
            :ARG1 (v / violate-01
                  :ARG1 (l / law
                        :mod (ii / international)))
            :ARG3 (e / enough
                  :degree (m / more-than))
            :ARG6 (c / consider-02
                  :ARG1 (r2 / react-01))))"
micro_b056,EU_influence_on_political_events_in_Ukraine,a2,False,pro,"Humanity has made enough mistakes throughout history by waiting too long, and when it has finally reacted, the only remaining option has usually been war.","# ::snt Humanity has made enough mistakes throughout history by waiting too long, and when it has finally reacted, the only remaining option has usually been war.
(a / and
      :op1 (m / mistake-02
            :ARG0 (h / humanity)
            :ARG1 (w / wait-01
                  :ARG1 (h2 / human
                        :ARG1-of (l / long-03
                              :ARG2-of (h3 / have-degree-91
                                    :ARG1 w
                                    :ARG3 (t / too))))
                  :duration (h4 / history)
                  :ARG1-of (h5 / have-quant-91
                        :ARG3 (e / enough)))
            :op2 (o / option
                  :ARG1-of (r / remain-01)
                  :mod (u / usual)
                  :domain (w2 / war-01)
                  :time (r2 / react-01
                        :ARG0 h2
                        :time (f / final))
                  :mod (o2 / only))))"
micro_b056,EU_influence_on_political_events_in_Ukraine,a3,False,pro,"It's to be noted that in our civilized world, in a democratic country, the people can determine their own fate,","# ::snt It's to be noted that in our civilized world, in a democratic country, the people can determine their own fate,
(n / note-01
      :ARG1 (p / possible-01
            :ARG1 (d / determine-01
                  :ARG0 (p2 / person)
                  :ARG1 (f / fate
                        :poss p2))
            :location (a / and
                  :op1 (w / world
                        :ARG1-of (c / civilize-01)
                        :poss (w2 / we))
                  :op2 (c2 / country
                        :mod (d2 / democracy)))))"
micro_b056,EU_influence_on_political_events_in_Ukraine,a4,False,pro,"as long as the motivation of those people isn't triggered by propaganda, corruption and military pressure.","# ::snt as long as the motivation of those people isn't triggered by propaganda, corruption and military pressure.
(h / have-condition-91
      :ARG2 (a / as-long-as
            :op1 (t / trigger-01
                  :polarity -
                  :ARG0 (a2 / and
                        :op1 (p / propaganda)
                        :op2 (c / corrupt-01)
                        :op3 (p2 / pressure-01
                              :ARG0 (m / military)))
                  :ARG1 (m2 / motivate-01
                        :ARG1 (p3 / person
                              :mod (t2 / that))))))"
micro_b056,EU_influence_on_political_events_in_Ukraine,a5,False,pro,"Since, however, in Russia besides gas and oil only propaganda and corruption rule,","# ::snt Since, however, in Russia besides gas and oil only propaganda and corruption rule,
(c / contrast-01
      :ARG2 (c2 / cause-01
            :ARG0 (e / except-01
                  :ARG1 (a / and
                        :op1 (a2 / and
                              :op1 (p / propaganda)
                              :op2 (c3 / corrupt-01))
                        :mod (o / only)
                        :location (c4 / country
                              :name (n / name
                                    :op1 ""Russia"")))
                  :ARG2 (r / rule-01
                        :ARG3 (a3 / and
                              :op1 (g / gas)
                              :op2 (o2 / oil))))))"
micro_b057,keep_retirement_at_63,a1,False,con,"Retirement at 63, that's something everyone who has toiled away (nonstop) up to this point surely deserves.","# ::snt Retirement at 63, that's something everyone who has toiled away (nonstop) up to this point surely deserves.
(d / deserve-01
      :ARG0 (e / everyone
            :ARG0-of (t / toiled-01
                  :manner (s / stop-01
                        :polarity -)
                  :duration (u / up-to
                        :op1 (p / point
                              :mod (t2 / this)))))
      :ARG1 (r / retire-01
            :ARG0 e
            :time (a / age-01
                  :ARG1 e
                  :ARG2 (t3 / temporal-quantity
                        :quant 63
                        :unit (y / year))))
      :ARG1-of (s2 / sure-02))"
micro_b057,keep_retirement_at_63,a2,False,con,Only the question remains whether this early 'leisure' will be nicer if you have no idea what do to all day and you statistically still have almost 20 (!!!) years to go?,"# ::snt Only the question remains whether this early 'leisure' will be nicer if you have no idea what do to all day and you statistically still have almost 20 (!!!) years to go?
(r / remain-01
      :ARG1 (q / question-01
            :ARG1 (t / truth-value
                  :polarity-of (n / nice-01
                        :ARG1 (l / leisure
                              :mod (e / early)
                              :mod (t2 / this))
                        :condition (a / and
                              :op1 (h / have-03
                                    :polarity -
                                    :ARG0 (y / you)
                                    :ARG1 (ii / idea
                                          :topic (t3 / thing
                                                :ARG1-of (d / do-02
                                                      :time (d2 / day
                                                            :mod (a2 / all))))))
                              :op2 (h2 / have-03
                                    :ARG0 y
                                    :ARG1 (a3 / almost
                                          :op1 (t4 / temporal-quantity
                                                :quant 20
                                                :unit (y2 / year))
                                          :ARG1-of (s / statistical-02)
                                          :ARG1-of (g / go-on-15))
                                    :mod (s2 / still)))))
            :mod (o / only)))"
micro_b057,keep_retirement_at_63,a3,False,con,"Also, one isn't taking responsibility for society if one gives up one's experienced, healthy and highly qualified capabilities earlier than necessary for private/personal reasons.","# ::snt Also, one isn't taking responsibility for society if one gives up one's experienced, healthy and highly qualified capabilities earlier than necessary for private/personal reasons.
(t / take-01
      :polarity -
      :ARG0 (o / one)
      :ARG1 (r / responsible-03
            :ARG0 o
            :ARG1 (s / society))
      :condition (g / give-up-07
            :ARG0 o
            :ARG1 (c / capable-01
                  :ARG1 o
                  :ARG1-of (e / experience-01)
                  :mod (h / healthy)
                  :ARG1-of (q / qualify-02
                        :degree (h2 / high-02)))
            :time (b / before
                  :op1 (n / need-01))
            :ARG1-of (c2 / cause-01
                  :ARG0 (r2 / reason
                        :ARG1-of (p / private-02)
                        :ARG1-of (p2 / personal-02))))
      :mod (a / also))"
micro_b058,make_video_games_olympic,a1,False,pro,"Video games, namely FIFA in my case, can fascinate young people for hours more intensively and emotionally than any sport in the world!","# ::snt Video games, namely FIFA in my case, can fascinate young people for hours more intensively and emotionally than any sport in the world!
(p / possible-01
      :ARG1 (f / fascinate-01
            :ARG0 (g / game
                  :mod (v / video)
                  :ARG1-of (m / mean-01
                        :name (n / name
                              :op1 ""FIFA"")
                        :prep-in (c / case
                              :poss (ii / i)))
                  :ARG2-of m))
      :ARG1 (p2 / person
            :mod (y / young))
      :duration (m2 / multiple
            :op1 (t / temporal-quantity
                  :quant 1
                  :unit (h / hour)))
      :manner (a / and
            :op1 (ii2 / intense-02)
            :op2 (e / emotional)
            :ARG2-of (h2 / have-degree-91
                  :ARG1 f
                  :ARG3 (m3 / more)
                  :ARG4 (s / sport
                        :mod (a2 / any)
                        :location (w / world)))))"
micro_b058,make_video_games_olympic,a3,False,pro,"Perhaps it is less thrilling for a spectator than for the player,","# ::snt Perhaps it is less thrilling for a spectator than for the player,
(p / possible-01
      :ARG1 (h / have-degree-91
            :ARG1 (ii / it)
            :ARG2 (t / thrill-01
                  :ARG0 ii
                  :ARG1 (s / spectator))
            :ARG3 (l / less)
            :ARG4 (p2 / person
                  :ARG0-of (p3 / play-01))))"
micro_b058,make_video_games_olympic,a4,False,pro,"but also for contemporary Olympic events, I recall curling and 50km cross-country skiing, you have to be more than a freak to follow those more properly than only in the roundup of highlights.","# ::snt but also for contemporary Olympic events, I recall curling and 50km cross-country skiing, you have to be more than a freak to follow those more properly than only in the roundup of highlights.
(c / contrast-01
      :ARG2 (r / recall-02
            :ARG0 (ii / i)
            :ARG1 (o / obligate-01
                  :ARG1 (y / you)
                  :ARG2 (f / freak
                        :mod (m / more-than)
                        :domain y)
                  :purpose (f2 / follow-02
                        :ARG0 y
                        :ARG1 (a / and
                              :op1 (c2 / curlope-00)
                              :op2 (s / ski-01
                                    :mod (c3 / cross-02
                                          :ARG1 (c4 / country)
                                          :extent (d / distance-quantity
                                                :quant 50
                                                :unit (k / kilometer)))))
                        :ARG1-of (h / have-degree-91
                              :ARG2 (p / proper)
                              :ARG3 (m2 / more)
                              :ARG4 (b / be-located-at-91
                                    :ARG1 a
                                    :ARG2 (r2 / roundup-01
                                          :ARG1 (h2 / highlight-01))
                                    :mod (o2 / only))))
                  :purpose (e / event
                        :mod (c5 / contemporary)
                        :mod (g / game
                              :name (n / name
                                    :op1 ""Olympic"")))
                  :mod (a2 / also))))"
micro_b058,make_video_games_olympic,a5,False,pro,"Plus the hurdle to make video games Olympic events is minimal,","# ::snt Plus the hurdle to make video games Olympic events is minimal,
(m / minimal-02
      :ARG1 (h / hurdle
            :domain (m2 / make-01
                  :ARG1 (g / game
                        :name (n / name
                              :op1 ""Olympic""
                              :op2 ""Games"")
                        :mod (v / video))))
      :mod (p / plus))"
micro_b058,make_video_games_olympic,a6,False,pro,"as you don't even need doping tests, only a neutral console.","# ::snt as you don't even need doping tests, only a neutral console.
(c / cause-01
      :ARG0 (n / need-01
            :polarity -
            :ARG0 (y / you)
            :ARG1 (t / test-01
                  :ARG2 (d / drug))
            :mod (e / even)
            :ARG1-of (c2 / contrast-01
                  :ARG2 (c3 / console
                        :ARG0-of (n2 / neutral-02)
                        :mod (o / only)))))"
micro_b058,make_video_games_olympic,a7,False,pro,"And many a video game is physically and particularly mentally more demanding, when I think of the last FIFA tournament's final, than kicking a ball 20 metres.","# ::snt And many a video game is physically and particularly mentally more demanding, when I think of the last FIFA tournament's final, than kicking a ball 20 metres.
(a / and
      :op2 (h / have-degree-91
            :ARG1 (g / game
                  :mod (v / video))
            :ARG2 (d / demand-01
                  :ARG0 g
                  :manner (p / physical)
                  :manner (m / mental))
            :ARG3 (m2 / more)
            :ARG4 (k / kick-01
                  :ARG1 (b / ball
                        :quant (d2 / distance-quantity
                              :quant 20
                              :unit (m3 / meter))))
            :condition (t / think-01
                  :ARG0 (ii / i)
                  :ARG1 (f / final
                        :subevent-of (t2 / tournament
                              :mod (o / organization
                                    :name (n / name
                                          :op1 ""FIFA""))
                              :mod (l / last))))
            :mod (p2 / particular)))"
micro_b059,cap_rent_increases,a1,False,con,Rent prices are already regulated in favour of tenants due to existing laws and the rent index.,"# ::snt Rent prices are already regulated in favour of tenants due to existing laws and the rent index.
(r / regulate-01
      :ARG1 (p / price-01
            :ARG1 (r2 / rent))
      :ARG0-of (f / favor-01
            :ARG1 (p2 / person
                  :ARG0-of (r3 / rent-01)))
      :time (a / already)
      :ARG1-of (c / cause-01
            :ARG0 (a2 / and
                  :op1 (l / law
                        :ARG1-of (e / exist-01))
                  :op2 (ii / index
                        :mod (r4 / rent-01)))))"
micro_b059,cap_rent_increases,a2,False,con,"In view of the high prices for buying flats with existing rent contracts, these are an unattractive investment.","# ::snt In view of the high prices for buying flats with existing rent contracts, these are an unattractive investment.
(v / view-02
      :ARG0 (ii / invest-01
            :ARG1 (b / buy-01
                  :ARG1 (f / flat
                        :ARG0-of (h / have-03
                              :ARG1 (c / contract-02
                                    :ARG1 (r / rent-01)
                                    :ARG1-of (e / exist-01)))))
            :ARG1-of (a / attract-01
                  :polarity -
                  :ARG1-of (p / possible-01)))
      :ARG1 (p2 / price-01
            :ARG1 b
            :ARG1-of (h2 / high-02)))"
micro_b059,cap_rent_increases,a3,False,con,"Even if one might think that additional rent control is needed besides the current tenant protection,","# ::snt Even if one might think that additional rent control is needed besides the current tenant protection,
(h / have-concession-91
      :ARG2 (e / even-if
            :op1 (p / possible-01
                  :ARG1 (t / think-01
                        :ARG0 (o / one)
                        :ARG1 (n / need-01
                              :ARG1 (c / control-01
                                    :ARG1 (r / rent)
                                    :mod (a / additional)
                                    :ARG2-of (e2 / except-01
                                          :ARG1 (p2 / protect-01
                                                :ARG1 (t2 / tenant)
                                                :time (c2 / current)))))))))"
micro_b059,cap_rent_increases,a4,False,con,one should not deny longstanding owners the opportunity to adjust their returns to market level.,"# ::snt one should not deny longstanding owners the opportunity to adjust their returns to market level.
(r / recommend-01
      :polarity -
      :ARG1 (d / deny-01
            :ARG0 (o / one)
            :ARG1 (o2 / opportunity
                  :topic (a / adjust-01
                        :ARG0 (p / person
                              :ARG0-of (o3 / own-01)
                              :ARG1-of (l / longstanding-00))
                        :ARG1 (r2 / return-01
                              :ARG1 p
                              :ARG4 (l2 / level
                                    :mod (m / market)))))
            :ARG2 p))"
micro_b060,allow_shops_to_open_on_holidays_and_sundays,a1,False,pro,"Owner-run shops may potentially be overwhelmed by additional work times on Sundays and holidays,","# ::snt Owner-run shops may potentially be overwhelmed by additional work times on Sundays and holidays,
(p / possible-01
      :ARG1 (o / overwhelm-01
            :ARG0 (t / time
                  :mod (a / additional)
                  :time-of (w / work-01
                        :time (a2 / and
                              :op1 (d / date-entity
                                    :weekday (s / sunday))
                              :op2 (h / holiday))))
            :ARG1 (s2 / shop
                  :ARG1-of (r / run-01
                        :ARG0 (p2 / person
                              :ARG0-of (o2 / own-01))))
            :mod (p3 / potential)))"
micro_b060,allow_shops_to_open_on_holidays_and_sundays,a2,False,pro,then again supermarkets and large shopping centres dominate the market today already.,"# ::snt then again supermarkets and large shopping centres dominate the market today already.
(d / dominate-01
      :ARG0 (a / and
            :op1 (s / supermarket)
            :op2 (c / center
                  :mod (l / large)
                  :mod (s2 / shop-01)))
      :ARG1 (m / market)
      :time (a2 / already)
      :mod (a3 / again)
      :time (t / then)
      :time (t2 / today))"
micro_b060,allow_shops_to_open_on_holidays_and_sundays,a3,False,pro,"Thus smaller shops could benefit from the additional freedom,","# ::snt Thus smaller shops could benefit from the additional freedom,
(ii / infer-01
      :ARG1 (p / possible-01
            :ARG1 (b / benefit-01
                  :ARG0 (f / free-04
                        :ARG1 (s / shop
                              :ARG1-of (h / have-degree-91
                                    :ARG2 (s2 / small)
                                    :ARG3 (m / more)))
                        :mod (a / additional))
                  :ARG1 s)))"
micro_b060,allow_shops_to_open_on_holidays_and_sundays,a4,False,pro,as customers are on average more laid-back on Sunday.,"# ::snt as customers are on average more laid-back on Sunday.
(c / cause-01
      :ARG0 (h / have-degree-91
            :ARG1 (c2 / customer)
            :ARG2 (l / laid-back
                  :time (d / date-entity
                        :weekday (s / sunday)))
            :ARG3 (m / more)
            :ARG4 (a / average)))"
micro_b061,higher_dog_poo_fines,a2,False,con,"In individual cases they may indeed act as a deterrent,","# ::snt In individual cases they may indeed act as a deterrent,
(p / possible-01
      :ARG1 (a / act-02
            :ARG0 (t / they)
            :ARG1 (d / deter-01
                  :ARG0 t)
            :mod (ii / indeed))
      :prep-in (c / case-04
            :mod (ii2 / individual)))"
micro_b061,higher_dog_poo_fines,a3,False,con,"in general, however, a clean environment and the role model effect of others is more likely to motivate the dog owner to pick up the droppings than a potential fine.","# ::snt in general, however, a clean environment and the role model effect of others is more likely to motivate the dog owner to pick up the droppings than a potential fine.
(c / contrast-01
      :ARG2 (l / likely-01
            :ARG1 (m / motivate-01
                  :ARG0 (a / and
                        :op1 (e / environment
                              :ARG1-of (c2 / clean-04))
                        :op2 (e2 / effect
                              :mod (r / role-model)
                              :poss (o / other)))
                  :ARG1 (p / person
                        :ARG0-of (o2 / own-01
                              :ARG1 (d / dog)))
                  :ARG2 (p2 / pick-up-04
                        :ARG0 p
                        :ARG1 (d2 / droppings)))
            :ARG2-of (h / have-degree-91
                  :ARG1 m
                  :ARG3 (m2 / more)
                  :ARG4 (f / fine
                        :mod (p3 / potential)))
            :ARG1-of (g / general-02)))"
micro_b062,keep_retirement_at_63,a2,False,con,This would mean that organizations would be lacking a great deal of manpower in the future.,"# ::snt This would mean that organizations would be lacking a great deal of manpower in the future.
(m / mean-01
      :ARG1 (t / this)
      :ARG2 (l / lack-01
            :ARG0 (o / organization)
            :ARG1 (m2 / manpower
                  :quant (d / deal
                        :mod (g / great)))
            :time (f / future)))"
micro_b062,keep_retirement_at_63,a3,False,con,The introductory phase of retirement at 63 would also be a particular challenge,"# ::snt The introductory phase of retirement at 63 would also be a particular challenge
(c / challenge-01
      :ARG2 (p / phase
            :time-of (r / retire-01
                  :time (a / age-01
                        :ARG2 (t / temporal-quantity
                              :quant 63
                              :unit (y / year))))
            :ARG2-of (ii / introduce-02))
      :mod (p2 / particular)
      :mod (a2 / also))"
micro_b062,keep_retirement_at_63,a4,False,con,as upon introduction many current employees of advanced age would immediately be eligible to retire.,"# ::snt as upon introduction many current employees of advanced age would immediately be eligible to retire.
(q / qualify-02
      :ARG1 (p / person
            :quant (m / many)
            :ARG1-of (e / employ-01
                  :time (c / current))
            :age (t / temporal-quantity
                  :ARG1-of (a / advanced-02)))
      :ARG2 (r / retire-01
            :ARG0 p)
      :time (ii / immediate)
      :time (ii2 / introduce-02))"
micro_b062,keep_retirement_at_63,a5,False,con,This is detrimental for Germany as a business location and leaves employers without a transition period.,"# ::snt This is detrimental for Germany as a business location and leaves employers without a transition period.
(a / and
      :op1 (d / detrimental
            :beneficiary (c / country
                  :name (n / name
                        :op1 ""Germany"")
                  :location-of (b / business))
            :domain (t / this))
      :op2 (l / leave-13
            :ARG0 t
            :ARG1 (h / have-03
                  :polarity -
                  :ARG0 (c2 / company
                        :ARG0-of (e / employ-01))
                  :ARG1 (p / period
                        :mod (t2 / transition-01)))))"
micro_b062,keep_retirement_at_63,a6,False,con,The danger here is that experienced junior staff is not available in sufficient numbers.,"# ::snt The danger here is that experienced junior staff is not available in sufficient numbers.
(d / danger
      :location (h / here)
      :domain (a / available-02
            :polarity -
            :ARG2 (s / staff
                  :mod (j / junior)
                  :ARG1-of (e / experience-01))
            :manner (n / number
                  :ARG0-of (s2 / suffice-01))))"
micro_b064,TXL_airport_remain_operational_after_BER_opening,a1,False,con,I think Berlin with its two inner-city airports was lucky not having to experience an airplane catastrophe for decades.,"# ::snt I think Berlin with its two inner-city airports was lucky not having to experience an airplane catastrophe for decades.
(t / think-01
      :ARG0 (ii / i)
      :ARG1 (l / lucky
            :domain (c / city
                  :name (n / name
                        :op1 ""Berlin"")
                  :ARG0-of (h / have-03
                        :ARG1 (a / airport
                              :quant 2
                              :location (ii2 / inner)
                              :poss c)))
            :ARG1-of (c2 / cause-01
                  :ARG0 (o / obligate-01
                        :polarity -
                        :ARG1 c
                        :ARG2 (e / experience-01
                              :ARG0 c
                              :ARG1 (c3 / catastrophe
                                    :mod (a2 / airplane))
                              :duration (m / multiple
                                    :op1 (t2 / temporal-quantity
                                          :quant 1
                                          :unit (d / decade))))))))"
micro_b064,TXL_airport_remain_operational_after_BER_opening,a2,False,con,For safety reasons alone I find continued operation wrong.,"# ::snt For safety reasons alone I find continued operation wrong.
(f / find-02
      :ARG0 (ii / i)
      :ARG1 (o / operate-01
            :ARG1-of (c / continue-01)
            :ARG2-of (w / wrong-04))
      :ARG1-of (c2 / cause-01
            :ARG0 (r / reason
                  :purpose (s / safe-01)
                  :mod (a / alone))))"
micro_b064,TXL_airport_remain_operational_after_BER_opening,a3,False,con,"Also, Berlin urgently needs inner-city areas for business and industry, and for housing.","# ::snt Also, Berlin urgently needs inner-city areas for business and industry, and for housing.
(n / need-01
      :ARG0 (c / city
            :name (n2 / name
                  :op1 ""Berlin""))
      :ARG1 (a / area
            :location (ii / inner
                  :part-of c))
      :purpose (a2 / and
            :op1 (b / business)
            :op2 (ii2 / industry))
      :op2 (h / house-01)
      :manner (u / urgent)
      :mod (a3 / also))"
micro_b064,TXL_airport_remain_operational_after_BER_opening,a4,False,con,Closing down Tegel will have health benefits for hundreds of thousands in the approach path.,"# ::snt Closing down Tegel will have health benefits for hundreds of thousands in the approach path.
(b / benefit-01
      :ARG0 (c / close-down-05
            :ARG1 (c2 / company
                  :name (n / name
                        :op1 ""Tegel"")))
      :ARG1 (p / person
            :quant (m / multiple
                  :op1 100000))
      :mod (h / health)
      :location (p2 / path
            :ARG1-of (a / approach-01)))"
micro_b064,TXL_airport_remain_operational_after_BER_opening,a5,False,con,These areas will be upgraded economically due to these factors (housing health and employment).,"# ::snt These areas will be upgraded economically due to these factors (housing health and employment).
(u / upgrade-01
      :ARG1 (a / area
            :mod (t / this))
      :manner (e / economic)
      :ARG1-of (c / cause-01
            :ARG0 (f / factor
                  :mod (t2 / this)
                  :example (a2 / and
                        :op1 (h / health
                              :domain (h2 / house-01))
                        :op2 (e2 / employ-01)))))"
micro_k001,public_broadcasting_fees_on_demand,a2,False,pro,Particularly the younger generations are no longer dependent on the programming of public broadcasters.,"# ::snt Particularly the younger generations are no longer dependent on the programming of public broadcasters.
(d / depend-01
      :ARG0 (g / generation
            :mod (p / particular)
            :ARG1-of (h / have-degree-91
                  :ARG2 (y / young)
                  :ARG3 (m / more)))
      :ARG1 (p2 / program-01
            :ARG0 (p3 / person
                  :ARG0-of (b / broadcast-01)
                  :ARG1-of (p4 / public-02)))
      :time (n / no-longer))"
micro_k001,public_broadcasting_fees_on_demand,a3,False,pro,"US series are preferred over “Tatort”,","# ::snt US series are preferred over “Tatort”,
(p / prefer-01
      :ARG1 (s / series
            :mod (c / country
                  :name (n / name
                        :op1 ""US"")))
      :ARG2 (s2 / series
            :name (n2 / name
                  :op1 ""Tatort"")))"
micro_k001,public_broadcasting_fees_on_demand,a4,False,pro,and online magazines are turned to instead of the “Tagesthemen”.,"# ::snt and online magazines are turned to instead of the “Tagesthemen”.
(a / and
      :op2 (t / turn-14
            :ARG1 (m / magazine
                  :mod (o / online))
            :ARG2-of (ii / instead-of-91
                  :ARG1 (m2 / magazine
                        :name (n / name
                              :op1 ""Tagesthemen"")))))"
micro_k001,public_broadcasting_fees_on_demand,a5,False,pro,The TV & radio licence enables economically independent journalism.,"# ::snt The TV & radio licence enables economically independent journalism.
(e / enable-01
      :ARG0 (l / license-01
            :ARG1 (a / and
                  :op1 (t / television)
                  :op2 (r / radio)))
      :ARG1 (j / journalism
            :ARG0-of (d / depend-01
                  :polarity -
                  :manner (e2 / economic))))"
micro_k001,public_broadcasting_fees_on_demand,a6,False,pro,"But as long as the licence payers have no say in the distribution of the funds, the fee quite rightly annoys them.","# ::snt But as long as the licence payers have no say in the distribution of the funds, the fee quite rightly annoys them.
(c / contrast-01
      :ARG2 (a / annoy-01
            :ARG0 (f / fee)
            :ARG1 (t / they)
            :ARG1-of (r / right-02
                  :degree (q / quite))
            :condition (a2 / as-long-as
                  :op1 (h / have-03
                        :polarity -
                        :ARG0 (p / person
                              :ARG0-of (p2 / pay-01
                                    :ARG1 (l / license)))
                        :ARG1 (s / say-01
                              :ARG1 (d / distribute-01
                                    :ARG1 (f2 / fund)))))))"
micro_k002,charge_tuition_fees,a2,False,pro,"As long as it is ensured that the funds really benefit the universities directly, one can continue to regard this as social justice.","# ::snt As long as it is ensured that the funds really benefit the universities directly, one can continue to regard this as social justice.
(p / possible-01
      :ARG1 (c / continue-01
            :ARG0 (o / one)
            :ARG1 (r / regard-01
                  :ARG0 o
                  :ARG1 (t / this)
                  :ARG2 (j / justice
                        :mod (s / social))))
      :condition (a / as-long-as
            :op1 (e / ensure-01
                  :ARG1 (b / benefit-01
                        :ARG0 (f / fund)
                        :ARG1 (u / university)
                        :ARG1-of (r2 / real-04)
                        :ARG1-of (d / direct-02)))))"
micro_k002,charge_tuition_fees,a3,False,pro,"Those who study later decide this early on, anyway.","# ::snt Those who study later decide this early on, anyway.
(d / decide-01
      :ARG0 (p / person
            :mod (t / that)
            :ARG0-of (s / study-01
                  :time (a / after)))
      :ARG1 (t2 / this)
      :time (e / early)
      :mod (a2 / anyway))"
micro_k002,charge_tuition_fees,a4,False,pro,It's always possible to take out a student loan or to earn a scholarship.,"# ::snt It's always possible to take out a student loan or to earn a scholarship.
(p / possible-01
      :ARG1 (o / or
            :op1 (t / take-out-11
                  :ARG1 (l / loan-01
                        :ARG2 (p2 / person
                              :ARG0-of (s / study-01))))
            :op2 (e / earn-01
                  :ARG1 (s2 / scholarship)))
      :time (a / always))"
micro_k002,charge_tuition_fees,a5,False,pro,"To oblige non-academics to finance others' degrees through taxes, however, is not just.","# ::snt To oblige non-academics to finance others' degrees through taxes, however, is not just.
(c / contrast-01
      :ARG2 (j / just
            :polarity -
            :domain (o / oblige-01
                  :ARG1 (a / academia
                        :polarity -)
                  :ARG2 (f / finance-01
                        :ARG0 a
                        :ARG1 (d / degree
                              :poss (p / person
                                    :mod (o2 / other)))
                        :ARG2 (t / tax-01)))))"
micro_k003,increase_weight_of_BA_thesis_in_final_grade,a1,False,con,Usually you only have eight weeks to complete a bachelor thesis in linguistics degrees.,"# ::snt Usually you only have eight weeks to complete a bachelor thesis in linguistics degrees.
(h / have-03
      :ARG0 (y / you)
      :ARG1 (t / temporal-quantity
            :quant 8
            :unit (w / week)
            :mod (o / only))
      :mod (u / usual)
      :purpose (c / complete-01
            :ARG0 y
            :ARG1 (t2 / thesis
                  :mod (b / bachelor)
                  :topic (d / degree
                        :topic (l / linguistics)))))"
micro_k003,increase_weight_of_BA_thesis_in_final_grade,a2,False,con,Adjusting the portion of the total grade upwards anyway would not be commensurate to other study assignments and examinations.,"# ::snt Adjusting the portion of the total grade upwards anyway would not be commensurate to other study assignments and examinations.
(c / commensurate
      :polarity -
      :domain (a / adjust-01
            :ARG1 (p / portion
                  :part-of (g / grade
                        :mod (t / total)))
            :direction (u / upward))
      :mod (a2 / anyway))"
micro_k003,increase_weight_of_BA_thesis_in_final_grade,a4,False,con,Indeed the preparation of such a scientific work is a fundamental competency that must be acquired in philological degrees.,"# ::snt Indeed the preparation of such a scientific work is a fundamental competency that must be acquired in philological degrees.
(c / competency
      :domain (p / prepare-02
            :ARG1 (w / work-01
                  :mod (s / science)
                  :mod (s2 / such)))
      :mod (f / fundamental)
      :ARG1-of (a / acquire-01
            :ARG2 (d / degree
                  :mod (p2 / philology))
            :ARG2-of (o / obligate-01))
      :mod (ii / indeed))"
micro_k003,increase_weight_of_BA_thesis_in_final_grade,a5,False,con,"Throughout the six or seven semesters, however, topics are covered that likewise ought to carry weight.","# ::snt Throughout the six or seven semesters, however, topics are covered that likewise ought to carry weight.
(c / contrast-01
      :ARG2 (c2 / cover-03
            :ARG1 (t / topic
                  :ARG0-of (c3 / carry-01
                        :ARG1 (w / weight)
                        :ARG1-of (r / recommend-01
                              :mod (l / likewise))))
            :duration (o / or
                  :op1 (t2 / temporal-quantity
                        :quant 6
                        :unit (s / semester))
                  :op2 (t3 / temporal-quantity
                        :quant 7
                        :unit (s2 / semester)))))"
micro_k004,allow_shops_to_open_on_holidays_and_sundays,a2,False,pro,This may be a change for the employees that cannot to be implemented easily.,"# ::snt This may be a change for the employees that cannot to be implemented easily.
(p / possible-01
      :ARG1 (c / change-01
            :ARG0 (t / this)
            :ARG1 (p2 / person
                  :ARG1-of (e / employ-01))
            :ARG1-of (p3 / possible-01
                  :polarity -
                  :ARG1 (ii / implement-01
                        :ARG1 t
                        :ARG1-of (e2 / easy-05)))))"
micro_k004,allow_shops_to_open_on_holidays_and_sundays,a3,False,pro,"However, especially for working customers this would mean greater flexibility and fewer nerve-racking peak times during the week.","# ::snt However, especially for working customers this would mean greater flexibility and fewer nerve-racking peak times during the week.
(c / contrast-01
      :ARG2 (m / mean-01
            :ARG1 (t / this)
            :ARG2 (a / and
                  :op1 (f / flexibility
                        :ARG1-of (h / have-degree-91
                              :ARG2 (g / great)
                              :ARG3 (m2 / more)))
                  :op2 (t2 / time
                        :ARG1-of (p / peak-01)
                        :ARG1-of (h2 / have-degree-91
                              :ARG2 (f2 / few)
                              :ARG3 (m3 / more))
                        :time (w / week)))
            :beneficiary (c2 / customer
                  :ARG0-of (w2 / work-01))
            :mod (e / especially)))"
micro_k004,allow_shops_to_open_on_holidays_and_sundays,a4,False,pro,"Considering the growing digitization of society, the traditional model of the weekend will soon be obsolete.","# ::snt Considering the growing digitization of society, the traditional model of the weekend will soon be obsolete.
(o / obsolete
      :domain (m / model
            :mod (t / traditional)
            :mod (w / weekend))
      :time (s / soon)
      :condition (c / consider-02
            :ARG1 (d / digitize-01
                  :ARG1 (s2 / society)
                  :ARG1-of (g / grow-01))))"
micro_k006,introduce_capital_punishment,a1,False,con,"If Germany were to introduce the death penalty, convicted felons could not be paroled or break out of prison and commit new felonies.","# ::snt If Germany were to introduce the death penalty, convicted felons could not be paroled or break out of prison and commit new felonies.
(p / possible-01
      :polarity -
      :ARG1 (o / or
            :op1 (p2 / parole-01
                  :ARG1 (p3 / person
                        :ARG1-of (c / convict-01)))
            :op2 (b / break-out-30
                  :ARG0 p3
                  :ARG1 (p4 / prison))
            :op3 (c2 / commit-02
                  :ARG0 p3
                  :ARG1 (f / felony
                        :ARG1-of (n / new-01))))
      :condition (ii / introduce-02
            :ARG0 (c3 / country
                  :name (n2 / name
                        :op1 ""Germany""))
            :ARG1 (p5 / penalize-01
                  :manner (d / die-01))))"
micro_k006,introduce_capital_punishment,a2,False,con,"However, a death would not be of any more use to those affected and their relatives than if the felon receives a long sentence.","# ::snt However, a death would not be of any more use to those affected and their relatives than if the felon receives a long sentence.
(c / contrast-01
      :ARG2 (h / have-degree-91
            :ARG1 (d / die-01)
            :ARG2 (u / use-01
                  :ARG0 (a / and
                        :op1 (p / person
                              :ARG1-of (a2 / affect-01))
                        :op2 (p2 / person
                              :ARG0-of (h2 / have-rel-role-91
                                    :ARG1 p
                                    :ARG2 (r / relative))))
                  :ARG1 d)
            :ARG3 (m / more
                  :polarity -
                  :mod (a3 / any))
            :ARG4 (s / sentence-01
                  :ARG1 (f / felon)
                  :ARG1-of (l / long-03))
            :condition (r2 / receive-01
                  :ARG0 f
                  :ARG1 s)))"
micro_k006,introduce_capital_punishment,a3,False,con,Plus we don't live in medieval times anymore.,"# ::snt Plus we don't live in medieval times anymore.
(l / live-01
      :polarity -
      :ARG0 (w / we)
      :time (t / time
            :mod (m / medieval))
      :mod (p / plus)
      :time (a / anymore))"
micro_k006,introduce_capital_punishment,a4,False,con,Handing out capital punishment is unethical.,"# ::snt Handing out capital punishment is unethical.
(e / ethical
      :polarity -
      :domain (h / hand-out-03
            :ARG1 (p / punish-01
                  :mod (c / capital))))"
micro_k007,allow_shops_to_open_on_holidays_and_sundays,a2,False,pro,"For in this way, Sunday shopping days would be better spread out through the year.","# ::snt For in this way, Sunday shopping days would be better spread out through the year.
(c / cause-01
      :ARG1 (s / spread-out-04
            :ARG1 (d / day
                  :time-of (s2 / shop-01
                        :time (d2 / date-entity
                              :weekday (s3 / sunday))))
            :ARG1-of (h / have-degree-91
                  :ARG2 (g / good-02
                        :ARG1 s)
                  :ARG3 (m / more))
            :duration (y / year)
            :manner (w / way
                  :mod (t / this))))"
micro_k007,allow_shops_to_open_on_holidays_and_sundays,a3,False,pro,Also streets and shops would presumably be emptier,"# ::snt Also streets and shops would presumably be emptier
(p / possible-01
      :ARG1 (e / emptier-01
            :ARG1 (a / and
                  :op1 (s / street)
                  :op2 (s2 / shop))
            :mod (a2 / also))
      :ARG1-of (p2 / presume-01))"
micro_k007,allow_shops_to_open_on_holidays_and_sundays,a4,False,pro,as not everyone would be open on the same day.,"# ::snt as not everyone would be open on the same day.
(c / cause-01
      :ARG0 (o / open-01
            :ARG1 (e / everyone
                  :polarity -)
            :time (d / day
                  :ARG1-of (s / same-01))))"
micro_k007,allow_shops_to_open_on_holidays_and_sundays,a5,False,pro,However then you'd have a worse overview of which shop is open on a given day.,"# ::snt However then you'd have a worse overview of which shop is open on a given day.
(c / contrast-01
      :ARG2 (h / have-03
            :ARG0 (y / you)
            :ARG1 (o / overview
                  :topic (s / shop
                        :ARG1-of (o2 / open-09
                              :time (d / day
                                    :ARG1-of (g / give-14))))
                  :ARG1-of (h2 / have-degree-91
                        :ARG2 (b / bad-07
                              :ARG1 o)
                        :ARG3 (m / more)))))"
micro_k008,higher_dog_poo_fines,a2,False,pro,which in turn would result in generally clean pavements.,"# ::snt which in turn would result in generally clean pavements.
(r / result-01
      :ARG2 (p / pave-01
            :ARG1-of (c / clean-04
                  :ARG1-of (g / general-02)))
      :mod (ii / in-turn))"
micro_k008,higher_dog_poo_fines,a3,False,pro,"Higher fines may not be ideal, particularly for financially weaker individuals,","# ::snt Higher fines may not be ideal, particularly for financially weaker individuals,
(p / possible-01
      :ARG1 (ii / ideal
            :polarity -
            :domain (f / fine-01
                  :ARG1-of (h / have-degree-91
                        :ARG2 (h2 / high-02
                              :ARG1 f)
                        :ARG3 (m / more)))
            :beneficiary (ii2 / individual
                  :ARG1-of (h3 / have-degree-91
                        :ARG2 (w / weak-02
                              :ARG1 ii2
                              :ARG2 (f2 / finance))
                        :ARG3 (m2 / more))
                  :mod (p2 / particular))))"
micro_k008,higher_dog_poo_fines,a4,False,pro,but cleaning up after their dogs does happen to be the obligation of the owners.,"# ::snt but cleaning up after their dogs does happen to be the obligation of the owners.
(c / contrast-01
      :ARG2 (o / obligate-01
            :ARG1 (p / person
                  :ARG0-of (o2 / own-01))
            :ARG2 (c2 / clean-up-02
                  :ARG0 p
                  :ARG1 (d / dog
                        :poss (t / they))
                  :time (a / after
                        :op1 d))))"
micro_k009,introduce_capital_punishment,a2,False,con,"If there were capital punishment, this would mean people are allowed to put themselves above others and rule over their lives.","# ::snt If there were capital punishment, this would mean people are allowed to put themselves above others and rule over their lives.
(h / have-condition-91
      :ARG1 (m / mean-01
            :ARG1 (t / this)
            :ARG2 (a / allow-01
                  :ARG1 (a2 / and
                        :op1 (p / put-01
                              :ARG0 (p2 / person)
                              :ARG1 p2
                              :ARG2 (a3 / above
                                    :op1 (p3 / person
                                          :mod (o / other))))
                        :op2 (r / rule-over-05
                              :ARG0 p2
                              :ARG1 (l / life
                                    :poss p2)))))
      :ARG2 (p4 / punish-01
            :mod (c / capital)))"
micro_k009,introduce_capital_punishment,a3,False,con,Capital punishment would be murder and would have to be punished with the death penalty itself.,"# ::snt Capital punishment would be murder and would have to be punished with the death penalty itself.
(a / and
      :op1 (m / murder-01
            :domain (p / punish-01
                  :mod (c / capital)))
      :op2 (o / obligate-01
            :ARG2 (p2 / punish-01
                  :manner (p3 / penalize-01
                        :manner (d / die-01)))))"
micro_k009,introduce_capital_punishment,a4,False,con,"What, then, ought to be done with criminals who have committed truly awful crimes such as murder or rape - should they simply be allowed to live on","# ::snt What, then, ought to be done with criminals who have committed truly awful crimes such as murder or rape - should they simply be allowed to live on
(r / recommend-01
      :ARG1 (d / do-02
            :ARG1 (a / amr-unknown)
            :ARG2 (p / person
                  :ARG0-of (c / commit-02
                        :ARG1 (c2 / crime-02
                              :ARG0 p
                              :mod (a2 / awful
                                    :degree (t / truly))
                              :example (o / or
                                    :op1 (m / murder-01)
                                    :op2 (r2 / rape-01))))
                  :ARG2-of (c3 / criminal-03))
            :condition (a3 / allow-01
                  :ARG1 (l / live-on-03
                        :ARG0 p)
                  :ARG1-of (s / simple-02))))"
micro_k009,introduce_capital_punishment,a5,False,con,although they have taken or destroyed another life?,"# ::snt although they have taken or destroyed another life?
(h / have-concession-91
      :ARG2 (o / or
            :op1 (t / take-01
                  :ARG0 (t2 / they)
                  :ARG1 (l / life
                        :mod (a / another)))
            :op2 (d / destroy-01
                  :ARG0 t2
                  :ARG1 l)
            :polarity (a2 / amr-unknown)))"
micro_k009,introduce_capital_punishment,a6,False,con,"Yes, for it is a much graver punishment to be imprisoned forever and be tortured by one's own thoughts than to be killed quickly and easily by an injection.","# ::snt Yes, for it is a much graver punishment to be imprisoned forever and be tortured by one's own thoughts than to be killed quickly and easily by an injection.
(c / cause-01
      :ARG0 (h / have-degree-91
            :ARG1 (p / punish-01
                  :ARG2 (a / and
                        :op1 (ii / imprison-01
                              :ARG1 (o / one)
                              :duration (f / forever))
                        :op2 (t / torture-01
                              :ARG0 (t2 / think-01
                                    :ARG0 o)
                              :ARG1 o)))
            :ARG2 (g / graver)
            :ARG3 (m / more
                  :quant (m2 / much))
            :ARG4 (k / kill-01
                  :manner (ii2 / inject-01)
                  :ARG1-of (q / quick-02)
                  :ARG1-of (e / easy-05))))"
micro_k010,public_broadcasting_fees_on_demand,a2,False,pro,"In some cases there are only shows for older generations on at prime times, so why then should everyone pay for this?","# ::snt In some cases there are only shows for older generations on at prime times, so why then should everyone pay for this?
(ii / infer-01
      :ARG1 (r / recommend-01
            :ARG1 (p / pay-01
                  :ARG0 (e / everyone)
                  :ARG3 (t / this))
            :ARG1-of (c / cause-01
                  :ARG0 (a / amr-unknown)))
      :ARG2 (s / show-04
            :ARG1 (g / generation
                  :ARG1-of (h / have-degree-91
                        :ARG2 (o / old)
                        :ARG3 (m / more)))
            :mod (o2 / only)
            :time (c2 / case-04
                  :mod (s2 / some))
            :time (t2 / time
                  :mod (p2 / prime))))"
micro_k010,public_broadcasting_fees_on_demand,a3,False,pro,"By now you have advertising on all channels,","# ::snt By now you have advertising on all channels,
(a / advertise-01
      :ARG0 (y / you)
      :medium (c / channel
            :mod (a2 / all))
      :time (b / by
            :op1 (n / now)))"
micro_k010,public_broadcasting_fees_on_demand,a4,False,pro,so there's no advantage for the current paying viewers of the public broadcasters.,"# ::snt so there's no advantage for the current paying viewers of the public broadcasters.
(ii / infer-01
      :ARG1 (a / advantage-01
            :polarity -
            :ARG2 (p / person
                  :ARG0-of (v / view-01
                        :ARG1 (b / broadcast-01
                              :ARG1-of (p2 / public-02)))
                  :ARG0-of (p3 / pay-01)
                  :time (c / current))))"
micro_k010,public_broadcasting_fees_on_demand,a5,False,pro,Nevertheless one has to point out that there'd probably be way fewer stations if it weren’t the whole of Germany that’s obliged to pay.,"# ::snt Nevertheless one has to point out that there'd probably be way fewer stations if it weren’t the whole of Germany that’s obliged to pay.
(o / obligate-01
      :ARG1 (o2 / one)
      :ARG2 (p / point-out-02
            :ARG0 o2
            :ARG1 (s / station
                  :ARG1-of (h / have-quant-91
                        :ARG3 (l / less
                              :quant (w / way)))
                  :mod (p2 / probable)
                  :condition o
                  :polarity -
                  :ARG1 (c / country
                        :name (n / name
                              :op1 ""Germany"")
                        :mod (w2 / whole))
                  :ARG2 (p3 / pay-01
                        :ARG0 c)))
      :ARG1-of (h2 / have-concession-91))"
micro_k010,public_broadcasting_fees_on_demand,a6,False,pro,"That shouldn't be an issue though, given the sheer number of programmes and stations that essentially show the same things anyway.","# ::snt That shouldn't be an issue though, given the sheer number of programmes and stations that essentially show the same things anyway.
(r / recommend-01
      :ARG1 (ii / issue-02
            :polarity -
            :ARG0 (t / that))
      :ARG1-of (h / have-concession-91)
      :ARG1-of (c / cause-01
            :ARG0 (n / number
                  :mod (s / sheer)
                  :quant-of (a / and
                        :op1 (p / program)
                        :op2 (s2 / station)
                        :ARG0-of (s3 / show-01
                              :ARG1 (t2 / thing
                                    :ARG1-of (s4 / same-01))
                              :mod (a2 / anyway)
                              :manner (e / essential))))))"
micro_k011,cap_rent_increases,a1,False,pro,"Rent increases upon re-letting aren't bad as such, if it's only a small amount,","# ::snt Rent increases upon re-letting aren't bad as such, if it's only a small amount,
(h / have-concession-91
      :ARG1 (b / bad-07
            :polarity -
            :ARG1 (ii / increase-01
                  :ARG1 (r / rent)
                  :time (r2 / relet-01))
            :mod (a / as-such))
      :ARG2 (a2 / amount
            :mod (s / small)
            :mod (o / only)
            :domain (ii2 / it)))"
micro_k011,cap_rent_increases,a2,False,pro,"they’re very bad however, if the rent suddenly climbs by €100 or €200.","# ::snt they’re very bad however, if the rent suddenly climbs by €100 or €200.
(c / contrast-01
      :ARG2 (b / bad-07
            :ARG1 (t / they)
            :degree (v / very)
            :condition (c2 / climb-01
                  :ARG1 (r / rent)
                  :ARG2 (o / or
                        :op1 (m / monetary-quantity
                              :quant 100
                              :unit (e / euro))
                        :op2 (m2 / monetary-quantity
                              :quant 200
                              :unit (e2 / euro)))
                  :manner (s / sudden))))"
micro_k011,cap_rent_increases,a3,False,pro,With those kinds of amounts you think twice about whether you really want to stay in the flat.,"# ::snt With those kinds of amounts you think twice about whether you really want to stay in the flat.
(t / think-01
      :frequency 2
      :ARG0 (y / you)
      :ARG1 (t2 / truth-value
            :polarity-of (w / want-01
                  :ARG0 y
                  :ARG1 (s / stay-01
                        :ARG1 y
                        :ARG3 (f / flat-03))
                  :ARG1-of (r / real-04)))
      :ARG2 (a / amount
            :mod (k / kind
                  :mod (t3 / that))))"
micro_k011,cap_rent_increases,a5,False,pro,"This helps the landlords,","# ::snt This helps the landlords,
(h / help-01
      :ARG0 (t / this)
      :ARG1 (p / person
            :ARG0-of (o / own-01)))"
micro_k011,cap_rent_increases,a6,False,pro,"as they can adjust their expenses through the increase,","# ::snt as they can adjust their expenses through the increase,
(c / cause-01
      :ARG0 (p / possible-01
            :ARG1 (a / adjust-01
                  :ARG0 (t / they)
                  :ARG1 (m / monetary-quantity
                        :ARG1-of (e / expend-01
                              :ARG0 t))
                  :ARG2 (ii / increase-01))))"
micro_k011,cap_rent_increases,a7,False,pro,"and also the tenants,","# ::snt and also the tenants,
(a / and
      :op2 (p / person
            :ARG0-of (r / rent-01)
            :mod (a2 / also)))"
micro_k011,cap_rent_increases,a8,False,pro,as they can plan for a maximum rent increase.,"# ::snt as they can plan for a maximum rent increase.
(c / cause-01
      :ARG0 (p / possible-01
            :ARG1 (p2 / plan-01
                  :ARG0 (t / they)
                  :ARG1 (ii / increase-01
                        :ARG1 (r / rent)
                        :ARG2 (m / maximum)))))"
micro_k011,cap_rent_increases,a9,False,pro,"That the landlords are then slightly restricted in the administration of their property is not a problem,","# ::snt That the landlords are then slightly restricted in the administration of their property is not a problem,
(p / problem
      :polarity -
      :domain (r / restrict-01
            :ARG1 (a / administer-01
                  :ARG0 (p2 / person
                        :ARG0-of (o / own-01))
                  :ARG1 (p3 / property
                        :poss p2))
            :degree (s / slight)
            :time (t / then)))"
micro_k011,cap_rent_increases,a10,False,pro,as they have more pull in the end anyway.,"# ::snt as they have more pull in the end anyway.
(c / cause-01
      :ARG0 (p / pull-01
            :ARG0 (t / they)
            :time (e / end-01)
            :quant (m / more))
      :mod (a / anyway))"
micro_k012,charge_tuition_fees,a2,False,con,This would simply mean that only those people with wealthy parents or a previous education and a part-time job while studying would be able to apply for a degree programme in the first place.,"# ::snt This would simply mean that only those people with wealthy parents or a previous education and a part-time job while studying would be able to apply for a degree programme in the first place.
(m / mean-01
      :ARG1 (t / this)
      :ARG2 (p / possible-01
            :ARG1 (a / apply-01
                  :ARG0 (p2 / person
                        :mod (o / only)
                        :ARG0-of (h / have-rel-role-91
                              :ARG1 (p3 / person)
                              :ARG2 (p4 / parent))
                        :ARG0-of (h2 / have-03
                              :ARG1 (a2 / and
                                    :op1 (e / education
                                          :mod (w / wealth))
                                    :op2 (j / job
                                          :mod (p5 / part-time))
                                    :time (p6 / previous))))
                  :ARG1 (p7 / program
                        :mod (d / degree)))
            :mod (ii / in-the-first-place))
      :ARG1-of (s / simple-02))"
micro_k012,charge_tuition_fees,a3,False,con,Even without tuition fees half of the student population has to work while studying and hence has less time for studying or recreation.,"# ::snt Even without tuition fees half of the student population has to work while studying and hence has less time for studying or recreation.
(h / have-concession-91
      :ARG1 (o / obligate-01
            :ARG1 (p / population
                  :ARG1-of (ii / include-91
                        :ARG2 (p2 / population
                              :mod (p3 / person
                                    :ARG0-of (s / study-01)))
                        :ARG3 ""1/2""))
            :ARG2 (w / work-01
                  :ARG0 p
                  :time (s2 / study-01))
            :ARG0-of (c / cause-01
                  :ARG1 (h2 / have-03
                        :ARG0 p
                        :ARG1 (t / time
                              :quant (l / less)
                              :purpose (o2 / or
                                    :op1 (s3 / study-01)
                                    :op2 (r / recreation-02))))))
      :ARG2 (f / fee
            :polarity -
            :mod (t2 / tuition)))"
micro_k012,charge_tuition_fees,a4,False,con,One could argue that an increase in tuition fees would allow institutions to be better equipped.,"# ::snt One could argue that an increase in tuition fees would allow institutions to be better equipped.
(p / possible-01
      :ARG1 (a / argue-01
            :ARG0 (o / one)
            :ARG1 (a2 / allow-01
                  :ARG0 (ii / increase-01
                        :ARG1 (f / fee
                              :mod (t / tuition)))
                  :ARG1 (e / equip-01
                        :ARG1 (ii2 / institution)
                        :ARG1-of (h / have-degree-91
                              :ARG2 (g / good-02
                                    :ARG1 e)
                              :ARG3 (m / more))))))"
micro_k012,charge_tuition_fees,a5,False,con,But what is the good of a wonderfully outfitted university if it doesn't actually allow the majority of clever people to broaden their horizons with all that great equipment?,"# ::snt But what is the good of a wonderfully outfitted university if it doesn't actually allow the majority of clever people to broaden their horizons with all that great equipment?
(c / contrast-01
      :ARG2 (g / good-02
            :ARG1 (u / university
                  :ARG1-of (o / outfit-01
                        :ARG1-of (w / wonderful-03)))
            :ARG2 (a / amr-unknown)
            :condition (a2 / allow-01
                  :polarity -
                  :ARG0 u
                  :ARG1 (b / broaden-01
                        :ARG0 (p / person
                              :quant (m / majority)
                              :ARG1-of (c2 / clever-01))
                        :ARG1 (h / horizon
                              :poss p)
                        :instrument (e / equipment
                              :mod (g2 / great)
                              :mod (a3 / all)
                              :mod (t / that)))
                  :ARG1-of (a4 / actual-02))))"
micro_k013,allow_shops_to_open_on_holidays_and_sundays,a1,False,con,Supermarket employees and people who work in shopping centres also have the right to a Sunday off work.,"# ::snt Supermarket employees and people who work in shopping centres also have the right to a Sunday off work.
(r / right-05
      :ARG1 (a / and
            :op1 (p / person
                  :ARG1-of (e / employ-01
                        :ARG0 (m / market
                              :name (n / name
                                    :op1 ""Supermarket""))))
            :op2 (p2 / person
                  :ARG0-of (w / work-01
                        :ARG2 (c / center
                              :mod (s / shop-01)))))
      :ARG2 (d / date-entity
            :weekday (s2 / sunday)
            :mod (o / off
                  :op1 (w2 / work-01)))
      :mod (a2 / also))"
micro_k013,allow_shops_to_open_on_holidays_and_sundays,a2,False,con,"Likewise public holidays should remain what they are: for some a day of introspection, for others a paid day off that is not taken away from the annual paid leave proper.","# ::snt Likewise public holidays should remain what they are: for some a day of introspection, for others a paid day off that is not taken away from the annual paid leave proper.
(r / recommend-01
      :ARG1 (r2 / remain-01
            :ARG1 (h / holiday-01
                  :ARG1-of (p / public-02))
            :ARG3 (a / and
                  :op1 (t / temporal-quantity
                        :quant 1
                        :unit (d / day)
                        :duration-of (ii / introspect-01)
                        :quant (s / some))
                  :op2 (t2 / temporal-quantity
                        :quant 1
                        :unit (d2 / day
                              :mod (o / off)
                              :ARG1-of (p2 / pay-01)
                              :ARG1-of (t3 / take-away-05
                                    :polarity -
                                    :source (l / leave-11
                                          :mod (p3 / proper)
                                          :frequency (r3 / rate-entity-91
                                                :ARG3 (t4 / temporal-quantity
                                                      :quant 1
                                                      :unit (y / year))))))
                        :beneficiary (o2 / other))))
      :mod (l2 / likewise))"
micro_k013,allow_shops_to_open_on_holidays_and_sundays,a4,False,con,"People, however, who work during the week and on Saturdays then have a problem: everyone else can shop weekdays, but they can't.","# ::snt People, however, who work during the week and on Saturdays then have a problem: everyone else can shop weekdays, but they can't.
(c / contrast-01
      :ARG2 (h / have-03
            :ARG0 (p / person
                  :ARG0-of (w / work-01
                        :time (a / and
                              :op1 (w2 / week)
                              :op2 (d / date-entity
                                    :weekday (s / saturday)))))
            :ARG1 (p2 / problem
                  :mod (s2 / shop-01
                        :ARG0 (e / everyone
                              :mod (e2 / else))
                        :ARG1-of c
                        :ARG2 (p3 / possible-01
                              :polarity -
                              :ARG1 (s3 / shop-01
                                    :ARG0 e
                                    :time d
                                    :weekday (w3 / wednesday))))))
      :time (t / then))"
micro_k013,allow_shops_to_open_on_holidays_and_sundays,a5,False,con,"For those people the late opening hours, which meanwhile already extend to 12:00 midnight, present a good alternative.","# ::snt For those people the late opening hours, which meanwhile already extend to 12:00 midnight, present a good alternative.
(p / present-01
      :ARG0 (h / hour
            :time-of (o / open-01)
            :ARG1-of (l / late-02)
            :ARG1-of (e / extend-01
                  :ARG4 (d / date-entity
                        :time ""12:00"")
                  :time (m / meanwhile)
                  :time (a / already)))
      :ARG1 (a2 / alternative
            :ARG1-of (g / good-02))
      :ARG2 (p2 / person
            :mod (t / that)))"
micro_k014,stricter_regulation_of_intelligence_services,a2,False,pro,"for, as the most recent NSA wiretapping scandal has shown, the federal state government is allegedly not always familiar with the scope of operations of its intelligence services.","# ::snt for, as the most recent NSA wiretapping scandal has shown, the federal state government is allegedly not always familiar with the scope of operations of its intelligence services.
(c / cause-01
      :ARG1 (f / familiarize-01
            :polarity -
            :ARG1 (g / government-organization
                  :ARG0-of (g2 / govern-01
                        :ARG1 (s / state))
                  :mod (f2 / federal))
            :ARG2 (s2 / scope
                  :poss (o / operate-01
                        :ARG0 (s3 / service
                              :mod (ii / intelligence)
                              :poss g)))
            :ARG1-of (a / allege-01)
            :time (a2 / always)
            :ARG1-of (s4 / show-01
                  :ARG0 (s5 / scandal
                        :mod g
                        :name (n / name
                              :op1 ""NSA""))
                  :topic (w / wiretap)
                  :ARG1-of (h / have-degree-91
                        :ARG2 (r / recent)
                        :ARG3 (m / most)))))"
micro_k014,stricter_regulation_of_intelligence_services,a3,False,pro,Checks could contribute to restricting the so far rather opaque scope of action of individual services.,"# ::snt Checks could contribute to restricting the so far rather opaque scope of action of individual services.
(p / possible-01
      :ARG1 (c / contribute-01
            :ARG0 (w / wreck-01)
            :ARG2 (r / restrict-01
                  :ARG0 w
                  :ARG1 (s / scope
                        :mod (a / act-02)
                        :ARG1-of (o / opaque-02
                              :degree (r2 / rather))
                        :poss (s2 / serve-01
                              :mod (ii / individual))
                        :time (s3 / so-far)))))"
micro_k014,stricter_regulation_of_intelligence_services,a4,False,pro,"Yet it remains questionable whether the actual implementation of such supervision would at the same time lead to a stronger observance of laws,","# ::snt Yet it remains questionable whether the actual implementation of such supervision would at the same time lead to a stronger observance of laws,
(r / remain-01
      :ARG1 (q / question-03
            :ARG1 (t / truth-value
                  :polarity-of (l / lead-03
                        :ARG0 (ii / implement-01
                              :ARG1 (s / supervise-01
                                    :mod (s2 / such))
                              :ARG1-of (a / actual-02))
                        :ARG2 (o / observe-01
                              :ARG1 (l2 / law)
                              :ARG1-of (h / have-degree-91
                                    :ARG2 (s3 / strong-02
                                          :ARG1 o)
                                    :ARG3 (m / more)))
                        :time (t2 / time
                              :ARG1-of (s4 / same-01)))))
      :mod (y / yet))"
micro_k014,stricter_regulation_of_intelligence_services,a5,False,pro,as ultimately this decision is in the hands of the respective government leaders.,"# ::snt as ultimately this decision is in the hands of the respective government leaders.
(c / cause-01
      :ARG1 (ii / in-ones-hands-04
            :ARG0 (p / person
                  :ARG0-of (l / lead-02
                        :ARG1 (g / government-organization
                              :ARG0-of (g2 / govern-01))))
            :ARG1 (t / thing
                  :ARG1-of (d / decide-01)
                  :mod (t2 / this))
            :mod (u / ultimate)))"
micro_k015,TXL_airport_remain_operational_after_BER_opening,a2,False,unclear,even if billions of Euros have already been invested in the existing airport project,"# ::snt even if billions of Euros have already been invested in the existing airport project
(h / have-concession-91
      :ARG2 (e / even-if
            :op1 (ii / invest-01
                  :ARG1 (m / multiple
                        :op1 (m2 / monetary-quantity
                              :quant 1000000000
                              :unit (e2 / euro)))
                  :ARG2 (p / project
                        :topic (a / airport)
                        :ARG1-of (e3 / exist-01))
                  :time (a2 / already))))"
micro_k015,TXL_airport_remain_operational_after_BER_opening,a3,False,unclear,and this would delay the date of completion indefinitely.,"# ::snt and this would delay the date of completion indefinitely.
(a / and
      :op2 (d / delay-01
            :ARG0 (t / this)
            :ARG1 (d2 / date
                  :time-of (c / complete-01))
            :ARG2 (d3 / definite
                  :polarity -)))"
micro_k015,TXL_airport_remain_operational_after_BER_opening,a4,False,unclear,Both the drawn-out building operations and the mounting safety issues show clear shortcomings in the entire planning.,"# ::snt Both the drawn-out building operations and the mounting safety issues show clear shortcomings in the entire planning.
(s / show-01
      :ARG0 (a / and
            :op1 (o / operate-01
                  :ARG1 (b / build-01)
                  :ARG1-of (d / draw-02
                        :direction (o2 / out)))
            :op2 (ii / issue-02
                  :ARG0 (s2 / safe-01)
                  :ARG1-of (m / mount-02))
            :mod (b2 / both))
      :ARG1 (s3 / shortcoming
            :ARG1-of (c / clear-06)
            :topic (p / plan-01
                  :mod (e / entire))))"
micro_k016,EU_influence_on_political_events_in_Ukraine,a1,False,con,"Despite the severe clashes in Kiev, which at times have threatened to escalate,","# ::snt Despite the severe clashes in Kiev, which at times have threatened to escalate,
(h / have-concession-91
      :ARG2 (c / clash-01
            :location (c2 / city
                  :name (n / name
                        :op1 ""Kiev""))
            :ARG1-of (e / escalate-01
                  :ARG1-of (t / threaten-01
                        :frequency (a / at-times)))
            :mod (s / severe)))"
micro_k016,EU_influence_on_political_events_in_Ukraine,a3,False,con,"Although Ukraine is a European country,","# ::snt Although Ukraine is a European country,
(h / have-concession-91
      :ARG2 (c / country
            :location (c2 / continent
                  :name (n / name
                        :op1 ""Europe""))
            :domain (c3 / country
                  :name (n2 / name
                        :op1 ""Ukraine""))))"
micro_k016,EU_influence_on_political_events_in_Ukraine,a4,False,con,"and the Ukrainian opposition is primarily interested in installing a robust democracy,","# ::snt and the Ukrainian opposition is primarily interested in installing a robust democracy,
(a / and
      :op2 (ii / interest-01
            :ARG1 (p / person
                  :ARG0-of (o / oppose-01
                        :ARG1 (c / country
                              :name (n / name
                                    :op1 ""Ukraine""))))
            :ARG2 (ii2 / install-01
                  :ARG0 p
                  :ARG1 (d / democracy
                        :mod (r / robust)))
            :mod (p2 / primary)))"
micro_k016,EU_influence_on_political_events_in_Ukraine,a5,False,con,possible supporters face a considerably stronger opponent in the intervention of Russia in local politics.,"# ::snt possible supporters face a considerably stronger opponent in the intervention of Russia in local politics.
(f / face-01
      :ARG0 (p / person
            :ARG0-of (s / support-01)
            :ARG1-of (p2 / possible-01))
      :ARG1 (p3 / person
            :ARG0-of (o / oppose-01)
            :ARG1-of (s2 / strong-02
                  :ARG2-of (h / have-degree-91
                        :ARG1 p3
                        :ARG3 (m / more
                              :degree (c / considerable)))))
      :ARG1-of (c2 / cause-01
            :ARG0 (ii / intervene-01
                  :ARG0 (c3 / country
                        :name (n / name
                              :op1 ""Russia""))
                  :ARG1 (p4 / politics
                        :ARG1-of (l / local-02)))))"
micro_k017,keep_retirement_at_63,a2,False,con,"as the population in Germany has, viewed demographically, a disproportionate number of old people,","# ::snt as the population in Germany has, viewed demographically, a disproportionate number of old people,
(r / resemble-01
      :ARG1 (n / number
            :mod (p / proportionate
                  :polarity -)
            :quant-of (p2 / person
                  :mod (o / old))
            :ARG1-of (v / view-02
                  :ARG0 (p3 / population
                        :location (c / country
                              :name (n2 / name
                                    :op1 ""Germany"")))
                  :manner (d / demography))))"
micro_k017,keep_retirement_at_63,a3,False,con,and constantly declining birth rates are being recorded.,"# ::snt and constantly declining birth rates are being recorded.
(a / and
      :op2 (r / record-01
            :ARG1 (r2 / rate
                  :mod (b / bear-02)
                  :ARG1-of (d / decline-01
                        :frequency (c / constant)))))"
micro_k017,keep_retirement_at_63,a4,False,con,"Admittedly the number of immigrants is constantly rising in Germany,","# ::snt Admittedly the number of immigrants is constantly rising in Germany,
(a / admit-01
      :ARG1 (r / rise-01
            :ARG1 (n / number
                  :quant-of (p / person
                        :ARG0-of (ii / immigrate-01)))
            :frequency (c / constant)
            :location (c2 / country
                  :name (n2 / name
                        :op1 ""Germany""))))"
micro_k017,keep_retirement_at_63,a5,False,con,"but without sufficient, well-qualified junior employees there is hardly a possibility for adequate pension financing.","# ::snt but without sufficient, well-qualified junior employees there is hardly a possibility for adequate pension financing.
(c / contrast-01
      :ARG2 (p / possible-01
            :ARG1 (f / finance-01
                  :ARG1 (p2 / pension)
                  :mod (a / adequate))
            :mod (h / hardly)
            :condition (h2 / have-03
                  :polarity -
                  :ARG1 (p3 / person
                        :ARG1-of (e / employ-01)
                        :mod (j / junior)
                        :ARG1-of (q / qualify-02
                              :ARG1-of (w / well-09)))
                  :ARG0-of (s / suffice-01))))"
micro_k018,allow_shops_to_open_on_holidays_and_sundays,a1,False,con,Our society is in danger of overheating due to 'never clocking off'.,"# ::snt Our society is in danger of overheating due to 'never clocking off'.
(e / endanger-01
      :ARG0 (c / clock-off-04
            :polarity -
            :time (e2 / ever))
      :ARG1 (s / society
            :poss (w / we))
      :ARG1-of (c2 / cause-01
            :ARG0 (o / overhear-01
                  :ARG1 s)))"
micro_k018,allow_shops_to_open_on_holidays_and_sundays,a2,False,con,"Even though politicians stress the Christian character of our country,","# ::snt Even though politicians stress the Christian character of our country,
(h / have-concession-91
      :ARG2 (s / stress-01
            :ARG0 (p / politician)
            :ARG1 (c / character
                  :mod (r / religious-group
                        :name (n / name
                              :op1 ""Christian""))
                  :poss (c2 / country
                        :poss (w / we)))))"
micro_k018,allow_shops_to_open_on_holidays_and_sundays,a3,False,con,the last 20 years have seen the Sunday off work increasingly sacrificed to commerce.,"# ::snt the last 20 years have seen the Sunday off work increasingly sacrificed to commerce.
(s / see-01
      :ARG0 (t / temporal-quantity
            :quant 20
            :unit (y / year)
            :mod (l / last))
      :ARG1 (s2 / sacrifice-01
            :ARG1 (d / date-entity
                  :weekday (s3 / sunday)
                  :dayperiod (w / work-01
                        :polarity -))
            :ARG2 (c / commerce)
            :ARG1-of (ii / increase-01)))"
micro_k018,allow_shops_to_open_on_holidays_and_sundays,a4,False,con,"But after all, the purpose of having a day off is not just to make time to go to church.","# ::snt But after all, the purpose of having a day off is not just to make time to go to church.
(c / contrast-01
      :ARG2 (h / have-purpose-91
            :ARG1 (h2 / have-03
                  :ARG1 (d / day
                        :mod (o / off)))
            :ARG2 h
            :ARG1 h2
            :ARG2 (m / make-18
                  :ARG0 h2
                  :ARG1 (t / time
                        :purpose (g / go-02
                              :ARG0 h2
                              :ARG4 (c2 / church)))
                  :mod (j / just
                        :polarity -)))
      :mod (a / after-all))"
micro_k018,allow_shops_to_open_on_holidays_and_sundays,a5,False,con,Rather it should give people the chance to have a mental break.,"# ::snt Rather it should give people the chance to have a mental break.
(ii / instead-of-91
      :ARG1 (r / recommend-01
            :ARG1 (g / give-01
                  :ARG0 (ii2 / it)
                  :ARG1 (c / chance-02
                        :ARG0 (p / person)
                        :ARG1 (b / break-13
                              :ARG0 p
                              :ARG1 (m / mind)))
                  :ARG2 p)))"
micro_k019,public_broadcasting_fees_on_demand,a1,False,con,The thought of television exclusively made up of private channels scares me.,"# ::snt The thought of television exclusively made up of private channels scares me.
(s / scare-01
      :ARG0 (t / think-01
            :ARG0 (ii / i)
            :ARG1 (t2 / television
                  :ARG1-of (m / make-up-07
                        :ARG2 (c / channel
                              :ARG1-of (p / private-03))
                        :ARG1-of (e / exclusive-02))))
      :ARG1 ii)"
micro_k019,public_broadcasting_fees_on_demand,a2,False,con,Admittedly trash and turmoil are exactly what the majority of people want to see.,"# ::snt Admittedly trash and turmoil are exactly what the majority of people want to see.
(w / want-01
      :ARG0 (p / person
            :quant (m / majority))
      :ARG1 (s / see-01
            :ARG0 p
            :ARG1 (a / and
                  :op1 (t / trash)
                  :op2 (t2 / turmoil))
            :manner (e / exact))
      :ARG1-of (a2 / admit-01))"
micro_k019,public_broadcasting_fees_on_demand,a3,False,con,But to therefore offer TV according to audience rates only would be dangerous.,"# ::snt But to therefore offer TV according to audience rates only would be dangerous.
(c / contrast-01
      :ARG2 (e / endanger-01
            :ARG0 (o / offer-01
                  :ARG1 (t / television)
                  :ARG1-of (c2 / conform-01
                        :ARG2 (r / rate
                              :mod (a / audience)))
                  :mod (t2 / therefore))
            :mod (o2 / only)))"
micro_k019,public_broadcasting_fees_on_demand,a4,False,con,Only in public TV programmes can viewers get information that is not profit-oriented.,"# ::snt Only in public TV programmes can viewers get information that is not profit-oriented.
(p / possible-01
      :ARG1 (g / get-01
            :ARG0 (p2 / person
                  :ARG0-of (v / view-01
                        :ARG1 (p3 / program
                              :medium (t / television)
                              :ARG1-of (p4 / public-02))))
            :ARG1 (ii / information
                  :ARG1-of (o / orient-01
                        :polarity -
                        :ARG2 (p5 / profit-01))))
      :location p3
      :mod (o2 / only))"
micro_k019,public_broadcasting_fees_on_demand,a5,False,con,"And since it is the duty of society to collectively finance certain areas that cannot hold their own in a market economy,","# ::snt And since it is the duty of society to collectively finance certain areas that cannot hold their own in a market economy,
(a / and
      :op2 (c / cause-01
            :ARG0 (d / duty
                  :domain (s / society)
                  :purpose (f / finance-01
                        :ARG0 s
                        :ARG1 (a2 / area
                              :mod (c2 / certain)
                              :ARG0-of (h / hold-01
                                    :ARG1 (a3 / area
                                          :poss s)
                                    :ARG1-of (p / possible-01
                                          :polarity -)
                                    :location (e / economy
                                          :mod (m / market)))
                              :manner (c3 / collective))))))"
micro_k020,introduce_capital_punishment,a1,False,con,Despite the death penalty there are significantly more homicides in the US than in Germany.,"# ::snt Despite the death penalty there are significantly more homicides in the US than in Germany.
(h / have-quant-91
      :ARG1 (h2 / homicide
            :location (c / country
                  :name (n / name
                        :op1 ""US"")))
      :ARG3 (m / more
            :ARG1-of (s / significant-02))
      :ARG4 (h3 / homicide
            :location (c2 / country
                  :name (n2 / name
                        :op1 ""Germany"")))
      :concession (p / penalize-01
            :manner (d / die-01)))"
micro_k020,introduce_capital_punishment,a2,False,con,Fear of punishment hence does not deter murderers.,"# ::snt Fear of punishment hence does not deter murderers.
(d / deter-01
      :polarity -
      :ARG0 (f / fear-01
            :ARG1 (p / punish-01))
      :ARG1 (p2 / person
            :ARG0-of (m / murder-01))
      :ARG1-of (c / cause-01))"
micro_k020,introduce_capital_punishment,a3,False,con,'An eye for an eye' seems to miss the point.,"# ::snt 'An eye for an eye' seems to miss the point.
(s / seem-01
      :ARG1 (m / miss-02
            :ARG0 (s2 / string-entity)))"
micro_k020,introduce_capital_punishment,a5,False,con,A re-introduction of capital punishment in Germany would be a step back into the Middle Ages.,"# ::snt A re-introduction of capital punishment in Germany would be a step back into the Middle Ages.
(s / step-01
      :ARG1 (r / reintroduce-02
            :ARG1 (p / punish-01
                  :mod (c / capital))
            :ARG2 (c2 / country
                  :name (n / name
                        :op1 ""Germany""))
            :mod (a / again))
      :ARG2 (a2 / age
            :mod (m / middle))
      :direction (b / back))"
micro_k021,cap_rent_increases,a1,False,pro,'Property entails commitment' is one of the tenets of our social order.,"# ::snt 'Property entails commitment' is one of the tenets of our social order.
(e / entail-01
      :ARG0 (p / property)
      :ARG1 (c / commit-01)
      :ARG1-of (ii / include-91
            :ARG2 (t / tenet
                  :poss (o / order
                        :mod (s / society)
                        :poss (w / we)))))"
micro_k021,cap_rent_increases,a2,False,pro,Everyone should be able to get the utmost profit from his or her property.,"# ::snt Everyone should be able to get the utmost profit from his or her property.
(r / recommend-01
      :ARG1 (p / possible-01
            :ARG1 (g / get-01
                  :ARG0 (e / everyone)
                  :ARG1 (p2 / profit-01
                        :ARG0 e
                        :degree (u / utmost))
                  :ARG2 (p3 / property
                        :poss (o / or
                              :op1 (h / he)
                              :op2 (s / she))))))"
micro_k021,cap_rent_increases,a3,False,pro,"A fixing of rent prices according to the market alone, however, will lead to a further division of society.","# ::snt A fixing of rent prices according to the market alone, however, will lead to a further division of society.
(c / contrast-01
      :ARG2 (l / lead-03
            :ARG0 (f / fix-02
                  :ARG1 (p / price-01
                        :ARG1 (r / rent))
                  :ARG1-of (s / say-01
                        :ARG0 (m / market
                              :mod (a / alone))))
            :ARG2 (d / divide-02
                  :ARG1 (s2 / society)
                  :degree (f2 / further))))"
micro_k021,cap_rent_increases,a4,False,pro,The rich and poor live in different neighbourhoods.,"# ::snt The rich and poor live in different neighbourhoods.
(l / live-01
      :ARG0 (a / and
            :op1 (p / person
                  :mod (r / rich))
            :op2 (p2 / person
                  :mod (p3 / poor)))
      :location (n / neighborhood
            :ARG1-of (d / differ-02)))"
micro_k022,allow_shops_to_open_on_holidays_and_sundays,a2,False,con,"For you can go shopping 6 days a week,","# ::snt For you can go shopping 6 days a week,
(c / cause-01
      :ARG1 (p / possible-01
            :ARG1 (s / shop-01
                  :ARG0 (y / you)
                  :frequency (r / rate-entity-91
                        :ARG1 (t / temporal-quantity
                              :quant 6
                              :unit (d / day))
                        :ARG2 (t2 / temporal-quantity
                              :quant 1
                              :unit (w / week))))))"
micro_k022,allow_shops_to_open_on_holidays_and_sundays,a3,False,con,as shops are open till 10pm on some days.,"# ::snt as shops are open till 10pm on some days.
(c / cause-01
      :ARG0 (o / open-09
            :ARG1 (s / shop)
            :time (t / till
                  :op1 (d / date-entity
                        :time ""10:00""
                        :dayperiod (d2 / day
                              :mod (s2 / some))))))"
micro_k022,allow_shops_to_open_on_holidays_and_sundays,a4,False,con,"Thus Sundays should remain a day for getting together with family,","# ::snt Thus Sundays should remain a day for getting together with family,
(c / cause-01
      :ARG1 (r / recommend-01
            :ARG1 (r2 / remain-01
                  :ARG1 (d / date-entity
                        :weekday (s / sunday))
                  :ARG3 (d2 / day
                        :purpose (g / get-together-14
                              :ARG0 (w / we)
                              :ARG1 (f / family))))))"
micro_k022,allow_shops_to_open_on_holidays_and_sundays,a5,False,con,otherwise there will be a new kind of leisure activity where people spend their time in supermarkets instead of outside or in conversation etc.,"# ::snt otherwise there will be a new kind of leisure activity where people spend their time in supermarkets instead of outside or in conversation etc.
(a / activity-06
      :ARG1 (l / leisure)
      :mod (k / kind
            :ARG1-of (n / new-01))
      :location (s / supermarket)
      :ARG1-of (ii / instead-of-91
            :ARG2 (s2 / spend-02
                  :ARG0 (p / person)
                  :ARG1 (t / time
                        :poss p)
                  :ARG2 (o / or
                        :op1 (o2 / outside)
                        :op2 (c / converse-01
                              :ARG0 p)
                        :op3 (e / et-cetera))))
      :ARG2-of (e2 / except-01)
      :ARG1-of e2)"
micro_k022,allow_shops_to_open_on_holidays_and_sundays,a6,False,con,"Furthermore, there's no need to keep shops open on Sundays.","# ::snt Furthermore, there's no need to keep shops open on Sundays.
(a / and
      :op2 (n / need-01
            :polarity -
            :ARG1 (k / keep-02
                  :ARG1 (o / open-09
                        :ARG1 (s / shop)
                        :time (d / date-entity
                              :weekday (s2 / sunday))))))"
micro_k023,increase_weight_of_BA_thesis_in_final_grade,a2,False,pro,"For a good overall grade opens many doors,","# ::snt For a good overall grade opens many doors,
(o / open-01
      :ARG0 (g / grade
            :mod (o2 / overall)
            :ARG1-of (g2 / good-02))
      :ARG1 (d / door
            :quant (m / many)))"
micro_k023,increase_weight_of_BA_thesis_in_final_grade,a3,False,pro,but is not of top priority for employers.,"# ::snt but is not of top priority for employers.
(c / contrast-01
      :ARG2 (p / prioritize-01
            :polarity -
            :ARG0 (p2 / person
                  :ARG0-of (e / employ-01))
            :ARG1 (ii / it)
            :degree (t / top)))"
micro_k023,increase_weight_of_BA_thesis_in_final_grade,a4,False,pro,"With a BA dissertation one can, however, demonstrate interests and subject matter expertise particularly well.","# ::snt With a BA dissertation one can, however, demonstrate interests and subject matter expertise particularly well.
(c / contrast-01
      :ARG2 (p / possible-01
            :ARG1 (d / demonstrate-01
                  :ARG0 (o / one)
                  :ARG1 (a / and
                        :op1 (ii / interest-01)
                        :op2 (e / expertise
                              :topic (m / matter
                                    :mod (s / subject))))
                  :manner (w / well-09
                        :mod (p2 / particular)))
            :condition (d2 / dissertation
                  :mod (d3 / degree
                        :name (n / name
                              :op1 ""BA"")))))"
micro_k023,increase_weight_of_BA_thesis_in_final_grade,a5,False,pro,After all one doesn't excel in every subject.,"# ::snt After all one doesn't excel in every subject.
(e / excel-01
      :polarity -
      :ARG0 (o / one)
      :ARG1 (s / subject
            :mod (e2 / every))
      :concession (a / after-all))"
micro_k024,higher_dog_poo_fines,a2,False,pro,although there aren't enough bins and bag-dispensers for dog dirt.,"# ::snt although there aren't enough bins and bag-dispensers for dog dirt.
(h / have-concession-91
      :ARG2 (h2 / have-quant-91
            :polarity -
            :ARG1 (a / and
                  :op1 (b / bin)
                  :op2 (t / thing
                        :ARG0-of (d / disgust-01
                              :ARG1 (b2 / bag))))
            :ARG3 (e / enough)
            :ARG6 (d2 / dirt
                  :source (d3 / dog))))"
micro_k024,higher_dog_poo_fines,a3,False,pro,One reason for this is that they have thus far hardly had to fear the consequences despite the obligation to clean up.,"# ::snt One reason for this is that they have thus far hardly had to fear the consequences despite the obligation to clean up.
(c / cause-01
      :ARG0 (o / obligate-01
            :ARG1 (t / they)
            :ARG2 (f / fear-01
                  :ARG0 t
                  :ARG1 (c2 / consequence-03
                        :ARG3 t))
            :degree (h / hardly)
            :time (t2 / thus-far)
            :concession o
            :ARG1 t
            :ARG2 (c3 / clean-up-02
                  :ARG0 t))
      :ARG1 (t3 / this)
      :quant (o2 / one))"
micro_k024,higher_dog_poo_fines,a4,False,pro,"A higher fine, so dog owners would have to dig deeper into their pockets, is supposed to be a deterrent after all.","# ::snt A higher fine, so dog owners would have to dig deeper into their pockets, is supposed to be a deterrent after all.
(s / suppose-02
      :ARG1 (f / fine-01
            :ARG1-of (h / have-degree-91
                  :ARG2 (h2 / high-02
                        :ARG1 f)
                  :ARG3 (m / more))
            :ARG0-of (c / cause-01
                  :ARG1 (o / obligate-01
                        :ARG1 (p / person
                              :ARG0-of (o2 / own-01
                                    :ARG1 (d / dog)))
                        :ARG2 (d2 / dig-01
                              :ARG0 p
                              :ARG2 (p2 / pocket
                                    :poss p)
                              :ARG1-of h
                              :ARG2 (d3 / deep-03
                                    :ARG1 p2)
                              :ARG3 m))))
      :ARG2 (d4 / deter-01
            :ARG0 f
            :ARG1 p
            :mod (a / after-all)))"
micro_k024,higher_dog_poo_fines,a5,False,pro,"The city, especially the green spaces, should be kept tidy after all,","# ::snt The city, especially the green spaces, should be kept tidy after all,
(r / recommend-01
      :ARG1 (k / keep-02
            :ARG1 (c / clean-04
                  :ARG1 (c2 / city
                        :ARG2-of (ii / include-91
                              :ARG1 (s / space
                                    :ARG1-of (g / green-03)
                                    :mod (e / especially)))))
            :concession (a / after-all)))"
micro_k024,higher_dog_poo_fines,a6,False,pro,for they are there for our recreation.,"# ::snt for they are there for our recreation.
(c / cause-01
      :ARG1 (b / be-located-at-91
            :ARG1 (t / they)
            :ARG2 (t2 / there)
            :purpose (r / recreation-02
                  :ARG0 (w / we))))"
micro_k024,higher_dog_poo_fines,a7,False,pro,Besides you're not allowed to leave other rubbish without punishment.,"# ::snt Besides you're not allowed to leave other rubbish without punishment.
(a / allow-01
      :polarity -
      :ARG1 (l / leave-15
            :ARG0 (y / you)
            :ARG1 (r / rubbish
                  :mod (o / other))
            :manner (p / punish-01
                  :polarity -
                  :ARG1 y))
      :mod (b / besides))"
micro_k025,introduce_capital_punishment,a1,False,pro,"Capital punishment is not a solution,","# ::snt Capital punishment is not a solution,
(s / solve-01
      :polarity -
      :ARG2 (p / punish-01
            :mod (c / capital)))"
micro_k025,introduce_capital_punishment,a2,False,pro,as it cannot be ruled out that the judicial process may make mistakes.,"# ::snt as it cannot be ruled out that the judicial process may make mistakes.
(c / cause-01
      :ARG0 (p / possible-01
            :polarity -
            :ARG1 (r / rule-out-02
                  :ARG1 (p2 / possible-01
                        :ARG1 (m / mistake-02
                              :ARG0 (p3 / process-02
                                    :ARG0 (j / judiciary)))))))"
micro_k025,introduce_capital_punishment,a3,False,pro,"Criminals should not be put in luxury prisons, though.","# ::snt Criminals should not be put in luxury prisons, though.
(r / recommend-01
      :polarity -
      :ARG1 (p / put-01
            :ARG1 (p2 / person
                  :ARG2-of (c / criminal-03))
            :ARG2 (p3 / prison
                  :mod (l / luxury)))
      :ARG1-of (h / have-concession-91))"
micro_k025,introduce_capital_punishment,a4,False,pro,"After all there are criminals who enjoy 'living' in prison for its decent board, no taxes to be paid, no stress with work.","# ::snt After all there are criminals who enjoy 'living' in prison for its decent board, no taxes to be paid, no stress with work.
(e / enjoy-01
      :ARG0 (p / person
            :ARG2-of (c / criminal-03))
      :ARG1 (l / live-01
            :location (p2 / prison)
            :ARG1-of (c2 / cause-01
                  :ARG0 (b / board
                        :mod (d / decent)
                        :poss p2)))
      :concession (a / after-all)
      :concession (a2 / and
            :op1 (p3 / pay-01
                  :polarity -
                  :ARG1 (m / monetary-quantity
                        :ARG1-of (t / tax-01)))
            :op2 (s / stress-02
                  :polarity -
                  :ARG0 (w / work-01))))"
micro_k027,public_broadcasting_fees_on_demand,a2,False,pro,After all there are many people in Germany who pay the fee although they merely use a computer to work.,"# ::snt After all there are many people in Germany who pay the fee although they merely use a computer to work.
(p / pay-01
      :ARG0 (p2 / person
            :quant (m / many)
            :location (c / country
                  :name (n / name
                        :op1 ""Germany"")))
      :ARG1 (f / fee)
      :concession (u / use-01
            :ARG0 p2
            :ARG1 (c2 / computer)
            :ARG2 (w / work-01
                  :ARG0 p2)
            :mod (m2 / mere))
      :concession (a / after-all))"
micro_k027,public_broadcasting_fees_on_demand,a3,False,pro,"Yet the fees are demanded from everybody who does not apply for a waiver, no matter how many receiver devices actually exist in the household and how they are being used.","# ::snt Yet the fees are demanded from everybody who does not apply for a waiver, no matter how many receiver devices actually exist in the household and how they are being used.
(d / demand-01
      :ARG0 (e / everybody
            :ARG0-of (a / apply-01
                  :polarity -
                  :ARG1 (w / waive-01)))
      :ARG1 (f / fee)
      :ARG2 e
      :ARG1-of (r / regardless-91
            :ARG2 (a2 / and
                  :op1 (t / thing
                        :quant-of (d2 / device
                              :ARG0-of (r2 / receiver-01)
                              :ARG1-of (e2 / exist-01
                                    :location (h / household)
                                    :ARG1-of (a3 / actual-02))))
                  :op2 (t2 / thing
                        :manner-of (u / use-01
                              :ARG1 d2))))
      :mod (y / yet))"
micro_k027,public_broadcasting_fees_on_demand,a4,False,pro,However it is obvious that the license fee officers are not in a position to check the usage of every single device.,"# ::snt However it is obvious that the license fee officers are not in a position to check the usage of every single device.
(c / contrast-01
      :ARG2 (o / obvious-01
            :ARG1 (p / position-01
                  :polarity -
                  :ARG1 (o2 / officer
                        :mod (f / fee
                              :mod (l / license-01)))
                  :ARG2 (c2 / check-01
                        :ARG0 o2
                        :ARG1 (u / use-01
                              :ARG1 (d / device
                                    :mod (e / every)
                                    :ARG1-of (s / single-02)))))))"
micro_k029,over_the_counter_morning_after_pill,a2,False,con,"Though there'd be the advantage of forgoing the embarrassment of a visit to the doctor or a nighttime trip to the walk-in clinic,","# ::snt Though there'd be the advantage of forgoing the embarrassment of a visit to the doctor or a nighttime trip to the walk-in clinic,
(h / have-concession-91
      :ARG2 (a / advantage-01
            :ARG2 (f / forgo-01
                  :ARG1 (o / or
                        :op1 (e / embarrass-01
                              :ARG0 (v / visit-01
                                    :ARG1 (d / doctor))
                              :ARG1 d)
                        :op2 (t / trip-03
                              :ARG1 (c / clinic
                                    :mod (w / walk-01))
                              :time (d2 / date-entity
                                    :dayperiod (n / night)))))))"
micro_k029,over_the_counter_morning_after_pill,a3,False,con,women should still be informed about the risks and have a gynaecological examination before taking it.,"# ::snt women should still be informed about the risks and have a gynaecological examination before taking it.
(r / recommend-01
      :ARG1 (a / and
            :op1 (ii / inform-01
                  :ARG1 (w / woman)
                  :ARG2 (r2 / risk-01)
                  :mod (s / still))
            :op2 (h / have-06
                  :ARG0 w
                  :ARG1 (e / examine-01
                        :ARG0 w
                        :ARG1 w
                        :mod (g / gynaecology))
                  :time (b / before
                        :op1 (t / take-01
                              :ARG0 w
                              :ARG1 (ii2 / it))))))"
micro_k029,over_the_counter_morning_after_pill,a4,False,con,Furthermore there's the risk that women could use the over-the-counter morning-after pill as a substitute for contraception.,"# ::snt Furthermore there's the risk that women could use the over-the-counter morning-after pill as a substitute for contraception.
(a / and
      :op2 (r / risk-01
            :ARG2 (p / possible-01
                  :ARG1 (u / use-01
                        :ARG0 (w / woman)
                        :ARG1 (p2 / pill
                              :time (d / date-entity
                                    :dayperiod (m / morning
                                          :time (a2 / after)))
                              :mod (o / over-the-counter))
                        :ARG2 (s / substitute-01
                              :ARG1 p2
                              :ARG2 (c / contraception))))))"
micro_k031,higher_dog_poo_fines,a1,False,pro,Pieces of dog poo on the pavements are a real danger.,"# ::snt Pieces of dog poo on the pavements are a real danger.
(e / endanger-01
      :ARG0 (p / Pieces
            :consist-of (p2 / poo-01
                  :ARG0 (d / dog)
                  :location (p3 / pave-01)))
      :ARG1-of (r / real-04))"
micro_k031,higher_dog_poo_fines,a2,False,pro,Time and again children or the elderly slip on them.,"# ::snt Time and again children or the elderly slip on them.
(s / slip-02
      :ARG1 (o / or
            :op1 (c / child)
            :op2 (p / person
                  :mod (e / elderly)))
      :prep-on (t / they)
      :frequency (t2 / time-and-again))"
micro_k031,higher_dog_poo_fines,a3,False,pro,"A fine for leaving dog waste behind admittedly seems rather authoritarian,","# ::snt A fine for leaving dog waste behind admittedly seems rather authoritarian,
(s / seem-01
      :ARG1 (a / authoritarian
            :domain (f / fine-01
                  :ARG3 (l / leave-behind-18
                        :ARG1 (w / waste-01
                              :ARG1 (d / dog))))
            :degree (r / rather))
      :ARG1-of (a2 / admit-01))"
micro_k031,higher_dog_poo_fines,a4,False,pro,"but similar rules are often in place for bicycles on park paths, after all.","# ::snt but similar rules are often in place for bicycles on park paths, after all.
(c / contrast-01
      :ARG2 (ii / in-place
            :domain (r / rule
                  :ARG1-of (r2 / resemble-01))
            :frequency (o / often)
            :beneficiary (b / bicycle
                  :location (p / path
                        :mod (p2 / park)))
            :mod (a / after-all)))"
micro_k031,higher_dog_poo_fines,a6,False,pro,A dog dirt-free city will be more attractive not only for its residents but also for tourists!,"# ::snt A dog dirt-free city will be more attractive not only for its residents but also for tourists!
(a / attract-01
      :ARG0 (c / city
            :ARG1-of (f / free-04
                  :ARG2 (d / dirt))
            :consist-of (d2 / dog))
      :ARG1 (a2 / and
            :op1 (p / person
                  :ARG0-of (r / reside-01
                        :ARG1 c))
            :op2 (p2 / person
                  :ARG0-of (t / tour-01)
                  :mod (a3 / also)))
      :ARG2-of (h / have-degree-91
            :ARG1 c
            :ARG3 (m / more)))"
