topic,arg_A,arg_B,text_A,text_B,type_A,type_B,sbert_score
EU_influence_on_political_events_in_Ukraine,a4,a3,"Furthermore, Ukraine is culturally and geographically much closer than other countries that the EU (used to) get involved with.","Although Ukraine is a European country,",premise,objection,0.8016
EU_influence_on_political_events_in_Ukraine,a1,a4,The EU should exert influence on the political events in Ukraine.,"Furthermore, Ukraine is culturally and geographically much closer than other countries that the EU (used to) get involved with.",claim,premise,0.6743
EU_influence_on_political_events_in_Ukraine,a1,a3,The EU should exert influence on the political events in Ukraine.,"Although Ukraine is a European country,",claim,objection,0.6718
EU_influence_on_political_events_in_Ukraine,a6,a2,the EU should intervene right away.,the EU should not intervene in local politics.,claim,claim,0.6606
EU_influence_on_political_events_in_Ukraine,a1,a6,The EU should exert influence on the political events in Ukraine.,"but political power also brings about political responsibility, in this case the responsibility to protect the Ukrainian people from the rather strong interests of the two Great Powers.",claim,objection,0.6176
EU_influence_on_political_events_in_Ukraine,a1,a6,The EU should exert influence on the political events in Ukraine.,the EU should intervene right away.,claim,claim,0.6051
MISSING_TOPIC,a3,a4,"Plus he comes to training way too rarely,",although he plays very well without training.,premise,objection,0.7073
MISSING_TOPIC,a3,a5,and at the same time birth rates are declining.,these short-term fluctuations in birth rates don't change the general trend at all.,premise,objection,0.6439
MISSING_TOPIC,a1,a3,Excessive consumption of meat is unhealthy.,We should thus all limit our consumption of meat rigorously.,premise,claim,0.6229
MISSING_TOPIC,a1,a2,"You should watch less television,","as too much TV makes you stupid in the long run,",claim,premise,0.6162
MISSING_TOPIC,a1,a2,Anti-virus software protects the users of a computer from dangers from the internet.,That's why everyone should have an anti-virus programme on his or her Windows machine.,premise,claim,0.6118
MISSING_TOPIC,a1,a2,Excessive consumption of meat is unhealthy.,"Furthermore, the production of meat is comparably resource-intensive.",premise,premise,0.6099
TXL_airport_remain_operational_after_BER_opening,a1,a6,As a central airport Berlin Tegel is particularly attractive for business travellers and should by all means remain operational.,"After the new BER Airport has been commissioned, Tegel should definitely be closed.",claim,claim,0.6689
TXL_airport_remain_operational_after_BER_opening,a3,a4,The negative impact of air traffic however is considerable.,Air traffic is extremely environmentally unfriendly.,objection,premise,0.6151
allow_shops_to_open_on_holidays_and_sundays,a1,a1,Supermarkets and shopping centres should be allowed to open on any Sundays and holidays.,Supermarkets and shopping centres should be allowed to open any Sundays and holidays at their discretion.,claim,claim,0.9926
allow_shops_to_open_on_holidays_and_sundays,a6,a1,For these reasons supermarkets and shopping centres should not be allowed to be open for business on arbitrary Sundays and holidays.,Supermarkets and shopping centres should be allowed to open any Sundays and holidays at their discretion.,claim,claim,0.8914
allow_shops_to_open_on_holidays_and_sundays,a6,a1,For these reasons supermarkets and shopping centres should not be allowed to be open for business on arbitrary Sundays and holidays.,Supermarkets and shopping centres should be allowed to open on any Sundays and holidays.,claim,claim,0.8856
allow_shops_to_open_on_holidays_and_sundays,a5,a1,Opening on Sundays and holidays would therefore help both customers and shops.,Supermarkets and shopping centres should be allowed to open any Sundays and holidays at their discretion.,claim,claim,0.8139
allow_shops_to_open_on_holidays_and_sundays,a5,a1,Opening on Sundays and holidays would therefore help both customers and shops.,Supermarkets and shopping centres should be allowed to open on any Sundays and holidays.,claim,claim,0.8098
allow_shops_to_open_on_holidays_and_sundays,a5,a3,Opening on Sundays and holidays would therefore help both customers and shops.,Hence it is good when shops are not open on Sundays and public holidays.,claim,claim,0.7896
allow_shops_to_open_on_holidays_and_sundays,a5,a2,Opening on Sundays and holidays would therefore help both customers and shops.,"For in this way, Sunday shopping days would be better spread out through the year.",claim,premise,0.7661
allow_shops_to_open_on_holidays_and_sundays,a6,a6,For these reasons supermarkets and shopping centres should not be allowed to be open for business on arbitrary Sundays and holidays.,"Furthermore, there's no need to keep shops open on Sundays.",claim,premise,0.7628
allow_shops_to_open_on_holidays_and_sundays,a1,a5,"Owner-run shops may potentially be overwhelmed by additional work times on Sundays and holidays,",Opening on Sundays and holidays would therefore help both customers and shops.,objection,claim,0.76
allow_shops_to_open_on_holidays_and_sundays,a1,a4,"Well, I as an employee find it very practical to be able to shop at least on weekends.","People, however, who work during the week and on Saturdays then have a problem: everyone else can shop weekdays, but they can't.",claim,objection,0.7599
allow_shops_to_open_on_holidays_and_sundays,a3,a6,Hence it is good when shops are not open on Sundays and public holidays.,"Furthermore, there's no need to keep shops open on Sundays.",claim,premise,0.7595
allow_shops_to_open_on_holidays_and_sundays,a1,a1,"Well, I as an employee find it very practical to be able to shop at least on weekends.","Owner-run shops may potentially be overwhelmed by additional work times on Sundays and holidays,",claim,objection,0.7491
allow_shops_to_open_on_holidays_and_sundays,a1,a4,"Owner-run shops may potentially be overwhelmed by additional work times on Sundays and holidays,","People, however, who work during the week and on Saturdays then have a problem: everyone else can shop weekdays, but they can't.",objection,objection,0.7446
allow_shops_to_open_on_holidays_and_sundays,a1,a4,Supermarket employees and people who work in shopping centres also have the right to a Sunday off work.,"People, however, who work during the week and on Saturdays then have a problem: everyone else can shop weekdays, but they can't.",premise,objection,0.7431
allow_shops_to_open_on_holidays_and_sundays,a2,a4,"Sure, other people have to work in the shops on the weekend,","People, however, who work during the week and on Saturdays then have a problem: everyone else can shop weekdays, but they can't.",objection,objection,0.7361
allow_shops_to_open_on_holidays_and_sundays,a6,a5,For these reasons supermarkets and shopping centres should not be allowed to be open for business on arbitrary Sundays and holidays.,Opening on Sundays and holidays would therefore help both customers and shops.,claim,claim,0.7346
allow_shops_to_open_on_holidays_and_sundays,a1,a2,"Well, I as an employee find it very practical to be able to shop at least on weekends.","Sure, other people have to work in the shops on the weekend,",claim,objection,0.7321
allow_shops_to_open_on_holidays_and_sundays,a1,a4,It is quite clear that Sunday should remain a day of rest.,"Thus Sundays should remain a day for getting together with family,",claim,premise,0.7258
allow_shops_to_open_on_holidays_and_sundays,a5,a6,Opening on Sundays and holidays would therefore help both customers and shops.,"Furthermore, there's no need to keep shops open on Sundays.",claim,premise,0.7175
allow_shops_to_open_on_holidays_and_sundays,a3,a6,Hence it is good when shops are not open on Sundays and public holidays.,That's why there ought to be one day a week when supermarkets and shopping centres stay closed.,claim,claim,0.7137
allow_shops_to_open_on_holidays_and_sundays,a5,a3,Opening on Sundays and holidays would therefore help both customers and shops.,as shops are open till 10pm on some days.,claim,premise,0.7119
allow_shops_to_open_on_holidays_and_sundays,a2,a1,"Sure, other people have to work in the shops on the weekend,","Owner-run shops may potentially be overwhelmed by additional work times on Sundays and holidays,",objection,objection,0.7102
allow_shops_to_open_on_holidays_and_sundays,a6,a3,For these reasons supermarkets and shopping centres should not be allowed to be open for business on arbitrary Sundays and holidays.,Hence it is good when shops are not open on Sundays and public holidays.,claim,claim,0.7021
allow_shops_to_open_on_holidays_and_sundays,a5,a6,Opening on Sundays and holidays would therefore help both customers and shops.,That's why there ought to be one day a week when supermarkets and shopping centres stay closed.,claim,claim,0.6958
allow_shops_to_open_on_holidays_and_sundays,a2,a3,"For in this way, Sunday shopping days would be better spread out through the year.",Hence it is good when shops are not open on Sundays and public holidays.,premise,claim,0.6956
allow_shops_to_open_on_holidays_and_sundays,a6,a3,That's why there ought to be one day a week when supermarkets and shopping centres stay closed.,as shops are open till 10pm on some days.,claim,premise,0.6866
allow_shops_to_open_on_holidays_and_sundays,a1,a6,Supermarkets and shopping centres should be allowed to open any Sundays and holidays at their discretion.,"Furthermore, there's no need to keep shops open on Sundays.",claim,premise,0.684
allow_shops_to_open_on_holidays_and_sundays,a1,a1,Supermarkets and shopping centres should be allowed to open any Sundays and holidays at their discretion.,Supermarket employees and people who work in shopping centres also have the right to a Sunday off work.,claim,premise,0.6826
allow_shops_to_open_on_holidays_and_sundays,a1,a1,Due to the increase in opening hours on Sundays and holidays there is a rise in employment.,"Owner-run shops may potentially be overwhelmed by additional work times on Sundays and holidays,",objection,objection,0.6776
allow_shops_to_open_on_holidays_and_sundays,a1,a3,Supermarkets and shopping centres should be allowed to open any Sundays and holidays at their discretion.,Hence it is good when shops are not open on Sundays and public holidays.,claim,claim,0.6769
allow_shops_to_open_on_holidays_and_sundays,a1,a1,"Owner-run shops may potentially be overwhelmed by additional work times on Sundays and holidays,",Supermarket employees and people who work in shopping centres also have the right to a Sunday off work.,objection,premise,0.6767
allow_shops_to_open_on_holidays_and_sundays,a1,a6,Supermarkets and shopping centres should be allowed to open on any Sundays and holidays.,"Furthermore, there's no need to keep shops open on Sundays.",claim,premise,0.6762
allow_shops_to_open_on_holidays_and_sundays,a3,a3,Hence it is good when shops are not open on Sundays and public holidays.,as shops are open till 10pm on some days.,claim,premise,0.676
allow_shops_to_open_on_holidays_and_sundays,a6,a1,For these reasons supermarkets and shopping centres should not be allowed to be open for business on arbitrary Sundays and holidays.,Supermarket employees and people who work in shopping centres also have the right to a Sunday off work.,claim,premise,0.6758
allow_shops_to_open_on_holidays_and_sundays,a1,a3,"Well, I as an employee find it very practical to be able to shop at least on weekends.",Hence it is good when shops are not open on Sundays and public holidays.,claim,claim,0.6739
allow_shops_to_open_on_holidays_and_sundays,a2,a1,"Sure, other people have to work in the shops on the weekend,",Supermarket employees and people who work in shopping centres also have the right to a Sunday off work.,objection,premise,0.6732
allow_shops_to_open_on_holidays_and_sundays,a1,a3,Supermarkets and shopping centres should be allowed to open on any Sundays and holidays.,Hence it is good when shops are not open on Sundays and public holidays.,claim,claim,0.6731
allow_shops_to_open_on_holidays_and_sundays,a1,a1,Supermarkets and shopping centres should be allowed to open on any Sundays and holidays.,Supermarket employees and people who work in shopping centres also have the right to a Sunday off work.,claim,premise,0.6723
allow_shops_to_open_on_holidays_and_sundays,a6,a6,That's why there ought to be one day a week when supermarkets and shopping centres stay closed.,"Furthermore, there's no need to keep shops open on Sundays.",claim,premise,0.6702
allow_shops_to_open_on_holidays_and_sundays,a1,a2,"Owner-run shops may potentially be overwhelmed by additional work times on Sundays and holidays,","For in this way, Sunday shopping days would be better spread out through the year.",objection,premise,0.6668
allow_shops_to_open_on_holidays_and_sundays,a1,a6,Supermarket employees and people who work in shopping centres also have the right to a Sunday off work.,That's why there ought to be one day a week when supermarkets and shopping centres stay closed.,premise,claim,0.6651
allow_shops_to_open_on_holidays_and_sundays,a1,a3,"Owner-run shops may potentially be overwhelmed by additional work times on Sundays and holidays,",Hence it is good when shops are not open on Sundays and public holidays.,objection,claim,0.6647
allow_shops_to_open_on_holidays_and_sundays,a1,a6,"Owner-run shops may potentially be overwhelmed by additional work times on Sundays and holidays,","Furthermore, there's no need to keep shops open on Sundays.",objection,premise,0.662
allow_shops_to_open_on_holidays_and_sundays,a1,a1,"Well, I as an employee find it very practical to be able to shop at least on weekends.",Supermarket employees and people who work in shopping centres also have the right to a Sunday off work.,claim,premise,0.6618
allow_shops_to_open_on_holidays_and_sundays,a4,a6,"People, however, who work during the week and on Saturdays then have a problem: everyone else can shop weekdays, but they can't.",That's why there ought to be one day a week when supermarkets and shopping centres stay closed.,objection,claim,0.6618
allow_shops_to_open_on_holidays_and_sundays,a5,a4,Opening on Sundays and holidays would therefore help both customers and shops.,"People, however, who work during the week and on Saturdays then have a problem: everyone else can shop weekdays, but they can't.",claim,objection,0.661
allow_shops_to_open_on_holidays_and_sundays,a1,a6,Supermarkets and shopping centres should be allowed to open any Sundays and holidays at their discretion.,That's why there ought to be one day a week when supermarkets and shopping centres stay closed.,claim,claim,0.6603
allow_shops_to_open_on_holidays_and_sundays,a1,a2,"Well, I as an employee find it very practical to be able to shop at least on weekends.","For in this way, Sunday shopping days would be better spread out through the year.",claim,premise,0.6577
allow_shops_to_open_on_holidays_and_sundays,a1,a6,Supermarkets and shopping centres should be allowed to open on any Sundays and holidays.,That's why there ought to be one day a week when supermarkets and shopping centres stay closed.,claim,claim,0.6574
allow_shops_to_open_on_holidays_and_sundays,a2,a6,"For in this way, Sunday shopping days would be better spread out through the year.","Furthermore, there's no need to keep shops open on Sundays.",premise,premise,0.6572
allow_shops_to_open_on_holidays_and_sundays,a1,a2,"Well, I as an employee find it very practical to be able to shop at least on weekends.","For you can go shopping 6 days a week,",claim,premise,0.6563
allow_shops_to_open_on_holidays_and_sundays,a4,a6,"People, however, who work during the week and on Saturdays then have a problem: everyone else can shop weekdays, but they can't.","Furthermore, there's no need to keep shops open on Sundays.",objection,premise,0.6544
allow_shops_to_open_on_holidays_and_sundays,a1,a5,Due to the increase in opening hours on Sundays and holidays there is a rise in employment.,Opening on Sundays and holidays would therefore help both customers and shops.,objection,claim,0.6537
allow_shops_to_open_on_holidays_and_sundays,a6,a6,For these reasons supermarkets and shopping centres should not be allowed to be open for business on arbitrary Sundays and holidays.,That's why there ought to be one day a week when supermarkets and shopping centres stay closed.,claim,claim,0.6533
allow_shops_to_open_on_holidays_and_sundays,a1,a1,"Owner-run shops may potentially be overwhelmed by additional work times on Sundays and holidays,",Supermarkets and shopping centres should be allowed to open any Sundays and holidays at their discretion.,objection,claim,0.6512
allow_shops_to_open_on_holidays_and_sundays,a2,a6,"For in this way, Sunday shopping days would be better spread out through the year.",That's why there ought to be one day a week when supermarkets and shopping centres stay closed.,premise,claim,0.6488
allow_shops_to_open_on_holidays_and_sundays,a1,a5,"Well, I as an employee find it very practical to be able to shop at least on weekends.",Opening on Sundays and holidays would therefore help both customers and shops.,claim,claim,0.6472
allow_shops_to_open_on_holidays_and_sundays,a5,a5,Opening on Sundays and holidays would therefore help both customers and shops.,However then you'd have a worse overview of which shop is open on a given day.,claim,objection,0.6435
allow_shops_to_open_on_holidays_and_sundays,a3,a4,Hence it is good when shops are not open on Sundays and public holidays.,"People, however, who work during the week and on Saturdays then have a problem: everyone else can shop weekdays, but they can't.",claim,objection,0.6417
allow_shops_to_open_on_holidays_and_sundays,a6,a1,For these reasons supermarkets and shopping centres should not be allowed to be open for business on arbitrary Sundays and holidays.,"Owner-run shops may potentially be overwhelmed by additional work times on Sundays and holidays,",claim,objection,0.6414
allow_shops_to_open_on_holidays_and_sundays,a5,a1,Opening on Sundays and holidays would therefore help both customers and shops.,Supermarket employees and people who work in shopping centres also have the right to a Sunday off work.,claim,premise,0.6385
allow_shops_to_open_on_holidays_and_sundays,a1,a3,"Well, I as an employee find it very practical to be able to shop at least on weekends.",but they can have days off during the week and run errands at their leisure while I'm stuck in the office.,claim,objection,0.6356
allow_shops_to_open_on_holidays_and_sundays,a1,a1,"Owner-run shops may potentially be overwhelmed by additional work times on Sundays and holidays,",Supermarkets and shopping centres should be allowed to open on any Sundays and holidays.,objection,claim,0.6337
allow_shops_to_open_on_holidays_and_sundays,a5,a3,However then you'd have a worse overview of which shop is open on a given day.,as shops are open till 10pm on some days.,objection,premise,0.6299
allow_shops_to_open_on_holidays_and_sundays,a2,a4,"For in this way, Sunday shopping days would be better spread out through the year.","People, however, who work during the week and on Saturdays then have a problem: everyone else can shop weekdays, but they can't.",premise,objection,0.6284
allow_shops_to_open_on_holidays_and_sundays,a3,a4,but they can have days off during the week and run errands at their leisure while I'm stuck in the office.,"People, however, who work during the week and on Saturdays then have a problem: everyone else can shop weekdays, but they can't.",objection,objection,0.6278
allow_shops_to_open_on_holidays_and_sundays,a5,a3,and how am I supposed to do that when the shops aren't open when I'm off work?,as shops are open till 10pm on some days.,premise,premise,0.6262
allow_shops_to_open_on_holidays_and_sundays,a5,a5,Opening on Sundays and holidays would therefore help both customers and shops.,"Many European countries, for instance the Netherlands, Sweden and Great Britain, have already understood this and successfully adjusted the opening hours for retailers.",claim,claim,0.6262
allow_shops_to_open_on_holidays_and_sundays,a1,a2,Supermarkets and shopping centres should be allowed to open any Sundays and holidays at their discretion.,"For in this way, Sunday shopping days would be better spread out through the year.",claim,premise,0.6257
allow_shops_to_open_on_holidays_and_sundays,a5,a6,However then you'd have a worse overview of which shop is open on a given day.,That's why there ought to be one day a week when supermarkets and shopping centres stay closed.,objection,claim,0.6247
allow_shops_to_open_on_holidays_and_sundays,a1,a3,"Owner-run shops may potentially be overwhelmed by additional work times on Sundays and holidays,",as shops are open till 10pm on some days.,objection,premise,0.6236
allow_shops_to_open_on_holidays_and_sundays,a2,a5,"Sure, other people have to work in the shops on the weekend,",Opening on Sundays and holidays would therefore help both customers and shops.,objection,claim,0.6232
allow_shops_to_open_on_holidays_and_sundays,a2,a2,"For in this way, Sunday shopping days would be better spread out through the year.","For you can go shopping 6 days a week,",premise,premise,0.6229
allow_shops_to_open_on_holidays_and_sundays,a6,a4,For these reasons supermarkets and shopping centres should not be allowed to be open for business on arbitrary Sundays and holidays.,"People, however, who work during the week and on Saturdays then have a problem: everyone else can shop weekdays, but they can't.",claim,objection,0.6225
allow_shops_to_open_on_holidays_and_sundays,a1,a6,"Well, I as an employee find it very practical to be able to shop at least on weekends.","Furthermore, there's no need to keep shops open on Sundays.",claim,premise,0.621
allow_shops_to_open_on_holidays_and_sundays,a1,a2,Supermarkets and shopping centres should be allowed to open on any Sundays and holidays.,"For in this way, Sunday shopping days would be better spread out through the year.",claim,premise,0.619
allow_shops_to_open_on_holidays_and_sundays,a5,a3,However then you'd have a worse overview of which shop is open on a given day.,Hence it is good when shops are not open on Sundays and public holidays.,objection,claim,0.6152
allow_shops_to_open_on_holidays_and_sundays,a1,a6,"Owner-run shops may potentially be overwhelmed by additional work times on Sundays and holidays,",That's why there ought to be one day a week when supermarkets and shopping centres stay closed.,objection,claim,0.6143
allow_shops_to_open_on_holidays_and_sundays,a1,a3,Supermarket employees and people who work in shopping centres also have the right to a Sunday off work.,Hence it is good when shops are not open on Sundays and public holidays.,premise,claim,0.6112
allow_shops_to_open_on_holidays_and_sundays,a5,a3,"Many European countries, for instance the Netherlands, Sweden and Great Britain, have already understood this and successfully adjusted the opening hours for retailers.",as shops are open till 10pm on some days.,claim,premise,0.6099
allow_shops_to_open_on_holidays_and_sundays,a2,a3,"Sure, other people have to work in the shops on the weekend,",Hence it is good when shops are not open on Sundays and public holidays.,objection,claim,0.6094
allow_shops_to_open_on_holidays_and_sundays,a1,a6,"Well, I as an employee find it very practical to be able to shop at least on weekends.",That's why there ought to be one day a week when supermarkets and shopping centres stay closed.,claim,claim,0.6075
allow_shops_to_open_on_holidays_and_sundays,a1,a3,"Well, I as an employee find it very practical to be able to shop at least on weekends.",as shops are open till 10pm on some days.,claim,premise,0.6054
allow_shops_to_open_on_holidays_and_sundays,a2,a4,"For in this way, Sunday shopping days would be better spread out through the year.","Thus Sundays should remain a day for getting together with family,",premise,premise,0.6054
allow_shops_to_open_on_holidays_and_sundays,a4,a5,as customers are on average more laid-back on Sunday.,Opening on Sundays and holidays would therefore help both customers and shops.,premise,claim,0.6023
allow_shops_to_open_on_holidays_and_sundays,a4,a5,as not everyone would be open on the same day.,However then you'd have a worse overview of which shop is open on a given day.,premise,objection,0.6021
buy_tax_evader_data_from_dubious_sources,a6,a5,Tax data that are not made available for free should therefore not be acquired by the state.,"It is indisputable, however, that by purchasing such data the state increases the pressure on tax evaders to turn themselves in.",claim,objection,0.6548
buy_tax_evader_data_from_dubious_sources,a1,a5,"By purchasing illegally acquired tax data of citizens, the state is not only turning itself into a felon, but it is paying criminals, too.","It is indisputable, however, that by purchasing such data the state increases the pressure on tax evaders to turn themselves in.",premise,objection,0.623
buy_tax_evader_data_from_dubious_sources,a6,a1,Tax data that are not made available for free should therefore not be acquired by the state.,"By purchasing illegally acquired tax data of citizens, the state is not only turning itself into a felon, but it is paying criminals, too.",claim,premise,0.6096
cap_rent_increases,a1,a4,Rent prices should be limited by a cap when there's a change of tenant.,"If there must be rent increases, there should also be a cap to avoid nasty surprises.",claim,claim,0.7697
cap_rent_increases,a1,a5,Rent prices should be limited by a cap when there's a change of tenant.,A cap on rent increases upon tenant change is therefore not to be supported.,claim,claim,0.7592
cap_rent_increases,a4,a8,"If there must be rent increases, there should also be a cap to avoid nasty surprises.",as they can plan for a maximum rent increase.,claim,premise,0.7183
cap_rent_increases,a6,a8,"as they can adjust their expenses through the increase,",as they can plan for a maximum rent increase.,premise,premise,0.7158
cap_rent_increases,a3,a4,But surely these costs could be covered by a minimal increase in rent over the course of the entire lease.,All the more so as for an adequate profit the rental rate as compared to the base rent need not be raised for every new lease.,objection,premise,0.7128
cap_rent_increases,a3,a8,But surely these costs could be covered by a minimal increase in rent over the course of the entire lease.,as they can plan for a maximum rent increase.,objection,premise,0.7118
cap_rent_increases,a1,a1,Rent prices should be limited by a cap when there's a change of tenant.,Rent prices are already regulated in favour of tenants due to existing laws and the rent index.,claim,premise,0.6962
cap_rent_increases,a3,a1,But surely these costs could be covered by a minimal increase in rent over the course of the entire lease.,Rent prices should be limited by a cap when there's a change of tenant.,objection,claim,0.6934
cap_rent_increases,a5,a5,A cap on rent increases upon tenant change is therefore not to be supported.,A constant increase in rent upon a change of tenants hence cannot be desired by society.,claim,claim,0.6919
cap_rent_increases,a3,a3,But surely these costs could be covered by a minimal increase in rent over the course of the entire lease.,"Even if one might think that additional rent control is needed besides the current tenant protection,",objection,objection,0.6897
cap_rent_increases,a1,a8,Rent prices should be limited by a cap when there's a change of tenant.,as they can plan for a maximum rent increase.,claim,premise,0.6834
cap_rent_increases,a2,a8,"Landlords may want to earn as much as possible,",as they can plan for a maximum rent increase.,objection,premise,0.6802
cap_rent_increases,a3,a8,"and many, consistent with market principles, are prepared to pay higher rents,",as they can plan for a maximum rent increase.,objection,premise,0.6749
cap_rent_increases,a2,a5,"Landlords may want to earn as much as possible,","This helps the landlords,",objection,premise,0.6748
cap_rent_increases,a4,a1,All the more so as for an adequate profit the rental rate as compared to the base rent need not be raised for every new lease.,"Rent increases upon re-letting aren't bad as such, if it's only a small amount,",premise,objection,0.6733
cap_rent_increases,a1,a8,A stop must be put to exorbitant rents by imposing a limit on rent increases when changing residences.,as they can plan for a maximum rent increase.,claim,premise,0.6634
cap_rent_increases,a2,a3,Clearly the landlord has to pay for some repairs before a new lease.,But surely these costs could be covered by a minimal increase in rent over the course of the entire lease.,objection,objection,0.6619
cap_rent_increases,a3,a1,But surely these costs could be covered by a minimal increase in rent over the course of the entire lease.,"Rent increases upon re-letting aren't bad as such, if it's only a small amount,",objection,objection,0.6602
cap_rent_increases,a4,a8,All the more so as for an adequate profit the rental rate as compared to the base rent need not be raised for every new lease.,as they can plan for a maximum rent increase.,premise,premise,0.6559
cap_rent_increases,a1,a8,"Rent increases upon re-letting aren't bad as such, if it's only a small amount,",as they can plan for a maximum rent increase.,objection,premise,0.653
cap_rent_increases,a1,a1,Rent prices should be limited by a cap when there's a change of tenant.,A stop must be put to exorbitant rents by imposing a limit on rent increases when changing residences.,claim,claim,0.6477
cap_rent_increases,a3,a4,But surely these costs could be covered by a minimal increase in rent over the course of the entire lease.,"If there must be rent increases, there should also be a cap to avoid nasty surprises.",objection,claim,0.6475
cap_rent_increases,a1,a1,Rent prices should be limited by a cap when there's a change of tenant.,"Rent increases upon re-letting aren't bad as such, if it's only a small amount,",claim,objection,0.6426
cap_rent_increases,a5,a4,A cap on rent increases upon tenant change is therefore not to be supported.,"If there must be rent increases, there should also be a cap to avoid nasty surprises.",claim,claim,0.6399
cap_rent_increases,a1,a5,It is unfair and unjustifiable that new tenants have to pay a much higher rent than previous residents.,A constant increase in rent upon a change of tenants hence cannot be desired by society.,claim,claim,0.6358
cap_rent_increases,a4,a1,All the more so as for an adequate profit the rental rate as compared to the base rent need not be raised for every new lease.,Rent prices should be limited by a cap when there's a change of tenant.,premise,claim,0.6352
cap_rent_increases,a3,a2,"Besides, a higher degree of luxury (expensive flats) is not necessary for the majority of the people, but rather a flat at all.","In view of the high prices for buying flats with existing rent contracts, these are an unattractive investment.",premise,premise,0.6286
cap_rent_increases,a1,a3,Rent prices should be limited by a cap when there's a change of tenant.,"Even if one might think that additional rent control is needed besides the current tenant protection,",claim,objection,0.6279
cap_rent_increases,a1,a4,"Rent increases upon re-letting aren't bad as such, if it's only a small amount,","If there must be rent increases, there should also be a cap to avoid nasty surprises.",objection,claim,0.6272
cap_rent_increases,a4,a2,All the more so as for an adequate profit the rental rate as compared to the base rent need not be raised for every new lease.,"Landlords may want to earn as much as possible,",premise,objection,0.6247
cap_rent_increases,a4,a3,All the more so as for an adequate profit the rental rate as compared to the base rent need not be raised for every new lease.,"and many, consistent with market principles, are prepared to pay higher rents,",premise,objection,0.624
cap_rent_increases,a1,a5,Rent prices should be limited by a cap when there's a change of tenant.,A constant increase in rent upon a change of tenants hence cannot be desired by society.,claim,claim,0.6222
cap_rent_increases,a1,a5,A stop must be put to exorbitant rents by imposing a limit on rent increases when changing residences.,A constant increase in rent upon a change of tenants hence cannot be desired by society.,claim,claim,0.6204
cap_rent_increases,a3,a1,But surely these costs could be covered by a minimal increase in rent over the course of the entire lease.,Rent prices are already regulated in favour of tenants due to existing laws and the rent index.,objection,premise,0.615
cap_rent_increases,a3,a2,But surely these costs could be covered by a minimal increase in rent over the course of the entire lease.,"Landlords may want to earn as much as possible,",objection,objection,0.6146
cap_rent_increases,a2,a5,Clearly the landlord has to pay for some repairs before a new lease.,"This helps the landlords,",objection,premise,0.6105
cap_rent_increases,a4,a3,All the more so as for an adequate profit the rental rate as compared to the base rent need not be raised for every new lease.,"Even if one might think that additional rent control is needed besides the current tenant protection,",premise,objection,0.6074
cap_rent_increases,a4,a4,All the more so as for an adequate profit the rental rate as compared to the base rent need not be raised for every new lease.,"If there must be rent increases, there should also be a cap to avoid nasty surprises.",premise,claim,0.6068
cap_rent_increases,a1,a5,A stop must be put to exorbitant rents by imposing a limit on rent increases when changing residences.,A cap on rent increases upon tenant change is therefore not to be supported.,claim,claim,0.6053
cap_rent_increases,a1,a4,It is unfair and unjustifiable that new tenants have to pay a much higher rent than previous residents.,All the more so as for an adequate profit the rental rate as compared to the base rent need not be raised for every new lease.,claim,premise,0.6045
cap_rent_increases,a4,a1,All the more so as for an adequate profit the rental rate as compared to the base rent need not be raised for every new lease.,Rent prices are already regulated in favour of tenants due to existing laws and the rent index.,premise,premise,0.6022
cap_rent_increases,a1,a3,Rent prices are already regulated in favour of tenants due to existing laws and the rent index.,"Even if one might think that additional rent control is needed besides the current tenant protection,",premise,objection,0.6016
cap_rent_increases,a1,a1,It is unfair and unjustifiable that new tenants have to pay a much higher rent than previous residents.,"Rent increases upon re-letting aren't bad as such, if it's only a small amount,",claim,objection,0.6013
cap_rent_increases,a1,a2,"Rent increases upon re-letting aren't bad as such, if it's only a small amount,","they’re very bad however, if the rent suddenly climbs by €100 or €200.",objection,premise,0.6007
cap_rent_increases,a3,a9,"Even if one might think that additional rent control is needed besides the current tenant protection,","That the landlords are then slightly restricted in the administration of their property is not a problem,",objection,premise,0.6
charge_tuition_fees,a1,a5,The universities in Germany should not under any circumstances charge tuition fees.,Therefore universities should not charge tuition fees in Germany.,claim,claim,0.949
charge_tuition_fees,a1,a5,Tuition fees should not be charged in Germany.,Therefore universities should not charge tuition fees in Germany.,claim,claim,0.946
charge_tuition_fees,a1,a1,Tuition fees should not be charged in Germany.,The universities in Germany should not under any circumstances charge tuition fees.,claim,claim,0.9292
charge_tuition_fees,a5,a1,Therefore universities should not charge tuition fees in Germany.,German universities should on no account charge tuition fees.,claim,claim,0.8875
charge_tuition_fees,a1,a1,The universities in Germany should not under any circumstances charge tuition fees.,German universities should on no account charge tuition fees.,claim,claim,0.8821
charge_tuition_fees,a1,a1,Tuition fees should not be charged in Germany.,German universities should on no account charge tuition fees.,claim,claim,0.8742
charge_tuition_fees,a1,a1,The universities in Germany should not under any circumstances charge tuition fees.,Tuition fees should not generally be charged by universities.,claim,claim,0.8333
charge_tuition_fees,a5,a1,Therefore universities should not charge tuition fees in Germany.,Actually it would be justified if all German universities charged tuition fees.,claim,claim,0.8307
charge_tuition_fees,a1,a5,Tuition fees should not generally be charged by universities.,Therefore universities should not charge tuition fees in Germany.,claim,claim,0.8138
charge_tuition_fees,a1,a1,Actually it would be justified if all German universities charged tuition fees.,German universities should on no account charge tuition fees.,claim,claim,0.8115
charge_tuition_fees,a1,a1,Tuition fees should not be charged in Germany.,Actually it would be justified if all German universities charged tuition fees.,claim,claim,0.809
charge_tuition_fees,a1,a1,Tuition fees should not be charged in Germany.,Tuition fees should not generally be charged by universities.,claim,claim,0.7959
charge_tuition_fees,a1,a1,The universities in Germany should not under any circumstances charge tuition fees.,Actually it would be justified if all German universities charged tuition fees.,claim,claim,0.7497
charge_tuition_fees,a1,a1,Tuition fees should not generally be charged by universities.,German universities should on no account charge tuition fees.,claim,claim,0.7245
charge_tuition_fees,a5,a3,And funding-wise it ought to be considered how costs incurred by students from other (federal) states can be reimbursed.,which is why students also ought to be involved in this cost factor.,premise,objection,0.71
charge_tuition_fees,a1,a4,Every German citizen has a right to education.,But education must not be a question of money in a wealthy society such as Germany.,premise,objection,0.6777
charge_tuition_fees,a1,a1,Every German citizen has a right to education.,Actually it would be justified if all German universities charged tuition fees.,premise,claim,0.6297
charge_tuition_fees,a1,a1,Tuition fees should not generally be charged by universities.,Actually it would be justified if all German universities charged tuition fees.,claim,claim,0.6203
charge_tuition_fees,a1,a4,Tuition fees should not be charged in Germany.,But education must not be a question of money in a wealthy society such as Germany.,claim,objection,0.6135
charge_tuition_fees,a1,a4,Actually it would be justified if all German universities charged tuition fees.,One could argue that an increase in tuition fees would allow institutions to be better equipped.,claim,objection,0.6117
charge_tuition_fees,a4,a5,But education must not be a question of money in a wealthy society such as Germany.,Therefore universities should not charge tuition fees in Germany.,objection,claim,0.6019
health_insurance_cover_complementary_medicine,a1,a1,Health insurance companies should naturally cover alternative medical treatments.,The statutory health insurance companies should also cover treatments with non-medical and alternative practitioners.,claim,claim,0.8411
health_insurance_cover_complementary_medicine,a1,a1,Complementary medicine includes treatments with proven health benefits in many areas,Many people see proven relief of their symptoms and complaints by complementary medicine.,premise,objection,0.8357
health_insurance_cover_complementary_medicine,a4,a2,which ultimately also saves costs for conventional treatments and medication.,"which are often less costly than medication from conventional medicine, which are also paid for after all.",premise,premise,0.8141
health_insurance_cover_complementary_medicine,a1,a5,The statutory health insurance companies should also cover treatments with non-medical and alternative practitioners.,That's why the statutory health insurance companies should not cover such treatments.,claim,claim,0.8089
health_insurance_cover_complementary_medicine,a5,a5,and conventional medicine will also hardly suffer.,"Also conventional medicine is in many cases not successful,",premise,premise,0.7836
health_insurance_cover_complementary_medicine,a4,a3,Patients do often report relief of their complaints after such treatments.,"Yet many patients subjectively experience relief or are cured of their complaints,",objection,objection,0.776
health_insurance_cover_complementary_medicine,a3,a1,"Besides it should be in the interest of the health insurers to recognize alternative medicine as treatment,",Health insurance companies should naturally cover alternative medical treatments.,premise,claim,0.7741
health_insurance_cover_complementary_medicine,a1,a5,Health insurance companies should naturally cover alternative medical treatments.,The health insurance companies ought to be enabled to recognize a doctor's decision for natural treatment and also to cover it.,claim,claim,0.7649
health_insurance_cover_complementary_medicine,a3,a5,"Besides it should be in the interest of the health insurers to recognize alternative medicine as treatment,",The health insurance companies ought to be enabled to recognize a doctor's decision for natural treatment and also to cover it.,premise,claim,0.7644
health_insurance_cover_complementary_medicine,a1,a1,Health insurance companies should not cover treatment in complementary medicine,Health insurance companies should naturally cover alternative medical treatments.,claim,claim,0.7498
health_insurance_cover_complementary_medicine,a1,a5,Health insurance companies should naturally cover alternative medical treatments.,That's why the statutory health insurance companies should not cover such treatments.,claim,claim,0.7433
health_insurance_cover_complementary_medicine,a1,a1,Health insurance companies should not cover treatment in complementary medicine,Complementary medicine includes treatments with proven health benefits in many areas,claim,premise,0.7301
health_insurance_cover_complementary_medicine,a3,a1,"Besides it should be in the interest of the health insurers to recognize alternative medicine as treatment,",The statutory health insurance companies should also cover treatments with non-medical and alternative practitioners.,premise,claim,0.7217
health_insurance_cover_complementary_medicine,a1,a4,"Alternative treatments should be subsidized in the same way as conventional treatments,",which ultimately also saves costs for conventional treatments and medication.,claim,premise,0.7171
health_insurance_cover_complementary_medicine,a1,a5,The statutory health insurance companies should also cover treatments with non-medical and alternative practitioners.,The health insurance companies ought to be enabled to recognize a doctor's decision for natural treatment and also to cover it.,claim,claim,0.7093
health_insurance_cover_complementary_medicine,a1,a1,Health insurance companies should not cover treatment in complementary medicine,The statutory health insurance companies should also cover treatments with non-medical and alternative practitioners.,claim,claim,0.7052
health_insurance_cover_complementary_medicine,a1,a1,"From time immemorial humans have had complementary medicine,",Many people see proven relief of their symptoms and complaints by complementary medicine.,premise,objection,0.7044
health_insurance_cover_complementary_medicine,a1,a1,"From time immemorial humans have had complementary medicine,",Complementary medicine includes treatments with proven health benefits in many areas,premise,premise,0.6963
health_insurance_cover_complementary_medicine,a1,a5,Health insurance companies should not cover treatment in complementary medicine,That's why the statutory health insurance companies should not cover such treatments.,claim,claim,0.6807
health_insurance_cover_complementary_medicine,a2,a2,"Not all practices and approaches that are lumped together under this term may have been proven in clinical trials,",Their treatment methods and successes are not amply researched or proven.,objection,objection,0.6793
health_insurance_cover_complementary_medicine,a3,a1,"Yet many patients subjectively experience relief or are cured of their complaints,",Many people see proven relief of their symptoms and complaints by complementary medicine.,objection,objection,0.6731
health_insurance_cover_complementary_medicine,a1,a1,Health insurance companies should not cover treatment in complementary medicine,Many people see proven relief of their symptoms and complaints by complementary medicine.,claim,objection,0.6686
health_insurance_cover_complementary_medicine,a5,a3,and conventional medicine will also hardly suffer.,Often natural treatments do not put as much of a strain on the patient.,premise,premise,0.6594
health_insurance_cover_complementary_medicine,a5,a5,The health insurance companies ought to be enabled to recognize a doctor's decision for natural treatment and also to cover it.,That's why the statutory health insurance companies should not cover such treatments.,claim,claim,0.6573
health_insurance_cover_complementary_medicine,a1,a3,Health insurance companies should not cover treatment in complementary medicine,"Besides it should be in the interest of the health insurers to recognize alternative medicine as treatment,",claim,premise,0.6537
health_insurance_cover_complementary_medicine,a3,a4,"Besides it should be in the interest of the health insurers to recognize alternative medicine as treatment,",which ultimately also saves costs for conventional treatments and medication.,premise,premise,0.6528
health_insurance_cover_complementary_medicine,a3,a5,"Besides it should be in the interest of the health insurers to recognize alternative medicine as treatment,",That's why the statutory health insurance companies should not cover such treatments.,premise,claim,0.6499
health_insurance_cover_complementary_medicine,a1,a5,Health insurance companies should not cover treatment in complementary medicine,The health insurance companies ought to be enabled to recognize a doctor's decision for natural treatment and also to cover it.,claim,claim,0.6331
health_insurance_cover_complementary_medicine,a1,a1,"Alternative treatments should be subsidized in the same way as conventional treatments,",Health insurance companies should naturally cover alternative medical treatments.,claim,claim,0.6275
health_insurance_cover_complementary_medicine,a5,a3,"Also conventional medicine is in many cases not successful,",Often natural treatments do not put as much of a strain on the patient.,premise,premise,0.6227
health_insurance_cover_complementary_medicine,a4,a2,The effectiveness of many natural remedies has not been demonstrated.,Their treatment methods and successes are not amply researched or proven.,premise,objection,0.6172
health_insurance_cover_complementary_medicine,a3,a4,A reduction in the amount of chemically produced medication per person is most certainly desirable.,which ultimately also saves costs for conventional treatments and medication.,claim,premise,0.6169
health_insurance_cover_complementary_medicine,a2,a4,"since both methods can lead to the prevention, mitigation or cure of an illness.",which ultimately also saves costs for conventional treatments and medication.,premise,premise,0.6119
health_insurance_cover_complementary_medicine,a5,a4,and conventional medicine will also hardly suffer.,which ultimately also saves costs for conventional treatments and medication.,premise,premise,0.6114
health_insurance_cover_complementary_medicine,a1,a3,"Alternative treatments should be subsidized in the same way as conventional treatments,","Besides it should be in the interest of the health insurers to recognize alternative medicine as treatment,",claim,premise,0.6107
health_insurance_cover_complementary_medicine,a5,a2,and conventional medicine will also hardly suffer.,"which are often less costly than medication from conventional medicine, which are also paid for after all.",premise,premise,0.6095
health_insurance_cover_complementary_medicine,a5,a2,"Also conventional medicine is in many cases not successful,","which are often less costly than medication from conventional medicine, which are also paid for after all.",premise,premise,0.6089
health_insurance_cover_complementary_medicine,a1,a5,"Alternative treatments should be subsidized in the same way as conventional treatments,",That's why the statutory health insurance companies should not cover such treatments.,claim,claim,0.6077
health_insurance_cover_complementary_medicine,a1,a1,"Alternative treatments should be subsidized in the same way as conventional treatments,",The statutory health insurance companies should also cover treatments with non-medical and alternative practitioners.,claim,claim,0.6031
higher_dog_poo_fines,a1,a1,There should be much higher fines for dog dirt left on pavements.,"If there were higher fines for leaving dog dirt on pavements, there would presumably be less dog dirt,",claim,claim,0.9442
higher_dog_poo_fines,a1,a1,There should be much higher fines for dog dirt left on pavements.,"Dog owners should pay higher fines for dog dirt left on pavements,",claim,claim,0.9071
higher_dog_poo_fines,a1,a1,There should be a higher fine for dog dirt on the pavement.,There should be much higher fines for dog dirt left on pavements.,claim,claim,0.9041
higher_dog_poo_fines,a1,a1,"If there were higher fines for leaving dog dirt on pavements, there would presumably be less dog dirt,","Dog owners should pay higher fines for dog dirt left on pavements,",claim,claim,0.8709
higher_dog_poo_fines,a1,a1,There should be a higher fine for dog dirt on the pavement.,"If there were higher fines for leaving dog dirt on pavements, there would presumably be less dog dirt,",claim,claim,0.8622
higher_dog_poo_fines,a1,a1,For dog dirt left on the pavement dog owners should by all means pay a bit more.,"Dog owners should pay higher fines for dog dirt left on pavements,",claim,claim,0.86
higher_dog_poo_fines,a1,a1,There should be a higher fine for dog dirt on the pavement.,"Dog owners should pay higher fines for dog dirt left on pavements,",claim,claim,0.836
higher_dog_poo_fines,a1,a1,For dog dirt left on the pavement dog owners should by all means pay a bit more.,There should be much higher fines for dog dirt left on pavements.,claim,claim,0.8134
higher_dog_poo_fines,a4,a2,Dog owners may think that dog dirt is only a harmless secretion of an animal like any other.,Dog dirt is disgusting and a hygiene problem.,objection,premise,0.7912
higher_dog_poo_fines,a2,a2,Dog dirt is disgusting and a hygiene problem.,Stepping in dog dirt is gross and absolutely ruins your day,premise,premise,0.7887
higher_dog_poo_fines,a1,a1,For dog dirt left on the pavement dog owners should by all means pay a bit more.,"If there were higher fines for leaving dog dirt on pavements, there would presumably be less dog dirt,",claim,claim,0.7783
higher_dog_poo_fines,a1,a1,For dog dirt left on the pavement dog owners should by all means pay a bit more.,There should be a higher fine for dog dirt on the pavement.,claim,claim,0.7695
higher_dog_poo_fines,a1,a1,There should be much higher fines for dog dirt left on pavements.,Higher penalties for dog dirt are pointless as long as there is not enough personnel to enforce them.,claim,claim,0.7617
higher_dog_poo_fines,a1,a1,Higher penalties for dog dirt are pointless as long as there is not enough personnel to enforce them.,"If there were higher fines for leaving dog dirt on pavements, there would presumably be less dog dirt,",claim,claim,0.754
higher_dog_poo_fines,a4,a1,"Besides, the fines for public urination by a human are higher than for leaving behind dog dirt on the pavement, which is disproportionate.","If there were higher fines for leaving dog dirt on pavements, there would presumably be less dog dirt,",premise,claim,0.7539
higher_dog_poo_fines,a1,a4,There should be much higher fines for dog dirt left on pavements.,"Besides, the fines for public urination by a human are higher than for leaving behind dog dirt on the pavement, which is disproportionate.",claim,premise,0.7277
higher_dog_poo_fines,a3,a4,"Higher fines are therefore the right measure against negligent, lazy or simply thoughtless dog owners.","A higher fine, so dog owners would have to dig deeper into their pockets, is supposed to be a deterrent after all.",claim,premise,0.7225
higher_dog_poo_fines,a1,a4,There should be a higher fine for dog dirt on the pavement.,"A higher fine, so dog owners would have to dig deeper into their pockets, is supposed to be a deterrent after all.",claim,premise,0.7141
higher_dog_poo_fines,a1,a1,Higher penalties for dog dirt are pointless as long as there is not enough personnel to enforce them.,"Dog owners should pay higher fines for dog dirt left on pavements,",claim,claim,0.7019
higher_dog_poo_fines,a1,a1,There should be a higher fine for dog dirt on the pavement.,Higher penalties for dog dirt are pointless as long as there is not enough personnel to enforce them.,claim,claim,0.6814
higher_dog_poo_fines,a1,a4,There should be a higher fine for dog dirt on the pavement.,"Besides, the fines for public urination by a human are higher than for leaving behind dog dirt on the pavement, which is disproportionate.",claim,premise,0.6793
higher_dog_poo_fines,a3,a4,"in general, however, a clean environment and the role model effect of others is more likely to motivate the dog owner to pick up the droppings than a potential fine.","A higher fine, so dog owners would have to dig deeper into their pockets, is supposed to be a deterrent after all.",premise,premise,0.6761
higher_dog_poo_fines,a1,a4,There should be much higher fines for dog dirt left on pavements.,"A higher fine, so dog owners would have to dig deeper into their pockets, is supposed to be a deterrent after all.",claim,premise,0.6752
higher_dog_poo_fines,a4,a1,"Besides, the fines for public urination by a human are higher than for leaving behind dog dirt on the pavement, which is disproportionate.","Dog owners should pay higher fines for dog dirt left on pavements,",premise,claim,0.6716
higher_dog_poo_fines,a3,a1,"Higher fines are therefore the right measure against negligent, lazy or simply thoughtless dog owners.",There should be much higher fines for dog dirt left on pavements.,claim,claim,0.6702
higher_dog_poo_fines,a3,a1,"Higher fines are therefore the right measure against negligent, lazy or simply thoughtless dog owners.","Dog owners should pay higher fines for dog dirt left on pavements,",claim,claim,0.6692
higher_dog_poo_fines,a2,a2,Dog dirt is disgusting and a hygiene problem.,although there aren't enough bins and bag-dispensers for dog dirt.,premise,objection,0.6667
higher_dog_poo_fines,a1,a1,"Dog dirt on the pavement requires my complete, ground-focused attention on my way to work.",There should be a higher fine for dog dirt on the pavement.,premise,claim,0.6638
higher_dog_poo_fines,a5,a1,"Some dog owners assume that paying a dog licence fee covers the removal of such waste,","Dog owners should pay higher fines for dog dirt left on pavements,",objection,claim,0.6586
higher_dog_poo_fines,a4,a2,Dog owners may think that dog dirt is only a harmless secretion of an animal like any other.,Stepping in dog dirt is gross and absolutely ruins your day,objection,premise,0.6557
higher_dog_poo_fines,a1,a4,"If there were higher fines for leaving dog dirt on pavements, there would presumably be less dog dirt,","A higher fine, so dog owners would have to dig deeper into their pockets, is supposed to be a deterrent after all.",claim,premise,0.6512
higher_dog_poo_fines,a3,a4,"Higher fines are therefore the right measure against negligent, lazy or simply thoughtless dog owners.","Besides, the fines for public urination by a human are higher than for leaving behind dog dirt on the pavement, which is disproportionate.",claim,premise,0.6503
higher_dog_poo_fines,a4,a4,"Besides, the fines for public urination by a human are higher than for leaving behind dog dirt on the pavement, which is disproportionate.","A higher fine, so dog owners would have to dig deeper into their pockets, is supposed to be a deterrent after all.",premise,premise,0.649
higher_dog_poo_fines,a1,a1,"Dog dirt on the pavement requires my complete, ground-focused attention on my way to work.",For dog dirt left on the pavement dog owners should by all means pay a bit more.,premise,claim,0.6452
higher_dog_poo_fines,a1,a1,There should be a higher fine for dog dirt on the pavement.,Pieces of dog poo on the pavements are a real danger.,claim,premise,0.6448
higher_dog_poo_fines,a4,a1,"Besides, the fines for public urination by a human are higher than for leaving behind dog dirt on the pavement, which is disproportionate.",Higher penalties for dog dirt are pointless as long as there is not enough personnel to enforce them.,premise,claim,0.6442
higher_dog_poo_fines,a4,a3,"A higher fine, so dog owners would have to dig deeper into their pockets, is supposed to be a deterrent after all.","A fine for leaving dog waste behind admittedly seems rather authoritarian,",premise,objection,0.6429
higher_dog_poo_fines,a3,a1,"Higher fines are therefore the right measure against negligent, lazy or simply thoughtless dog owners.","If there were higher fines for leaving dog dirt on pavements, there would presumably be less dog dirt,",claim,claim,0.6399
higher_dog_poo_fines,a1,a5,For dog dirt left on the pavement dog owners should by all means pay a bit more.,"Some dog owners assume that paying a dog licence fee covers the removal of such waste,",claim,objection,0.6366
higher_dog_poo_fines,a3,a1,"Higher fines are therefore the right measure against negligent, lazy or simply thoughtless dog owners.",Higher penalties for dog dirt are pointless as long as there is not enough personnel to enforce them.,claim,claim,0.6353
higher_dog_poo_fines,a5,a3,"Some dog owners assume that paying a dog licence fee covers the removal of such waste,","A fine for leaving dog waste behind admittedly seems rather authoritarian,",objection,objection,0.6334
higher_dog_poo_fines,a1,a2,"Dog dirt on the pavement requires my complete, ground-focused attention on my way to work.",Stepping in dog dirt is gross and absolutely ruins your day,premise,premise,0.6319
higher_dog_poo_fines,a1,a2,For dog dirt left on the pavement dog owners should by all means pay a bit more.,although there aren't enough bins and bag-dispensers for dog dirt.,claim,objection,0.6307
higher_dog_poo_fines,a1,a2,For dog dirt left on the pavement dog owners should by all means pay a bit more.,Dog dirt is disgusting and a hygiene problem.,claim,premise,0.629
higher_dog_poo_fines,a1,a4,"Dog owners should pay higher fines for dog dirt left on pavements,","A higher fine, so dog owners would have to dig deeper into their pockets, is supposed to be a deterrent after all.",claim,premise,0.6283
higher_dog_poo_fines,a1,a1,For dog dirt left on the pavement dog owners should by all means pay a bit more.,Higher penalties for dog dirt are pointless as long as there is not enough personnel to enforce them.,claim,claim,0.6245
higher_dog_poo_fines,a2,a1,Dog dirt is disgusting and a hygiene problem.,"Dog owners should pay higher fines for dog dirt left on pavements,",premise,claim,0.6227
higher_dog_poo_fines,a1,a1,"Dog dirt on the pavement requires my complete, ground-focused attention on my way to work.","Dog owners should pay higher fines for dog dirt left on pavements,",premise,claim,0.6214
higher_dog_poo_fines,a1,a2,There should be a higher fine for dog dirt on the pavement.,Dog dirt is disgusting and a hygiene problem.,claim,premise,0.6199
higher_dog_poo_fines,a1,a1,There should be much higher fines for dog dirt left on pavements.,Pieces of dog poo on the pavements are a real danger.,claim,premise,0.6196
higher_dog_poo_fines,a3,a1,"Also children, adults and other animals aren't allowed to leave droppings on the pavement.",Pieces of dog poo on the pavements are a real danger.,premise,premise,0.6188
higher_dog_poo_fines,a3,a3,"Higher fines are therefore the right measure against negligent, lazy or simply thoughtless dog owners.","Higher fines may not be ideal, particularly for financially weaker individuals,",claim,objection,0.6148
higher_dog_poo_fines,a4,a1,Dog owners may think that dog dirt is only a harmless secretion of an animal like any other.,There should be a higher fine for dog dirt on the pavement.,objection,claim,0.6142
higher_dog_poo_fines,a3,a3,"in general, however, a clean environment and the role model effect of others is more likely to motivate the dog owner to pick up the droppings than a potential fine.","A fine for leaving dog waste behind admittedly seems rather authoritarian,",premise,objection,0.6138
higher_dog_poo_fines,a1,a1,One can hardly move in Friedrichshain or Neukölln these days without permanently scanning the ground for dog dirt.,"Dog dirt on the pavement requires my complete, ground-focused attention on my way to work.",premise,premise,0.6133
higher_dog_poo_fines,a2,a6,Dog dirt is disgusting and a hygiene problem.,A dog dirt-free city will be more attractive not only for its residents but also for tourists!,premise,premise,0.6109
higher_dog_poo_fines,a1,a1,"Dog dirt on the pavement requires my complete, ground-focused attention on my way to work.",There should be much higher fines for dog dirt left on pavements.,premise,claim,0.6108
higher_dog_poo_fines,a1,a2,"If there were higher fines for leaving dog dirt on pavements, there would presumably be less dog dirt,",although there aren't enough bins and bag-dispensers for dog dirt.,claim,objection,0.608
higher_dog_poo_fines,a3,a3,"Higher fines are therefore the right measure against negligent, lazy or simply thoughtless dog owners.","A fine for leaving dog waste behind admittedly seems rather authoritarian,",claim,objection,0.6054
higher_dog_poo_fines,a4,a2,Dog owners may think that dog dirt is only a harmless secretion of an animal like any other.,although there aren't enough bins and bag-dispensers for dog dirt.,objection,objection,0.605
higher_dog_poo_fines,a1,a2,Higher penalties for dog dirt are pointless as long as there is not enough personnel to enforce them.,although there aren't enough bins and bag-dispensers for dog dirt.,claim,objection,0.604
higher_dog_poo_fines,a2,a1,Dog dirt is disgusting and a hygiene problem.,"If there were higher fines for leaving dog dirt on pavements, there would presumably be less dog dirt,",premise,claim,0.6029
higher_dog_poo_fines,a3,a4,"in general, however, a clean environment and the role model effect of others is more likely to motivate the dog owner to pick up the droppings than a potential fine.",but cleaning up after their dogs does happen to be the obligation of the owners.,premise,objection,0.6018
higher_dog_poo_fines,a1,a2,There should be much higher fines for dog dirt left on pavements.,although there aren't enough bins and bag-dispensers for dog dirt.,claim,objection,0.6014
higher_dog_poo_fines,a1,a2,"Dog owners should pay higher fines for dog dirt left on pavements,",although there aren't enough bins and bag-dispensers for dog dirt.,claim,objection,0.6012
higher_dog_poo_fines,a3,a3,"Higher fines are therefore the right measure against negligent, lazy or simply thoughtless dog owners.","in general, however, a clean environment and the role model effect of others is more likely to motivate the dog owner to pick up the droppings than a potential fine.",claim,premise,0.6003
increase_weight_of_BA_thesis_in_final_grade,a1,a3,The idea of the bachelor degree is to put together a cumulative grade from various individual assignments in order to generate a final grade.,That's why it makes sense that the bachelor thesis only makes up a relatively small portion of the final grade (15 out of 120 credits).,premise,objection,0.6765
increase_weight_of_BA_thesis_in_final_grade,a3,a1,That's why it makes sense that the bachelor thesis only makes up a relatively small portion of the final grade (15 out of 120 credits).,"The BA dissertation should, if not make up the entire grade, then at least constitute a larger share of it.",objection,claim,0.6498
increase_weight_of_BA_thesis_in_final_grade,a2,a3,Adjusting the portion of the total grade upwards anyway would not be commensurate to other study assignments and examinations.,Current regulations for the calculation of the total grade should therefore be maintained.,premise,claim,0.6431
increase_weight_of_BA_thesis_in_final_grade,a3,a5,That's why it makes sense that the bachelor thesis only makes up a relatively small portion of the final grade (15 out of 120 credits).,Due to the many random factors the bachelor thesis should not play a bigger role.,objection,claim,0.6428
increase_weight_of_BA_thesis_in_final_grade,a3,a4,That's why it makes sense that the bachelor thesis only makes up a relatively small portion of the final grade (15 out of 120 credits).,A good grade for the thesis also significantly depends on the supervision of a dedicated teacher.,objection,premise,0.627
introduce_capital_punishment,a3,a1,That's why Germany should not introduce capital punishment!,Germany should by no means introduce capital punishment.,claim,claim,0.9186
introduce_capital_punishment,a3,a1,That's why Germany should not introduce capital punishment!,"One should not re-introduce capital punishment in Germany,",claim,claim,0.9104
introduce_capital_punishment,a1,a1,"One should not re-introduce capital punishment in Germany,",Germany should by no means introduce capital punishment.,claim,claim,0.9075
introduce_capital_punishment,a3,a2,and furthermore no one may have the right to adjudicate upon the death of another human being.,since no one can claim the right to rule over the life or death of another human being.,premise,premise,0.7872
introduce_capital_punishment,a2,a3,"If there were capital punishment, this would mean people are allowed to put themselves above others and rule over their lives.",Capital punishment would be murder and would have to be punished with the death penalty itself.,premise,premise,0.7578
introduce_capital_punishment,a1,a5,"One should not re-introduce capital punishment in Germany,",A re-introduction of capital punishment in Germany would be a step back into the Middle Ages.,claim,premise,0.7542
introduce_capital_punishment,a1,a1,"One should not re-introduce capital punishment in Germany,","If Germany were to introduce the death penalty, convicted felons could not be paroled or break out of prison and commit new felonies.",claim,objection,0.7163
introduce_capital_punishment,a1,a2,No human being or human committee should again be given the permission to rule over 'life or death'.,since no one can claim the right to rule over the life or death of another human being.,premise,premise,0.7106
introduce_capital_punishment,a1,a1,The death penalty is a legal means that as such is not practicable in Germany.,"If Germany were to introduce the death penalty, convicted felons could not be paroled or break out of prison and commit new felonies.",claim,objection,0.7046
introduce_capital_punishment,a3,a5,That's why Germany should not introduce capital punishment!,A re-introduction of capital punishment in Germany would be a step back into the Middle Ages.,claim,premise,0.6981
introduce_capital_punishment,a3,a2,Capital punishment will not deter anyone else from an atrocity.,Fear of punishment hence does not deter murderers.,premise,premise,0.6968
introduce_capital_punishment,a1,a1,The death penalty is a legal means that as such is not practicable in Germany.,"One should not re-introduce capital punishment in Germany,",claim,claim,0.696
introduce_capital_punishment,a3,a1,That's why Germany should not introduce capital punishment!,"If Germany were to introduce the death penalty, convicted felons could not be paroled or break out of prison and commit new felonies.",claim,objection,0.684
introduce_capital_punishment,a1,a1,The death penalty should be abandoned everywhere.,Germany should by no means introduce capital punishment.,claim,claim,0.6782
introduce_capital_punishment,a1,a5,Germany should by no means introduce capital punishment.,A re-introduction of capital punishment in Germany would be a step back into the Middle Ages.,claim,premise,0.6742
introduce_capital_punishment,a4,a1,Handing out capital punishment is unethical.,"Capital punishment is not a solution,",premise,objection,0.6741
introduce_capital_punishment,a1,a1,The death penalty is a legal means that as such is not practicable in Germany.,Germany should by no means introduce capital punishment.,claim,claim,0.674
introduce_capital_punishment,a1,a1,"If Germany were to introduce the death penalty, convicted felons could not be paroled or break out of prison and commit new felonies.",Germany should by no means introduce capital punishment.,objection,claim,0.6732
introduce_capital_punishment,a4,a5,The state ought to prevent murder - not avenge it.,"Still, the state needs the death penalty as a deterrent to horrific crimes.",claim,claim,0.6723
introduce_capital_punishment,a3,a1,and furthermore no one may have the right to adjudicate upon the death of another human being.,No human being or human committee should again be given the permission to rule over 'life or death'.,premise,premise,0.6673
introduce_capital_punishment,a2,a1,"If there were capital punishment, this would mean people are allowed to put themselves above others and rule over their lives.","Capital punishment is not a solution,",premise,objection,0.6611
introduce_capital_punishment,a1,a3,The death penalty is a legal means that as such is not practicable in Germany.,That's why Germany should not introduce capital punishment!,claim,claim,0.6521
introduce_capital_punishment,a3,a1,Capital punishment will not deter anyone else from an atrocity.,"Capital punishment is not a solution,",premise,objection,0.6504
introduce_capital_punishment,a4,a2,However also the threat of the death penalty in the respective countries apparently cannot prevent murder and violent crime.,Fear of punishment hence does not deter murderers.,objection,premise,0.6503
introduce_capital_punishment,a1,a1,"If Germany were to introduce the death penalty, convicted felons could not be paroled or break out of prison and commit new felonies.",Despite the death penalty there are significantly more homicides in the US than in Germany.,objection,premise,0.6498
introduce_capital_punishment,a4,a3,"What, then, ought to be done with criminals who have committed truly awful crimes such as murder or rape - should they simply be allowed to live on","Criminals should not be put in luxury prisons, though.",premise,premise,0.6493
introduce_capital_punishment,a1,a1,The death penalty is a legal means that as such is not practicable in Germany.,Despite the death penalty there are significantly more homicides in the US than in Germany.,claim,premise,0.6453
introduce_capital_punishment,a1,a1,The death penalty should be abandoned everywhere.,"One should not re-introduce capital punishment in Germany,",claim,claim,0.6446
introduce_capital_punishment,a1,a5,The death penalty should be abandoned everywhere.,"Still, the state needs the death penalty as a deterrent to horrific crimes.",claim,claim,0.6425
introduce_capital_punishment,a1,a1,"One should not re-introduce capital punishment in Germany,","Capital punishment is not a solution,",claim,objection,0.6412
introduce_capital_punishment,a2,a2,Courts are also subject to human error.,as it cannot be ruled out that the judicial process may make mistakes.,premise,premise,0.64
introduce_capital_punishment,a3,a1,That's why Germany should not introduce capital punishment!,Despite the death penalty there are significantly more homicides in the US than in Germany.,claim,premise,0.6375
introduce_capital_punishment,a3,a1,Capital punishment will not deter anyone else from an atrocity.,Germany should by no means introduce capital punishment.,premise,claim,0.6361
introduce_capital_punishment,a3,a2,Capital punishment will not deter anyone else from an atrocity.,"If there were capital punishment, this would mean people are allowed to put themselves above others and rule over their lives.",premise,premise,0.6361
introduce_capital_punishment,a1,a4,"One should not re-introduce capital punishment in Germany,",Handing out capital punishment is unethical.,claim,premise,0.6352
introduce_capital_punishment,a1,a5,"If Germany were to introduce the death penalty, convicted felons could not be paroled or break out of prison and commit new felonies.",A re-introduction of capital punishment in Germany would be a step back into the Middle Ages.,objection,premise,0.6347
introduce_capital_punishment,a4,a2,Handing out capital punishment is unethical.,"If there were capital punishment, this would mean people are allowed to put themselves above others and rule over their lives.",premise,premise,0.6298
introduce_capital_punishment,a3,a5,Capital punishment would be murder and would have to be punished with the death penalty itself.,A re-introduction of capital punishment in Germany would be a step back into the Middle Ages.,premise,premise,0.6278
introduce_capital_punishment,a3,a1,Capital punishment would be murder and would have to be punished with the death penalty itself.,"Capital punishment is not a solution,",premise,objection,0.6268
introduce_capital_punishment,a1,a3,"One should not re-introduce capital punishment in Germany,",Capital punishment will not deter anyone else from an atrocity.,claim,premise,0.6243
introduce_capital_punishment,a2,a1,Fear of punishment hence does not deter murderers.,"Capital punishment is not a solution,",premise,objection,0.6183
introduce_capital_punishment,a3,a4,Capital punishment will not deter anyone else from an atrocity.,Handing out capital punishment is unethical.,premise,premise,0.617
introduce_capital_punishment,a4,a1,Handing out capital punishment is unethical.,Germany should by no means introduce capital punishment.,premise,claim,0.617
introduce_capital_punishment,a1,a1,Germany should by no means introduce capital punishment.,"Capital punishment is not a solution,",claim,objection,0.617
introduce_capital_punishment,a4,a3,However also the threat of the death penalty in the respective countries apparently cannot prevent murder and violent crime.,Capital punishment will not deter anyone else from an atrocity.,objection,premise,0.6162
introduce_capital_punishment,a1,a2,"If Germany were to introduce the death penalty, convicted felons could not be paroled or break out of prison and commit new felonies.","However, a death would not be of any more use to those affected and their relatives than if the felon receives a long sentence.",objection,objection,0.6152
introduce_capital_punishment,a3,a1,That's why Germany should not introduce capital punishment!,The death penalty should be abandoned everywhere.,claim,claim,0.614
introduce_capital_punishment,a4,a5,However also the threat of the death penalty in the respective countries apparently cannot prevent murder and violent crime.,"Still, the state needs the death penalty as a deterrent to horrific crimes.",objection,claim,0.6136
introduce_capital_punishment,a1,a2,"One should not re-introduce capital punishment in Germany,","If there were capital punishment, this would mean people are allowed to put themselves above others and rule over their lives.",claim,premise,0.6117
introduce_capital_punishment,a1,a1,"One should not re-introduce capital punishment in Germany,",Despite the death penalty there are significantly more homicides in the US than in Germany.,claim,premise,0.6117
introduce_capital_punishment,a3,a1,That's why Germany should not introduce capital punishment!,"Capital punishment is not a solution,",claim,objection,0.6112
introduce_capital_punishment,a1,a2,Germany should by no means introduce capital punishment.,"If there were capital punishment, this would mean people are allowed to put themselves above others and rule over their lives.",claim,premise,0.6084
introduce_capital_punishment,a1,a1,The death penalty should be abandoned everywhere.,"Capital punishment is not a solution,",claim,objection,0.6079
introduce_capital_punishment,a1,a4,The death penalty should be abandoned everywhere.,Handing out capital punishment is unethical.,claim,premise,0.6054
introduce_capital_punishment,a2,a5,Fear of punishment hence does not deter murderers.,"Still, the state needs the death penalty as a deterrent to horrific crimes.",premise,claim,0.6035
introduce_capital_punishment,a2,a5,"If there were capital punishment, this would mean people are allowed to put themselves above others and rule over their lives.",A re-introduction of capital punishment in Germany would be a step back into the Middle Ages.,premise,premise,0.6027
introduce_capital_punishment,a3,a4,That's why Germany should not introduce capital punishment!,Handing out capital punishment is unethical.,claim,premise,0.6017
introduce_capital_punishment,a1,a4,The death penalty should be abandoned everywhere.,"What, then, ought to be done with criminals who have committed truly awful crimes such as murder or rape - should they simply be allowed to live on",claim,premise,0.6006
keep_retirement_at_63,a3,a1,the statutory retirement age should in the future not remain at 63 years.,I am not of the opinion that the retirement age should be set at 63 years.,claim,claim,0.8516
keep_retirement_at_63,a1,a1,"No, the retirement age should be raised to 65 again.",I am not of the opinion that the retirement age should be set at 63 years.,claim,claim,0.8021
keep_retirement_at_63,a1,a3,"Retirement at 63, that's something everyone who has toiled away (nonstop) up to this point surely deserves.",The introductory phase of retirement at 63 would also be a particular challenge,objection,premise,0.7757
keep_retirement_at_63,a1,a2,"Germany's aging society is undergoing demographic change,","as the population in Germany has, viewed demographically, a disproportionate number of old people,",premise,premise,0.7719
keep_retirement_at_63,a1,a1,"Retirement at 63, that's something everyone who has toiled away (nonstop) up to this point surely deserves.",I am not of the opinion that the retirement age should be set at 63 years.,objection,claim,0.7494
keep_retirement_at_63,a4,a1,"Especially now, as there is a lack of skilled labour, it's irresponsible for the economy and prosperity to retire at 63.","The implementation of retirement at 63 is no longer socially sustainable,",claim,claim,0.749
keep_retirement_at_63,a1,a3,I am not of the opinion that the retirement age should be set at 63 years.,The introductory phase of retirement at 63 would also be a particular challenge,claim,premise,0.7277
keep_retirement_at_63,a4,a1,"Especially now, as there is a lack of skilled labour, it's irresponsible for the economy and prosperity to retire at 63.",I am not of the opinion that the retirement age should be set at 63 years.,claim,claim,0.7239
keep_retirement_at_63,a1,a4,"Retirement at 63, that's something everyone who has toiled away (nonstop) up to this point surely deserves.","Especially now, as there is a lack of skilled labour, it's irresponsible for the economy and prosperity to retire at 63.",objection,claim,0.716
keep_retirement_at_63,a1,a3,"No, the retirement age should be raised to 65 again.",the statutory retirement age should in the future not remain at 63 years.,claim,claim,0.7024
keep_retirement_at_63,a1,a1,I am not of the opinion that the retirement age should be set at 63 years.,"The implementation of retirement at 63 is no longer socially sustainable,",claim,claim,0.6942
keep_retirement_at_63,a3,a1,the statutory retirement age should in the future not remain at 63 years.,"Retirement at 63, that's something everyone who has toiled away (nonstop) up to this point surely deserves.",claim,objection,0.6933
keep_retirement_at_63,a3,a1,the statutory retirement age should in the future not remain at 63 years.,"The implementation of retirement at 63 is no longer socially sustainable,",claim,claim,0.6931
keep_retirement_at_63,a4,a3,"Especially now, as there is a lack of skilled labour, it's irresponsible for the economy and prosperity to retire at 63.",The introductory phase of retirement at 63 would also be a particular challenge,claim,premise,0.6842
keep_retirement_at_63,a1,a1,"Retirement at 63, that's something everyone who has toiled away (nonstop) up to this point surely deserves.","The implementation of retirement at 63 is no longer socially sustainable,",objection,claim,0.6835
keep_retirement_at_63,a3,a1,The introductory phase of retirement at 63 would also be a particular challenge,"The implementation of retirement at 63 is no longer socially sustainable,",premise,claim,0.6834
keep_retirement_at_63,a1,a5,"No, the retirement age should be raised to 65 again.",Raising the relative retirement age on the basis of the physical fitness of the average citizen is fair.,claim,claim,0.6796
keep_retirement_at_63,a3,a4,Thus social security and pension costs are increasing.,"For, due to the low birth rate, the proportion of the elderly population and with it pension costs are on the rise,",premise,premise,0.6795
keep_retirement_at_63,a3,a4,the statutory retirement age should in the future not remain at 63 years.,"Especially now, as there is a lack of skilled labour, it's irresponsible for the economy and prosperity to retire at 63.",claim,claim,0.6783
keep_retirement_at_63,a3,a3,the statutory retirement age should in the future not remain at 63 years.,The introductory phase of retirement at 63 would also be a particular challenge,claim,premise,0.6752
keep_retirement_at_63,a1,a1,"No, the retirement age should be raised to 65 again.","Retirement at 63, that's something everyone who has toiled away (nonstop) up to this point surely deserves.",claim,objection,0.6744
keep_retirement_at_63,a1,a3,"No, the retirement age should be raised to 65 again.",The introductory phase of retirement at 63 would also be a particular challenge,claim,premise,0.6598
keep_retirement_at_63,a1,a4,"No, the retirement age should be raised to 65 again.","Especially now, as there is a lack of skilled labour, it's irresponsible for the economy and prosperity to retire at 63.",claim,claim,0.6515
keep_retirement_at_63,a2,a2,"People are getting older on average,",and the age of those who are physically and mentally fit is increasing steadily.,objection,premise,0.6473
keep_retirement_at_63,a1,a1,"No, the retirement age should be raised to 65 again.","The implementation of retirement at 63 is no longer socially sustainable,",claim,claim,0.6452
keep_retirement_at_63,a3,a4,The introductory phase of retirement at 63 would also be a particular challenge,as upon introduction many current employees of advanced age would immediately be eligible to retire.,premise,premise,0.643
keep_retirement_at_63,a2,a4,"as the population in Germany has, viewed demographically, a disproportionate number of old people,","Admittedly the number of immigrants is constantly rising in Germany,",premise,objection,0.6381
keep_retirement_at_63,a5,a1,Raising the relative retirement age on the basis of the physical fitness of the average citizen is fair.,I am not of the opinion that the retirement age should be set at 63 years.,claim,claim,0.6351
keep_retirement_at_63,a1,a4,"No, the retirement age should be raised to 65 again.",as upon introduction many current employees of advanced age would immediately be eligible to retire.,claim,premise,0.6244
keep_retirement_at_63,a2,a5,and the age of those who are physically and mentally fit is increasing steadily.,"and furthermore, due to today's healthcare most people in many occupations are fitter for work in old age than before.",premise,premise,0.6217
make_video_games_olympic,a6,a1,computer games should also not be recognized as Olympic events.,Video games ought to be included in the ranks of Olympic events.,claim,claim,0.694
make_video_games_olympic,a1,a5,Video games ought to be included in the ranks of Olympic events.,"Plus the hurdle to make video games Olympic events is minimal,",claim,premise,0.6863
make_video_games_olympic,a1,a5,Video games ought to be included in the ranks of Olympic events.,"Considering their requirements, some video games are not relevant as sports,",claim,objection,0.6834
make_video_games_olympic,a5,a6,"Since however skat, chess etc. are not accepted as Olympic events,",computer games should also not be recognized as Olympic events.,premise,claim,0.6807
make_video_games_olympic,a6,a5,computer games should also not be recognized as Olympic events.,"Plus the hurdle to make video games Olympic events is minimal,",claim,premise,0.6792
make_video_games_olympic,a1,a7,"Video games, namely FIFA in my case, can fascinate young people for hours more intensively and emotionally than any sport in the world!","And many a video game is physically and particularly mentally more demanding, when I think of the last FIFA tournament's final, than kicking a ball 20 metres.",premise,premise,0.6622
make_video_games_olympic,a5,a2,"Since however skat, chess etc. are not accepted as Olympic events,",It would be fair to make them into an Olympic event.,premise,claim,0.662
make_video_games_olympic,a2,a5,It would be fair to make them into an Olympic event.,"Plus the hurdle to make video games Olympic events is minimal,",claim,premise,0.6435
make_video_games_olympic,a1,a5,Olympic events are rooted in old traditions.,"Since however skat, chess etc. are not accepted as Olympic events,",premise,premise,0.6372
make_video_games_olympic,a5,a5,"Since however skat, chess etc. are not accepted as Olympic events,","Plus the hurdle to make video games Olympic events is minimal,",premise,premise,0.628
make_video_games_olympic,a6,a5,computer games should also not be recognized as Olympic events.,"Considering their requirements, some video games are not relevant as sports,",claim,objection,0.6245
make_video_games_olympic,a1,a2,Video games ought to be included in the ranks of Olympic events.,It would be fair to make them into an Olympic event.,claim,claim,0.6212
make_video_games_olympic,a5,a1,"Since however skat, chess etc. are not accepted as Olympic events,",Video games ought to be included in the ranks of Olympic events.,premise,claim,0.6177
make_video_games_olympic,a5,a5,"Considering their requirements, some video games are not relevant as sports,","Plus the hurdle to make video games Olympic events is minimal,",objection,premise,0.6089
make_video_games_olympic,a1,a2,Olympic events are rooted in old traditions.,It would be fair to make them into an Olympic event.,premise,claim,0.6084
over_the_counter_morning_after_pill,a1,a2,The morning-after pill ought to be available over-the-counter in pharmacies.,I argue categorically in favour of over-the-counter availability of the morning-after pill in pharmacies.,claim,claim,0.885
over_the_counter_morning_after_pill,a1,a1,The morning-after pill ought to be available over-the-counter in pharmacies.,No one should have the possibility to pick up the morning-after pill over the counter at the pharmacy.,claim,claim,0.8384
over_the_counter_morning_after_pill,a3,a1,"Since the impact of the morning-after pill is so massive, particularly due to its abortive effect,",The morning-after pill has a number of side effects.,premise,premise,0.8059
over_the_counter_morning_after_pill,a2,a1,I argue categorically in favour of over-the-counter availability of the morning-after pill in pharmacies.,No one should have the possibility to pick up the morning-after pill over the counter at the pharmacy.,claim,claim,0.7964
over_the_counter_morning_after_pill,a5,a4,"Easy access to the morning-after pill could also result in its appearing to be an easier method than other forms of contraception that, however, have fewer health effects.",Furthermore there's the risk that women could use the over-the-counter morning-after pill as a substitute for contraception.,premise,premise,0.7756
over_the_counter_morning_after_pill,a2,a4,I argue categorically in favour of over-the-counter availability of the morning-after pill in pharmacies.,Furthermore there's the risk that women could use the over-the-counter morning-after pill as a substitute for contraception.,claim,premise,0.7698
over_the_counter_morning_after_pill,a1,a5,The morning-after pill ought to be available over-the-counter in pharmacies.,The morning-after pill should only be prescribed after counselling by a physician or pharmacist.,claim,claim,0.7552
over_the_counter_morning_after_pill,a3,a4,"Since the impact of the morning-after pill is so massive, particularly due to its abortive effect,",Furthermore there's the risk that women could use the over-the-counter morning-after pill as a substitute for contraception.,premise,premise,0.7454
over_the_counter_morning_after_pill,a1,a4,The morning-after pill ought to be available over-the-counter in pharmacies.,Furthermore there's the risk that women could use the over-the-counter morning-after pill as a substitute for contraception.,claim,premise,0.7376
over_the_counter_morning_after_pill,a3,a5,"Since the impact of the morning-after pill is so massive, particularly due to its abortive effect,","Easy access to the morning-after pill could also result in its appearing to be an easier method than other forms of contraception that, however, have fewer health effects.",premise,premise,0.7234
over_the_counter_morning_after_pill,a5,a3,The morning-after pill should only be prescribed after counselling by a physician or pharmacist.,From a medical perspective the morning-after pill works best when taken as soon as possible after intercourse.,claim,premise,0.7124
over_the_counter_morning_after_pill,a1,a1,The morning-after pill ought to be available over-the-counter in pharmacies.,The morning-after pill has a number of side effects.,claim,premise,0.711
over_the_counter_morning_after_pill,a5,a2,"Easy access to the morning-after pill could also result in its appearing to be an easier method than other forms of contraception that, however, have fewer health effects.",I argue categorically in favour of over-the-counter availability of the morning-after pill in pharmacies.,premise,claim,0.7088
over_the_counter_morning_after_pill,a3,a2,"Since the impact of the morning-after pill is so massive, particularly due to its abortive effect,",I argue categorically in favour of over-the-counter availability of the morning-after pill in pharmacies.,premise,claim,0.707
over_the_counter_morning_after_pill,a1,a4,The morning-after pill has a number of side effects.,Furthermore there's the risk that women could use the over-the-counter morning-after pill as a substitute for contraception.,premise,premise,0.7041
over_the_counter_morning_after_pill,a5,a1,"Easy access to the morning-after pill could also result in its appearing to be an easier method than other forms of contraception that, however, have fewer health effects.",The morning-after pill has a number of side effects.,premise,premise,0.7031
over_the_counter_morning_after_pill,a5,a1,The morning-after pill should only be prescribed after counselling by a physician or pharmacist.,No one should have the possibility to pick up the morning-after pill over the counter at the pharmacy.,claim,claim,0.7031
over_the_counter_morning_after_pill,a1,a4,No one should have the possibility to pick up the morning-after pill over the counter at the pharmacy.,Furthermore there's the risk that women could use the over-the-counter morning-after pill as a substitute for contraception.,claim,premise,0.7004
over_the_counter_morning_after_pill,a5,a2,The morning-after pill should only be prescribed after counselling by a physician or pharmacist.,I argue categorically in favour of over-the-counter availability of the morning-after pill in pharmacies.,claim,claim,0.7003
over_the_counter_morning_after_pill,a5,a3,"Easy access to the morning-after pill could also result in its appearing to be an easier method than other forms of contraception that, however, have fewer health effects.",From a medical perspective the morning-after pill works best when taken as soon as possible after intercourse.,premise,premise,0.6989
over_the_counter_morning_after_pill,a1,a2,The morning-after pill has a number of side effects.,I argue categorically in favour of over-the-counter availability of the morning-after pill in pharmacies.,premise,claim,0.6854
over_the_counter_morning_after_pill,a1,a3,The morning-after pill ought to be available over-the-counter in pharmacies.,From a medical perspective the morning-after pill works best when taken as soon as possible after intercourse.,claim,premise,0.6835
over_the_counter_morning_after_pill,a1,a3,Of course it would be nice and simple if after a fun night out with a party acquaintance you could simply take the 'morning-after pill' and feel at ease.,From a medical perspective the morning-after pill works best when taken as soon as possible after intercourse.,objection,premise,0.6808
over_the_counter_morning_after_pill,a2,a3,I argue categorically in favour of over-the-counter availability of the morning-after pill in pharmacies.,From a medical perspective the morning-after pill works best when taken as soon as possible after intercourse.,claim,premise,0.6724
over_the_counter_morning_after_pill,a1,a3,The morning-after pill ought to be available over-the-counter in pharmacies.,"Since the impact of the morning-after pill is so massive, particularly due to its abortive effect,",claim,premise,0.6674
over_the_counter_morning_after_pill,a5,a2,That's why a visit to the doctor and professional advice should remain mandatory.,But without a prescription requirement there's also no medical advice given before intake.,claim,objection,0.6619
over_the_counter_morning_after_pill,a5,a1,"Easy access to the morning-after pill could also result in its appearing to be an easier method than other forms of contraception that, however, have fewer health effects.",No one should have the possibility to pick up the morning-after pill over the counter at the pharmacy.,premise,claim,0.6574
over_the_counter_morning_after_pill,a1,a5,The morning-after pill ought to be available over-the-counter in pharmacies.,"Easy access to the morning-after pill could also result in its appearing to be an easier method than other forms of contraception that, however, have fewer health effects.",claim,premise,0.6569
over_the_counter_morning_after_pill,a1,a5,Of course it would be nice and simple if after a fun night out with a party acquaintance you could simply take the 'morning-after pill' and feel at ease.,"Easy access to the morning-after pill could also result in its appearing to be an easier method than other forms of contraception that, however, have fewer health effects.",objection,premise,0.6521
over_the_counter_morning_after_pill,a1,a3,The morning-after pill has a number of side effects.,From a medical perspective the morning-after pill works best when taken as soon as possible after intercourse.,premise,premise,0.6494
over_the_counter_morning_after_pill,a1,a1,Of course it would be nice and simple if after a fun night out with a party acquaintance you could simply take the 'morning-after pill' and feel at ease.,The morning-after pill ought to be available over-the-counter in pharmacies.,objection,claim,0.647
over_the_counter_morning_after_pill,a1,a5,The morning-after pill has a number of side effects.,The morning-after pill should only be prescribed after counselling by a physician or pharmacist.,premise,claim,0.6417
over_the_counter_morning_after_pill,a3,a6,"Since the impact of the morning-after pill is so massive, particularly due to its abortive effect,",For instance the morning-after pill could result in a decrease in the use of condoms and thus lead to an increase in new infections with Aids.,premise,claim,0.6377
over_the_counter_morning_after_pill,a1,a2,Of course it would be nice and simple if after a fun night out with a party acquaintance you could simply take the 'morning-after pill' and feel at ease.,I argue categorically in favour of over-the-counter availability of the morning-after pill in pharmacies.,objection,claim,0.6376
over_the_counter_morning_after_pill,a3,a3,"Since the impact of the morning-after pill is so massive, particularly due to its abortive effect,",From a medical perspective the morning-after pill works best when taken as soon as possible after intercourse.,premise,premise,0.6372
over_the_counter_morning_after_pill,a1,a1,The morning-after pill has a number of side effects.,No one should have the possibility to pick up the morning-after pill over the counter at the pharmacy.,premise,claim,0.6361
over_the_counter_morning_after_pill,a1,a1,Of course it would be nice and simple if after a fun night out with a party acquaintance you could simply take the 'morning-after pill' and feel at ease.,No one should have the possibility to pick up the morning-after pill over the counter at the pharmacy.,objection,claim,0.6316
over_the_counter_morning_after_pill,a1,a1,Of course it would be nice and simple if after a fun night out with a party acquaintance you could simply take the 'morning-after pill' and feel at ease.,The morning-after pill has a number of side effects.,objection,premise,0.6149
over_the_counter_morning_after_pill,a3,a1,"Since the impact of the morning-after pill is so massive, particularly due to its abortive effect,",No one should have the possibility to pick up the morning-after pill over the counter at the pharmacy.,premise,claim,0.6141
over_the_counter_morning_after_pill,a2,a4,Even with state-of-the-art contraceptives there can be mistakes and problems,Furthermore there's the risk that women could use the over-the-counter morning-after pill as a substitute for contraception.,premise,premise,0.6118
over_the_counter_morning_after_pill,a1,a5,Of course it would be nice and simple if after a fun night out with a party acquaintance you could simply take the 'morning-after pill' and feel at ease.,The morning-after pill should only be prescribed after counselling by a physician or pharmacist.,objection,claim,0.6087
partial_housing_development_at_Tempelhofer_Feld,a2,a6,"so that using Tempelhofer Feld, which offers a lot of open space and is currently hardly developed, as living space is a sensible idea.","If however one could find a compromise between green space and housing, then Tempelhofer Feld should definitely be made available for residential construction.",premise,claim,0.7552
partial_housing_development_at_Tempelhofer_Feld,a1,a6,"I find the peripheral housing development at Tempelhofer Feld right for urban planning reasons,","If however one could find a compromise between green space and housing, then Tempelhofer Feld should definitely be made available for residential construction.",claim,claim,0.7011
public_broadcasting_fees_on_demand,a1,a1,"Actually only those people should pay a TV & radio licence fee who really watch ARD, ZDF, Arte etc.",Not everyone should be obliged to pay the TV & radio licence.,claim,claim,0.7611
public_broadcasting_fees_on_demand,a1,a1,The TV/radio licence fee can only be required of all citizens/households equally.,Not everyone should be obliged to pay the TV & radio licence.,claim,claim,0.7585
public_broadcasting_fees_on_demand,a1,a1,The TV/radio licence fee can only be required of all citizens/households equally.,The TV license fee should only be collected from those who actually make use of the programming of the public broadcasters.,claim,claim,0.7247
public_broadcasting_fees_on_demand,a5,a4,"Just as with other choices in culture or infrastructure, public broadcasters are also to be financed, regardless of whether individuals make use of their programming or not.",so there's no advantage for the current paying viewers of the public broadcasters.,premise,premise,0.6828
public_broadcasting_fees_on_demand,a1,a4,"Of course there are a number of programmes in public broadcasting that are not worth the licencing fee,",so there's no advantage for the current paying viewers of the public broadcasters.,objection,premise,0.6798
public_broadcasting_fees_on_demand,a1,a5,"Of course there are a number of programmes in public broadcasting that are not worth the licencing fee,","Just as with other choices in culture or infrastructure, public broadcasters are also to be financed, regardless of whether individuals make use of their programming or not.",objection,premise,0.6649
public_broadcasting_fees_on_demand,a5,a1,"Just as with other choices in culture or infrastructure, public broadcasters are also to be financed, regardless of whether individuals make use of their programming or not.",The TV license fee should only be collected from those who actually make use of the programming of the public broadcasters.,premise,claim,0.6624
public_broadcasting_fees_on_demand,a1,a4,"Of course there are a number of programmes in public broadcasting that are not worth the licencing fee,",Only in public TV programmes can viewers get information that is not profit-oriented.,objection,premise,0.645
public_broadcasting_fees_on_demand,a1,a1,"Actually only those people should pay a TV & radio licence fee who really watch ARD, ZDF, Arte etc.",The TV/radio licence fee can only be required of all citizens/households equally.,claim,claim,0.6423
public_broadcasting_fees_on_demand,a3,a5,"Nevertheless, everybody should contribute to the funding of the public broadcasters in equal measure,","Just as with other choices in culture or infrastructure, public broadcasters are also to be financed, regardless of whether individuals make use of their programming or not.",claim,premise,0.6407
public_broadcasting_fees_on_demand,a2,a4,Particularly the younger generations are no longer dependent on the programming of public broadcasters.,so there's no advantage for the current paying viewers of the public broadcasters.,premise,premise,0.6391
public_broadcasting_fees_on_demand,a5,a1,"Just as with other choices in culture or infrastructure, public broadcasters are also to be financed, regardless of whether individuals make use of their programming or not.","Considering what's on television these days, it would be appropriate to only have those people pay who actually (want to) follow the programming.",premise,claim,0.6361
public_broadcasting_fees_on_demand,a1,a1,Not everyone should be obliged to pay the TV & radio licence.,The TV license fee should only be collected from those who actually make use of the programming of the public broadcasters.,claim,claim,0.6281
public_broadcasting_fees_on_demand,a1,a5,Not everyone should be obliged to pay the TV & radio licence.,The TV & radio licence enables economically independent journalism.,claim,objection,0.6256
public_broadcasting_fees_on_demand,a1,a1,"Of course there are a number of programmes in public broadcasting that are not worth the licencing fee,","Actually only those people should pay a TV & radio licence fee who really watch ARD, ZDF, Arte etc.",objection,claim,0.6224
public_broadcasting_fees_on_demand,a4,a4,so there's no advantage for the current paying viewers of the public broadcasters.,Only in public TV programmes can viewers get information that is not profit-oriented.,premise,premise,0.6215
public_broadcasting_fees_on_demand,a1,a1,"Of course there are a number of programmes in public broadcasting that are not worth the licencing fee,",The TV license fee should only be collected from those who actually make use of the programming of the public broadcasters.,objection,claim,0.6186
public_broadcasting_fees_on_demand,a1,a6,"Of course there are a number of programmes in public broadcasting that are not worth the licencing fee,","That shouldn't be an issue though, given the sheer number of programmes and stations that essentially show the same things anyway.",objection,objection,0.6183
public_broadcasting_fees_on_demand,a1,a1,"Considering what's on television these days, it would be appropriate to only have those people pay who actually (want to) follow the programming.",The TV license fee should only be collected from those who actually make use of the programming of the public broadcasters.,claim,claim,0.6149
public_broadcasting_fees_on_demand,a3,a3,"Curiously, however, there are still adverts and product placements on the public channels.","By now you have advertising on all channels,",premise,premise,0.6144
public_broadcasting_fees_on_demand,a2,a4,Critics point out that they are not using what's on offer by public broadcasting.,so there's no advantage for the current paying viewers of the public broadcasters.,objection,premise,0.6063
public_broadcasting_fees_on_demand,a1,a1,"Of course there are a number of programmes in public broadcasting that are not worth the licencing fee,",The TV/radio licence fee can only be required of all citizens/households equally.,objection,claim,0.6027
school_uniforms,a1,a1,School uniforms should not be worn in our schools.,School uniforms should be introduced in our schools again.,claim,claim,0.7824
school_uniforms,a3,a1,"Indeed, however, it's already the case today that students of apparently 'uniform-free' schools are essentially wearing a uniform consisting of certain brand-name garments.",School uniforms should be introduced in our schools again.,objection,claim,0.6972
school_uniforms,a1,a3,"Some may find the idea of a school uniform anachronistic,","Indeed, however, it's already the case today that students of apparently 'uniform-free' schools are essentially wearing a uniform consisting of certain brand-name garments.",objection,objection,0.6713
school_uniforms,a4,a5,Plus such uniforms also stand for ideological conformity and for the suppression of individual self-development.,Uniforms always and immediately provoke fear of losing one's individuality,premise,objection,0.6528
school_uniforms,a1,a1,"Some may find the idea of a school uniform anachronistic,",School uniforms should be introduced in our schools again.,objection,claim,0.6396
school_uniforms,a3,a1,"Indeed, however, it's already the case today that students of apparently 'uniform-free' schools are essentially wearing a uniform consisting of certain brand-name garments.",School uniforms should not be worn in our schools.,objection,claim,0.623
stricter_regulation_of_intelligence_services,a1,a1,Intelligence services must urgently be regulated more tightly by parliament;,"Intelligence services should be more closely regulated by parliament,",claim,claim,0.9188
stricter_regulation_of_intelligence_services,a5,a1,That's why intelligence services must be regulated in the framework of parliamentary oversight committees.,"Intelligence services should be more closely regulated by parliament,",claim,claim,0.8083
stricter_regulation_of_intelligence_services,a5,a5,Parliamentary control however hampers the work of intelligence services,That's why intelligence services must be regulated in the framework of parliamentary oversight committees.,objection,claim,0.7856
stricter_regulation_of_intelligence_services,a1,a5,Intelligence services must urgently be regulated more tightly by parliament;,That's why intelligence services must be regulated in the framework of parliamentary oversight committees.,claim,claim,0.7853
stricter_regulation_of_intelligence_services,a5,a1,Parliamentary control however hampers the work of intelligence services,"Intelligence services should be more closely regulated by parliament,",objection,claim,0.7678
stricter_regulation_of_intelligence_services,a1,a5,Intelligence services must urgently be regulated more tightly by parliament;,Parliamentary control however hampers the work of intelligence services,claim,objection,0.7533
stricter_regulation_of_intelligence_services,a3,a1,"Besides, intelligence services intervene massively in the privacy of citizens",Intelligence services apparently enjoy indiscriminate liberties.,premise,premise,0.7277
stricter_regulation_of_intelligence_services,a3,a3,"Granted, those concern primarily the British and American intelligence services,","Besides, intelligence services intervene massively in the privacy of citizens",objection,premise,0.6631
stricter_regulation_of_intelligence_services,a1,a4,Secret services must be more tightly regulated in order to prevent excessive surveillance.,"The unregulated work of the secret services, however, carries the danger of misuse of their authority.",claim,objection,0.6559
stricter_regulation_of_intelligence_services,a3,a3,"Besides, intelligence services intervene massively in the privacy of citizens",Of course a certain level of secrecy is the basis for the work of intelligence services.,premise,objection,0.6316
stricter_regulation_of_intelligence_services,a2,a4,"After all, secret services tend to develop a life of their own (a state within a state), which would be irresponsible for democratic states.","The unregulated work of the secret services, however, carries the danger of misuse of their authority.",premise,objection,0.6266
stricter_regulation_of_intelligence_services,a3,a5,Of course a certain level of secrecy is the basis for the work of intelligence services.,That's why intelligence services must be regulated in the framework of parliamentary oversight committees.,objection,claim,0.6235
stricter_regulation_of_intelligence_services,a3,a5,"Besides, intelligence services intervene massively in the privacy of citizens",That's why intelligence services must be regulated in the framework of parliamentary oversight committees.,premise,claim,0.6204
stricter_regulation_of_intelligence_services,a3,a1,"Granted, those concern primarily the British and American intelligence services,",Intelligence services apparently enjoy indiscriminate liberties.,objection,premise,0.6145
stricter_regulation_of_intelligence_services,a3,a3,"Granted, those concern primarily the British and American intelligence services,",Of course a certain level of secrecy is the basis for the work of intelligence services.,objection,objection,0.6077
